expert_1,What is your full name?,Q Race.1 ,Q Race.2 - social_science,Q Race.2 - natural_science,Q Race.2 - engineering_and_technology,Q Race.2 - num_authors,Q Race.2 - female,Q Race.2 - asian,"Q Race.2
Please drag and rank your selected features from most to least important for the racial inequality task. Even if the default order matches your intended ranking, please still perform a drag action (i.e., move one feature and then return it to its original position) to proceed.


Here, “important” refers to features that you believe are most strongly associated with whether a paper discusses racial inequality, either positively or negatively associated. - black","Q Race.2
Please drag and rank your selected features from most to least important for the racial inequality task. Even if the default order matches your intended ranking, please still perform a drag action (i.e., move one feature and then return it to its original position) to proceed.


Here, “important” refers to features that you believe are most strongly associated with whether a paper discusses racial inequality, either positively or negatively associated. - hispanic_and_other","Q Race.2
Please drag and rank your selected features from most to least important for the racial inequality task. Even if the default order matches your intended ranking, please still perform a drag action (i.e., move one feature and then return it to its original position) to proceed.


Here, “important” refers to features that you believe are most strongly associated with whether a paper discusses racial inequality, either positively or negatively associated. - white","Q Race.2
Please drag and rank your selected features from most to least important for the racial inequality task. Even if the default order matches your intended ranking, please still perform a drag action (i.e., move one feature and then return it to its original position) to proceed.


Here, “important” refers to features that you believe are most strongly associated with whether a paper discusses racial inequality, either positively or negatively associated. - authors_race_diversity_score","Q Race.2
Please drag and rank your selected features from most to least important for the racial inequality task. Even if the default order matches your intended ranking, please still perform a drag action (i.e., move one feature and then return it to its original position) to proceed.


Here, “important” refers to features that you believe are most strongly associated with whether a paper discusses racial inequality, either positively or negatively associated. - country_race_diversity_score","Q Race.2
Please drag and rank your selected features from most to least important for the racial inequality task. Even if the default order matches your intended ranking, please still perform a drag action (i.e., move one feature and then return it to its original position) to proceed.


Here, “important” refers to features that you believe are most strongly associated with whether a paper discusses racial inequality, either positively or negatively associated. - news_inequality_mentions_3_years","Q Race.2
Please drag and rank your selected features from most to least important for the racial inequality task. Even if the default order matches your intended ranking, please still perform a drag action (i.e., move one feature and then return it to its original position) to proceed.


Here, “important” refers to features that you believe are most strongly associated with whether a paper discusses racial inequality, either positively or negatively associated. - paper_inequality_mentions_3_years","Q Race.3 

Please indicate the sign of the effect of each chosen feature.






Positive sign (+)

A positive sign (+) means that you believe higher values of this feature are associated with a higher probability that a paper discusses racial inequality.

Negative sign (–)

A negative sign (−) means that you believe higher values of this feature are associated with a lower probability that a paper discusses racial inequality. - social_science","Q Race.3 

Please indicate the sign of the effect of each chosen feature.






Positive sign (+)

A positive sign (+) means that you believe higher values of this feature are associated with a higher probability that a paper discusses racial inequality.

Negative sign (–)

A negative sign (−) means that you believe higher values of this feature are associated with a lower probability that a paper discusses racial inequality. - natural_science","Q Race.3 

Please indicate the sign of the effect of each chosen feature.






Positive sign (+)

A positive sign (+) means that you believe higher values of this feature are associated with a higher probability that a paper discusses racial inequality.

Negative sign (–)

A negative sign (−) means that you believe higher values of this feature are associated with a lower probability that a paper discusses racial inequality. - engineering_and_technology","Q Race.3 

Please indicate the sign of the effect of each chosen feature.






Positive sign (+)

A positive sign (+) means that you believe higher values of this feature are associated with a higher probability that a paper discusses racial inequality.

Negative sign (–)

A negative sign (−) means that you believe higher values of this feature are associated with a lower probability that a paper discusses racial inequality. - num_authors","Q Race.3 

Please indicate the sign of the effect of each chosen feature.






Positive sign (+)

A positive sign (+) means that you believe higher values of this feature are associated with a higher probability that a paper discusses racial inequality.

Negative sign (–)

A negative sign (−) means that you believe higher values of this feature are associated with a lower probability that a paper discusses racial inequality. - female","Q Race.3 

Please indicate the sign of the effect of each chosen feature.






Positive sign (+)

A positive sign (+) means that you believe higher values of this feature are associated with a higher probability that a paper discusses racial inequality.

Negative sign (–)

A negative sign (−) means that you believe higher values of this feature are associated with a lower probability that a paper discusses racial inequality. - asian","Q Race.3 

Please indicate the sign of the effect of each chosen feature.






Positive sign (+)

A positive sign (+) means that you believe higher values of this feature are associated with a higher probability that a paper discusses racial inequality.

Negative sign (–)

A negative sign (−) means that you believe higher values of this feature are associated with a lower probability that a paper discusses racial inequality. - black","Q Race.3 

Please indicate the sign of the effect of each chosen feature.






Positive sign (+)

A positive sign (+) means that you believe higher values of this feature are associated with a higher probability that a paper discusses racial inequality.

Negative sign (–)

A negative sign (−) means that you believe higher values of this feature are associated with a lower probability that a paper discusses racial inequality. - hispanic_and_other","Q Race.3 

Please indicate the sign of the effect of each chosen feature.






Positive sign (+)

A positive sign (+) means that you believe higher values of this feature are associated with a higher probability that a paper discusses racial inequality.

Negative sign (–)

A negative sign (−) means that you believe higher values of this feature are associated with a lower probability that a paper discusses racial inequality. - white","Q Race.3 

Please indicate the sign of the effect of each chosen feature.






Positive sign (+)

A positive sign (+) means that you believe higher values of this feature are associated with a higher probability that a paper discusses racial inequality.

Negative sign (–)

A negative sign (−) means that you believe higher values of this feature are associated with a lower probability that a paper discusses racial inequality. - authors_race_diversity_score","Q Race.3 

Please indicate the sign of the effect of each chosen feature.






Positive sign (+)

A positive sign (+) means that you believe higher values of this feature are associated with a higher probability that a paper discusses racial inequality.

Negative sign (–)

A negative sign (−) means that you believe higher values of this feature are associated with a lower probability that a paper discusses racial inequality. - country_race_diversity_score","Q Race.3 

Please indicate the sign of the effect of each chosen feature.






Positive sign (+)

A positive sign (+) means that you believe higher values of this feature are associated with a higher probability that a paper discusses racial inequality.

Negative sign (–)

A negative sign (−) means that you believe higher values of this feature are associated with a lower probability that a paper discusses racial inequality. - news_inequality_mentions_3_years","Q Race.3 

Please indicate the sign of the effect of each chosen feature.






Positive sign (+)

A positive sign (+) means that you believe higher values of this feature are associated with a higher probability that a paper discusses racial inequality.

Negative sign (–)

A negative sign (−) means that you believe higher values of this feature are associated with a lower probability that a paper discusses racial inequality. - paper_inequality_mentions_3_years","Q Race.4

Please provide a brief theoretical explanation about why these features are most important, their rank, and the signs you indicated. Explain the assumptions or reasoning behind your beliefs. Your answers should be a narrative paragraph in English.","Q Race.5





Please provide a diagram with arrows, expressed in text form, to represent your theory, where an arrow indicates a causal relationship between two variables.


	You may use the arrow symbol “→” to represent the causal direction (you can copy the symbol “→” directly). 
	Please also indicate the sign of the causal effect between the two variables connected by each arrow (e.g., ""+"" for a positive effect and ""–"" for a negative effect).

See below example.

Click Here to View the Example Input▶ 





For example, suppose you model the effects of price promotion intensity (X1), perceived brand quality (X2), and brand advertising (X3) on sales revenue (Y) using the diagram shown above. You should express all the distinct paths as follows:



Price Promotion Intensity (X1) → (+) Purchase Urgency (mediator) → (+) Sales Revenue (Y)



Price Promotion Intensity (X1) → (–) Perceived Brand Quality (X2) → (+) Sales Revenue (Y)



Brand Advertising (X3) → (+) Brand Awareness / Trust (mediator) → (+) Sales Revenue (Y)","Q Race.6

Choose the second-order interaction that you believe is the most important for predicting whether a paper discusses racial inequality or not, by selecting two features.



Here, “important” refers to interactions that you believe are most strongly associated with whether a paper discusses racial inequality, either positively or negatively associated.","Q Race.7

Choose the second-order interaction that you believe is the second most important for predicting whether a paper discusses racial inequality or not, by selecting two features.



Here, “important” refers to interactions that you believe are most strongly associated with whether a paper discusses racial inequality, either positively or negatively associated.","Q Race.8

Choose the second-order interaction that you believe is the third most important for predicting whether a paper discusses racial inequality or not, by selecting two features.



Here, “important” refers to interactions that you believe are most strongly associated with whether a paper discusses racial inequality, either positively or negatively associated.","Q Race.9

Now please indicate the signs of the interactions you've chosen. 


Positive sign (+)

The effect of one predictor on Y (whether a paper discusses racial inequality) increases as the other predictor increases — meaning they reinforce each other's influence on Y.

Negative sign (–)

The effect of one predictor on Y (whether a paper discusses racial inequality) decreases as the other predictor increases — meaning they weaken each other's influence on Y. - [QID170-ChoiceGroup-SelectedChoices]","Q Race.9

Now please indicate the signs of the interactions you've chosen. 


Positive sign (+)

The effect of one predictor on Y (whether a paper discusses racial inequality) increases as the other predictor increases — meaning they reinforce each other's influence on Y.

Negative sign (–)

The effect of one predictor on Y (whether a paper discusses racial inequality) decreases as the other predictor increases — meaning they weaken each other's influence on Y. - [QID171-ChoiceGroup-SelectedChoices]","Q Race.9

Now please indicate the signs of the interactions you've chosen. 


Positive sign (+)

The effect of one predictor on Y (whether a paper discusses racial inequality) increases as the other predictor increases — meaning they reinforce each other's influence on Y.

Negative sign (–)

The effect of one predictor on Y (whether a paper discusses racial inequality) decreases as the other predictor increases — meaning they weaken each other's influence on Y. - [QID172-ChoiceGroup-SelectedChoices]","Q Race.10

Please provide a brief theoretical explanation in a narrative paragraph for your choices. Explain the assumptions or reasoning behind your beliefs about why these interactions are most important and why they take the signs you indicated.","Predicting Mentions of Gender Inequality

Phase 1


Human Forecasting

In this phase, we aim to capture your independent human reasoning, without prior knowledge of the empirical patterns identified by our machine-learning analysis.






In this task, the goal is to predict whether a paper discusses gender inequality.



A paper is classified as discussing gender inequality if its title or abstract contains at least one gender inequality keyword.


	Examples of gender inequality keywords: patriarchy, male dominance, gender identity, gender stereotypes, sexism, gender biases, sex discrimination


 



We have collected 13 features for each paper. You may refer to the tables below or to this feature list, for detailed definitions of each feature.



Disciplinary domains

Cl


	
		
			Feature Name
			Data Type
			Description
		
	
	
		
			social_science
			Binary
			Equals 1 if the paper is published in a journal whose scope lies within social sciences (e.g., sociology, political science, psychology, economics, history, philosophy), and 0 otherwise.
		
		
			natural_science
			Binary
			Equals 1 if the paper is published in a journal whose scope lies within natural sciences (e.g., biology, chemistry, physics, environmental science, medicine), and 0 otherwise.
		
		
			engineering_and_technology
			Binary
			Equals 1 if the paper is published in a journal whose scope lies within engineering and technology (e.g., engineering, computer science, applied mathematics), and 0 otherwise. 
		
	





Author demographics

Cli


	
		
			Feature Name
			Data Type
			Description
		
	
	
		
			num_authors
			Integer                         
			Total number of authors of the paper.
		
		
			female
			Continuous in range (0, 1)
			The estimated share of female authors on the author team. For each co-author, we infer the probability of being female based on their first name and then calculate the average probability across all co-authors.
		
		
			asian
			Continuous in range (0, 1)
			The estimated share of Asian authors on the author team. For each author, we infer their most likely country of birth based on their last name. Using the racial composition of that country, we estimate the probability that the author is Asian. The final score is the average of these estimated “Asian probability” values across all co-authors.
		
		
			black
			Continuous in range (0, 1)
			The estimated share of Black authors on the author team. For each author, we infer their most likely country of birth based on their last name. Using the racial composition of that country, we estimate the probability that the author is Black. The final score is the average of these estimated “Black probability” values across all co-authors.
		
		
			hispanic_and_other 
			Continuous in range (0, 1)      
			The estimated share of Hispanic and other-race (i.e., other than Black, White, and Asian) authors on the author team. For each author, we infer their most likely country of birth based on their last name. Using the racial composition of that country, we estimate the probability that the author is Hispanic or another race (i.e., other than Black, White, and Asian). The final score is the average of these estimated probabilities across all co-authors.
		
		
			white
			Continuous in range (0, 1)
			The estimated share of White authors on the author team. For each author, we infer their most likely country of birth based on their last name. Using the racial composition of that country, we estimate the probability that the author is White. The final score is the average of these estimated “White probability” values across all co-authors.
		
	





Diversity measures

Cli


	
		
			Feature Name
			Data Type
			Description
		
	
	
		
			authors_race_diversity_score
			Continuous
			
			The average racial diversity within the co-author team, measured by Shannon entropy.

			

			For each author, we first infer their most likely country of birth based on their last name. Based on the country’s known racial composition, we assign each author a 4-dimensional race-composition probability vector over the four racial categories (Asian, Black, Hispanic_and_other, White).

			

			To compute the diversity score, we first average these probability vectors across all authors to obtain a team-level racial distribution. We then apply Shannon entropy to this averaged distribution.

			
				Higher values indicate a more balanced mix of racial groups within the author team.
				Lower values suggest dominance by a single racial group within the author team.
			

			See here for the detailed calculation.

			
			
			
		
		
			country_race_diversity_score
			Continuous
			
			The average racial diversity of the authors’ countries of birth, measured by Shannon entropy.

			

			For each author, we first infer their most likely country of birth based on their last name. Based on the country’s known racial composition, we assign each author a 4-dimensional race-composition probability vector over the four racial categories (Asian, Black, Hispanic_and_other, White).

			

			To compute the diversity score, we first calculate Shannon entropy for each author’s probability vector. We then average these entropy values across all authors.

			
				Higher values indicate that, on average, the authors come from countries with racially balanced populations.
				Lower values mean that the authors tend to come from countries dominated by a single racial group.
			
			See here for the detailed calculation.
		
	




For example, a paper with authors whose inferred countries of birth are racially homogeneous (e.g., China, Norway, or Japan) will typically have a low country_race_diversity_score. Yet it can still have a high authors_race_diversity_score if the model assigns different race probability profiles to different authors—for instance, one author’s profile places more weight on Asian, another on Black, and another on White.




Time-lagged measures

Cl


	
		
			Feature Name
			Data Type
			Description
		
		
			news_inequality_mentions_3_years
			Continuous
			The average percentage of news articles mentioning inequality across all forms—including gender, racial, economic, and general inequality—over the three years preceding the paper’s publication year. 
		
		
			paper_inequality_mentions_3_years
			Continuous
			The average percentage of academic papers mentioning inequality across all forms—including gender, racial, economic, and general inequality—over the three years preceding the paper’s publication year.
		
	









Q Gender.1 

Select the top five features that you believe are most important for this gender inequality prediction task. 



Here, “important” refers to features that you believe are most strongly associated with whether a paper discusses gender inequality, either positively or negatively associated.","Q Gender.2
Please drag and rank your selected features from most to least important for the gender inequality prediction task. Even if the default order matches your intended ranking, please still perform a drag action (i.e., move one feature and then return it to its original position) to proceed.


Here, “important” refers to features that you believe are most strongly associated with whether a paper discusses gender inequality, either positively or negatively associated. - social_science","Q Gender.2
Please drag and rank your selected features from most to least important for the gender inequality prediction task. Even if the default order matches your intended ranking, please still perform a drag action (i.e., move one feature and then return it to its original position) to proceed.


Here, “important” refers to features that you believe are most strongly associated with whether a paper discusses gender inequality, either positively or negatively associated. - natural_science","Q Gender.2
Please drag and rank your selected features from most to least important for the gender inequality prediction task. Even if the default order matches your intended ranking, please still perform a drag action (i.e., move one feature and then return it to its original position) to proceed.


Here, “important” refers to features that you believe are most strongly associated with whether a paper discusses gender inequality, either positively or negatively associated. - engineering_and_technology","Q Gender.2
Please drag and rank your selected features from most to least important for the gender inequality prediction task. Even if the default order matches your intended ranking, please still perform a drag action (i.e., move one feature and then return it to its original position) to proceed.


Here, “important” refers to features that you believe are most strongly associated with whether a paper discusses gender inequality, either positively or negatively associated. - num_authors","Q Gender.2
Please drag and rank your selected features from most to least important for the gender inequality prediction task. Even if the default order matches your intended ranking, please still perform a drag action (i.e., move one feature and then return it to its original position) to proceed.


Here, “important” refers to features that you believe are most strongly associated with whether a paper discusses gender inequality, either positively or negatively associated. - female","Q Gender.2
Please drag and rank your selected features from most to least important for the gender inequality prediction task. Even if the default order matches your intended ranking, please still perform a drag action (i.e., move one feature and then return it to its original position) to proceed.


Here, “important” refers to features that you believe are most strongly associated with whether a paper discusses gender inequality, either positively or negatively associated. - asian","Q Gender.2
Please drag and rank your selected features from most to least important for the gender inequality prediction task. Even if the default order matches your intended ranking, please still perform a drag action (i.e., move one feature and then return it to its original position) to proceed.


Here, “important” refers to features that you believe are most strongly associated with whether a paper discusses gender inequality, either positively or negatively associated. - black","Q Gender.2
Please drag and rank your selected features from most to least important for the gender inequality prediction task. Even if the default order matches your intended ranking, please still perform a drag action (i.e., move one feature and then return it to its original position) to proceed.


Here, “important” refers to features that you believe are most strongly associated with whether a paper discusses gender inequality, either positively or negatively associated. - hispanic_and_other","Q Gender.2
Please drag and rank your selected features from most to least important for the gender inequality prediction task. Even if the default order matches your intended ranking, please still perform a drag action (i.e., move one feature and then return it to its original position) to proceed.


Here, “important” refers to features that you believe are most strongly associated with whether a paper discusses gender inequality, either positively or negatively associated. - white","Q Gender.2
Please drag and rank your selected features from most to least important for the gender inequality prediction task. Even if the default order matches your intended ranking, please still perform a drag action (i.e., move one feature and then return it to its original position) to proceed.


Here, “important” refers to features that you believe are most strongly associated with whether a paper discusses gender inequality, either positively or negatively associated. - authors_race_diversity_score","Q Gender.2
Please drag and rank your selected features from most to least important for the gender inequality prediction task. Even if the default order matches your intended ranking, please still perform a drag action (i.e., move one feature and then return it to its original position) to proceed.


Here, “important” refers to features that you believe are most strongly associated with whether a paper discusses gender inequality, either positively or negatively associated. - country_race_diversity_score","Q Gender.2
Please drag and rank your selected features from most to least important for the gender inequality prediction task. Even if the default order matches your intended ranking, please still perform a drag action (i.e., move one feature and then return it to its original position) to proceed.


Here, “important” refers to features that you believe are most strongly associated with whether a paper discusses gender inequality, either positively or negatively associated. - news_inequality_mentions_3_years","Q Gender.2
Please drag and rank your selected features from most to least important for the gender inequality prediction task. Even if the default order matches your intended ranking, please still perform a drag action (i.e., move one feature and then return it to its original position) to proceed.


Here, “important” refers to features that you believe are most strongly associated with whether a paper discusses gender inequality, either positively or negatively associated. - paper_inequality_mentions_3_years","Q Gender.3 

Please indicate the sign of the effect of each chosen feature.








Positive sign (+)

A positive sign (+) means that you believe higher values of this feature are associated with a higher probability that a paper discusses gender inequality.

Negative sign (–)

A negative sign (−) means that you believe higher values of this feature are associated with a lower probability that a paper discusses gender inequality. - social_science","Q Gender.3 

Please indicate the sign of the effect of each chosen feature.








Positive sign (+)

A positive sign (+) means that you believe higher values of this feature are associated with a higher probability that a paper discusses gender inequality.

Negative sign (–)

A negative sign (−) means that you believe higher values of this feature are associated with a lower probability that a paper discusses gender inequality. - natural_science","Q Gender.3 

Please indicate the sign of the effect of each chosen feature.








Positive sign (+)

A positive sign (+) means that you believe higher values of this feature are associated with a higher probability that a paper discusses gender inequality.

Negative sign (–)

A negative sign (−) means that you believe higher values of this feature are associated with a lower probability that a paper discusses gender inequality. - engineering_and_technology","Q Gender.3 

Please indicate the sign of the effect of each chosen feature.








Positive sign (+)

A positive sign (+) means that you believe higher values of this feature are associated with a higher probability that a paper discusses gender inequality.

Negative sign (–)

A negative sign (−) means that you believe higher values of this feature are associated with a lower probability that a paper discusses gender inequality. - num_authors","Q Gender.3 

Please indicate the sign of the effect of each chosen feature.








Positive sign (+)

A positive sign (+) means that you believe higher values of this feature are associated with a higher probability that a paper discusses gender inequality.

Negative sign (–)

A negative sign (−) means that you believe higher values of this feature are associated with a lower probability that a paper discusses gender inequality. - female","Q Gender.3 

Please indicate the sign of the effect of each chosen feature.








Positive sign (+)

A positive sign (+) means that you believe higher values of this feature are associated with a higher probability that a paper discusses gender inequality.

Negative sign (–)

A negative sign (−) means that you believe higher values of this feature are associated with a lower probability that a paper discusses gender inequality. - asian","Q Gender.3 

Please indicate the sign of the effect of each chosen feature.








Positive sign (+)

A positive sign (+) means that you believe higher values of this feature are associated with a higher probability that a paper discusses gender inequality.

Negative sign (–)

A negative sign (−) means that you believe higher values of this feature are associated with a lower probability that a paper discusses gender inequality. - black","Q Gender.3 

Please indicate the sign of the effect of each chosen feature.








Positive sign (+)

A positive sign (+) means that you believe higher values of this feature are associated with a higher probability that a paper discusses gender inequality.

Negative sign (–)

A negative sign (−) means that you believe higher values of this feature are associated with a lower probability that a paper discusses gender inequality. - hispanic_and_other","Q Gender.3 

Please indicate the sign of the effect of each chosen feature.








Positive sign (+)

A positive sign (+) means that you believe higher values of this feature are associated with a higher probability that a paper discusses gender inequality.

Negative sign (–)

A negative sign (−) means that you believe higher values of this feature are associated with a lower probability that a paper discusses gender inequality. - white","Q Gender.3 

Please indicate the sign of the effect of each chosen feature.








Positive sign (+)

A positive sign (+) means that you believe higher values of this feature are associated with a higher probability that a paper discusses gender inequality.

Negative sign (–)

A negative sign (−) means that you believe higher values of this feature are associated with a lower probability that a paper discusses gender inequality. - authors_race_diversity_score","Q Gender.3 

Please indicate the sign of the effect of each chosen feature.








Positive sign (+)

A positive sign (+) means that you believe higher values of this feature are associated with a higher probability that a paper discusses gender inequality.

Negative sign (–)

A negative sign (−) means that you believe higher values of this feature are associated with a lower probability that a paper discusses gender inequality. - country_race_diversity_score","Q Gender.3 

Please indicate the sign of the effect of each chosen feature.








Positive sign (+)

A positive sign (+) means that you believe higher values of this feature are associated with a higher probability that a paper discusses gender inequality.

Negative sign (–)

A negative sign (−) means that you believe higher values of this feature are associated with a lower probability that a paper discusses gender inequality. - news_inequality_mentions_3_years","Q Gender.3 

Please indicate the sign of the effect of each chosen feature.








Positive sign (+)

A positive sign (+) means that you believe higher values of this feature are associated with a higher probability that a paper discusses gender inequality.

Negative sign (–)

A negative sign (−) means that you believe higher values of this feature are associated with a lower probability that a paper discusses gender inequality. - paper_inequality_mentions_3_years","Q Gender.4

Please provide a brief theoretical explanation about why these features are most important, their rank, and the signs you indicated. Explain the assumptions or reasoning behind your beliefs. Your answers should be a narrative paragraph in English.","Q Gender.5





Please provide a diagram with arrows, expressed in text form, to represent your theory, where an arrow indicates a causal relationship between two variables.


	You may use the arrow symbol “→” to represent the causal direction (you can copy the symbol “→” directly). 
	Please also indicate the sign of the causal effect between the two variables connected by each arrow (e.g., ""+"" for a positive effect and ""–"" for a negative effect).

See below example.

Click Here to View the Example Input▶ 





For example, suppose you model the effects of price promotion intensity (X1), perceived brand quality (X2), and brand advertising (X3) on sales revenue (Y) using the diagram shown above. You should express all the distinct paths as follows:



Price Promotion Intensity (X1) → (+) Purchase Urgency (mediator) → (+) Sales Revenue (Y)



Price Promotion Intensity (X1) → (–) Perceived Brand Quality (X2) → (+) Sales Revenue (Y)



Brand Advertising (X3) → (+) Brand Awareness / Trust (mediator) → (+) Sales Revenue (Y)","Q Gender.6

Choose the second-order interaction that you believe is the most important for predicting whether a paper discusses gender inequality or not, by selecting two features.



Here, “important” refers to interactions that you believe are most strongly associated with whether a paper discusses gender inequality, either positively or negatively associated.","Q Gender.7

Choose the second-order interaction that you believe is the second most important for predicting whether a paper discusses gender inequality or not, by selecting two features.



Here, “important” refers to interactions that you believe are most strongly associated with whether a paper discusses gender inequality, either positively or negatively associated.","Q Gender.8

Choose the second-order interaction that you believe is the third most important for predicting whether a paper discusses gender inequality or not, by selecting two features.



Here, “important” refers to interactions that you believe are most strongly associated with whether a paper discusses gender inequality, either positively or negatively associated.","Q Gender.9

Now please indicate the signs of the interactions you've chosen. 


Positive sign (+)

The effect of one predictor on Y (whether a paper discusses gender inequality) increases as the other predictor increases — meaning they reinforce each other's influence on Y.

Negative sign (–)

The effect of one predictor on Y (whether a paper discusses gender inequality) decreases as the other predictor increases — meaning they weaken each other's influence on Y. - [QID187-ChoiceGroup-SelectedChoices]","Q Gender.9

Now please indicate the signs of the interactions you've chosen. 


Positive sign (+)

The effect of one predictor on Y (whether a paper discusses gender inequality) increases as the other predictor increases — meaning they reinforce each other's influence on Y.

Negative sign (–)

The effect of one predictor on Y (whether a paper discusses gender inequality) decreases as the other predictor increases — meaning they weaken each other's influence on Y. - [QID188-ChoiceGroup-SelectedChoices]","Q Gender.9

Now please indicate the signs of the interactions you've chosen. 


Positive sign (+)

The effect of one predictor on Y (whether a paper discusses gender inequality) increases as the other predictor increases — meaning they reinforce each other's influence on Y.

Negative sign (–)

The effect of one predictor on Y (whether a paper discusses gender inequality) decreases as the other predictor increases — meaning they weaken each other's influence on Y. - [QID189-ChoiceGroup-SelectedChoices]","Q Gender.10

Please provide a brief theoretical explanation in a narrative paragraph for your choices. Explain the assumptions or reasoning behind your beliefs about why these interactions are most important and why they take the signs you indicated.","Predicting Mentions of Racial Inequality


Phase 2


Integrating Machine Learning Evidence

In this phase, you will review the machine-learning results on racial inequality. You are then invited to refine or expand your theory in light of this new information.





Machine Learning Evidence (1) - Main Effects

Using the 13 features we've shown before, we trained a series of machine-learning models to predict whether a paper discusses racial inequality or not. 



Below we report the top five predictive features for whether a paper discusses racial inequality, identified by Random Forest via Gini index, together with the sign of association estimated by Logistic Regression.

 What is the Gini index? ▶ 

The Gini index is an impurity measure used by tree-based models such as Random Forests to assess how well a feature splits the data. A lower Gini index indicates that a split creates more homogeneous groups in terms of belonging or not to the positive class, meaning the feature is more useful for class prediction.



You may refer to this feature list for detailed definitions of each feature. 

 

	
		
			Rank
			Feature
			Sign
			Interpretation
		
	
	
		
			1
			social_science
			+
			Papers in social science fields are more likely to discuss racial inequality.
		
		
			2
			female_score
			+
			Papers with a higher share of female authors are more likely to discuss racial inequality.
		
		
			3
			country_race_diversity_score
			+
			
			Papers whose authors are inferred to be born in more racially diverse countries are more likely to discuss racial inequality.
			
		
		
			4
			asian
			+
			Papers with a higher estimated share of Asian authors are more likely to discuss racial inequality.
		
		
			5
			black
			+
			Papers with a higher estimated share of Black authors are more likely to discuss racial inequality.
		
	




Q Race.11

Please describe your reaction after viewing the ML results.

If the ML results diverge from your expectations, please explain why you think that might be the case.","Q Race.12     

Revise your theoretical explanation.

 (Click to expand/collaps) Reminder of your initial theory for predicting   whether a paper discusses racial inequality before ML evidence ▶ 


[QID54-ChoiceTextEntryValue]





In light of the ML empirical evidence, you now have the opportunity to refine or update your previous theory on the main effects for predicting whether a paper discusses racial inequality.  



Please provide a complete version of your updated theory, rather than only the modified parts, so that we can analyze your reasoning in a structured way.   Your explanation should be a narrative paragraph in English.  



[Important Note] If, after reviewing the ML results, you still believe your initial theory holds exactly as stated, you may choose not to make any modifications. However, if you decide not to update your theory, please explicitly indicate this in the text box and briefly explain why.","Q Race.13   

Please provide an updated diagram to represent your updated theory.   


 (Click to expand/collaps) Reminder of your initial diagram for predicting whether a paper discusses racial inequality before ML evidence ▶ 


[QID201-ChoiceTextEntryValue]



 

[Important Note] If, after reviewing the ML results, you still believe your initial diagram holds exactly as presented, you may choose not to make any modifications. However, if you decide not to update your diagram, please explicitly indicate this in the text box.

 


Click Here to View the Example Input▶ 





For example, suppose you model the effects of price promotion intensity (X1), perceived brand quality (X2), and brand advertising (X3) on sales revenue (Y) using the diagram shown above. You should express all the distinct causal paths as follows:



Price Promotion Intensity (X1) → (+) Purchase Urgency (mediator) → (+) Sales Revenue (Y)



Price Promotion Intensity (X1) → (–) Perceived Brand Quality (X2) → (+) Sales Revenue (Y)



Brand Advertising (X3) → (+) Brand Awareness / Trust (mediator) → (+) Sales Revenue (Y)","Machine Learning Evidence (2) - Second-Order Interactions

Below we report the top three predictive second-order interactions for whether a paper discusses racial inequality, identified by Random Forest via Gini index, and the sign estimated by Logistic Regression.


	
		
			Rank
			Second-Order Interaction
			Sign
			Interpretation
		
	
	
		
			1
			social_science * paper_inequality_mentions_3_years
			+
			
			
				The marginal effect of recent academic attention to inequality on whether a paper discusses racial inequality is larger for social science papers.
			
			 

			
				The marginal effect of being a social science paper on whether a paper discusses racial inequality is larger when recent academic attention to inequality is higher.
			
			
		
		
			2
			social_science * news_inequality_mentions_3_years
			+
			
			
				The marginal effect of recent news attention to inequality on whether a paper discusses racial inequality is larger for social science papers.
			
			 

			
				The marginal effect of being a social science paper on whether a paper discusses racial inequality is larger when recent news attention to inequality is higher.
			
			
		
		
			3
			female * social_science
			-
			
			
				The marginal effect of female authorship on whether a paper discusses racial inequality becomes smaller for social science papers.
			
			 

			
				The marginal effect of being a social science paper on whether a paper discusses racial inequality is smaller when the share of female authors is higher.
			
			
		
	






Q Race.14

Please describe your reaction after viewing the ML results.

If the results diverge from your expectations, please share why you think that might be the case.","Q Race.15

Revise your theoretical explanation.

 (Click to expand/collaps) Reminder of your initial theory on second-order interactions for predicting whether a paper discusses racial inequality ▶ 


[QID175-ChoiceTextEntryValue]





In light of the ML empirical evidence, you now have the opportunity to refine or update your previous theory on the second-order interactions for predicting whether a paper discusses racial inequality.




Please provide a complete version of your updated theory (rather than only the revised parts) in a narrative paragraph.



[Important Note] If, after reviewing the ML results, you still believe your initial theory holds exactly as stated, you may choose not to make any modifications. However, if you decide not to update your theory, please explicitly indicate this in the text box and briefly explain why.","Predicting Mentions of  Racial  Inequality


Phase 3



 


Empirical Tests

In this phase, you will be asked to propose new empirical tests. These tests should focus on the main effects of predictors of whether a paper discusses racial inequality.



  (Click to expand/collaps) Reminder of your initial theoretical reasoning on main effects before ML evidence ▶ 


Initial theoretical explanation before ML evidence:


	[QID54-ChoiceTextEntryValue]




Initial diagram before ML evidence:


	[QID201-ChoiceTextEntryValue]




  (Click to expand/collaps) Reminder of your revised theoretical reasoning on main effects after ML evidence ▶ 


Revised theoretical explanation after ML evidence:


	[QID147-ChoiceTextEntryValue]




Revised diagram after ML evidence:


	[QID206-ChoiceTextEntryValue]




 

Q Race.16

How could your revised theoretical reasoning on racial inequality be empirically tested using the available data? 



Your proposed empirical tests may take the form of:


	a regression-based correlation analysis,
	a natural experiment,
	or other method you consider appropriate.


Please also describe what kinds of results would support your theoretical explanation.

 

👉  Important:  The empirical tests you propose must only use the features listed below.



In addition, the dataset covers publications from the years 2000 to 2020, and includes year_of_publication as a meta-feature for each paper. You are free to use this variable to code time-based events when proposing tests based on natural experiments (e.g., defining an indicator for whether a paper was published before vs. after a major societal event).","Q Race.17

How could your theoretical reasoning be further tested using additional variables that you consider relevant but are NOT currently included in our list?



Please describe:


	
	additional variables that would strengthen the evaluation of your theory and how they could be used in new empirical tests, and
	
	
	expected results that would support your theory.","Predicting Mentions of Gender Inequality


Phase 2


Integrating Machine Learning Evidence

In this phase, you will review the machine-learning results on gender inequality. You are then invited to refine or expand your theory in light of this new information.





Machine Learning Evidence (1) - Main Effects

Using the 13 features we've shown before, we trained a series of machine-learning models to predict whether a paper discusses gender inequality or not. 



Below we report the top five predictive features for whether a paper discusses gender inequality, identified by Random Forest via Gini index, together with the sign of association estimated by Logistic Regression. 

 What is the Gini index? ▶ 

The Gini index is an impurity measure used by tree-based models such as Random Forests to assess how well a feature splits the data. A lower Gini index indicates that a split creates more homogeneous groups in terms of belonging or not to the positive class, meaning the feature is more useful for class prediction.



You may refer to this feature list for detailed definitions of each feature. 

 

	
		
			Rank
			Feature
			Sign
			Interpretation
		
	
	
		
			1
			social_science
			+
			Papers published in social science fields are more likely to discuss gender inequality.
		
		
			2
			female_score
			+
			Papers with a higher share of female authors are more likely to discuss gender inequality.
		
		
			3
			natural_science
			-
			Papers published in natural science fields are less likely to discuss gender inequality.
		
		
			4
			asian
			+
			Papers with a higher estimated share of Asian authors are more likely to discuss gender inequality.
		
		
			5
			paper_inequality_mentions_3_years
			+
			
			Papers published during periods when a higher share of academic work addresses inequality are more likely to discuss gender inequality.
			
		
	




Q Gender.11

Please describe your reaction after viewing the ML results.

If the ML results diverge from your expectations, please explain why you think that might be the case.","Q Gender.12     

Revise your theoretical explanation.

 (Click to expand/collaps) Reminder of your initial theory for predicting   whether a paper discusse gender inequality before ML evidence ▶ 


[QID203-ChoiceTextEntryValue]





In light of the ML empirical evidence, you now have the opportunity to refine or update your previous theory on the main effects for predicting whether a paper discusses gender inequality.  



Please provide a complete version of your updated theory, rather than only the modified parts, so that we can analyze your reasoning in a structured way.   Your explanation should be a narrative paragraph in English.  



[Important Note] If, after reviewing the ML results, you still believe your initial theory holds exactly as stated, you may choose not to make any modifications. However, if you decide not to update your theory, please explicitly indicate this in the text box and briefly explain why.","Q Gender.13   

Please provide an updated diagram to represent your updated theory.   


 (Click to expand/collaps) Reminder of your initial diagram for predicting whether a paper discusses gender inequality before ML evidence ▶ 


[QID204-ChoiceTextEntryValue]



 

[Important Note] If, after reviewing the ML results, you still believe your initial diagram holds exactly as presented, you may choose not to make any modifications. However, if you decide not to update your diagram, please explicitly indicate this in the text box.

 


Click Here to View the Example Input▶ 





For example, suppose you model the effects of price promotion intensity (X1), perceived brand quality (X2), and brand advertising (X3) on sales revenue (Y) using the diagram shown above. You should express all the distinct causal paths as follows:



Price Promotion Intensity (X1) → (+) Purchase Urgency (mediator) → (+) Sales Revenue (Y)



Price Promotion Intensity (X1) → (–) Perceived Brand Quality (X2) → (+) Sales Revenue (Y)



Brand Advertising (X3) → (+) Brand Awareness / Trust (mediator) → (+) Sales Revenue (Y)","Machine Learning Evidence (2) - Second-Order Interactions

Below we report the top three predictive second-order interactions for whether a paper discusses gender inequality, identified by Random Forest via Gini index, and the sign estimated by Logistic Regression.

 


	
		
			Rank
			Second-Order Interaction
			Sign
			Interpretation
		
	
	
		
			1
			social_science * paper_inequality_mentions_3_years
			+
			
			
				The marginal effect of recent academic attention to inequality on whether a paper discusses gender inequality is larger for social science papers.
			
			 

			
				The marginal effect of being a social science paper on whether a paper discusses gender inequality is larger when recent academic attention to inequality is higher.
			
			
		
		
			2
			social_science * news_inequality_mentions_3_years
			+
			
			
				The marginal effect of recent news attention to inequality on whether a paper discusses gender inequality is larger for social science papers.
			
			 

			
				The marginal effect of being a social science paper on whether a paper discusses gender inequality is larger when recent news attention to inequality is higher.
			
			
		
		
			3
			female * social_science
			-
			
			
				The marginal effect of female authorship on whether a paper discusses gender inequality becomes smaller for social science papers.
			
			 

			
				The marginal effect of being a social science paper on whether a paper discusses gender inequality is smaller when the share of female authors is higher.
			
			
		
	






Q Gender.14

Please describe your reaction after viewing the ML results.

If the results diverge from your expectations, please explain why you think that might be the case.","Q Gender.15

Revise your theoretical explanation.

 (Click to expand/collaps) Reminder of your initial theory on second-order interactions for predicting whether a paper discusses gender inequality ▶ 


[QID191-ChoiceTextEntryValue]





In light of the ML empirical evidence, you now have the opportunity to refine or update your previous theory on the second-order interactions for predicting whether a paper discusses gender inequality.




Please provide a complete version of your updated theory (rather than only the revised parts) in a narrative paragraph.



[Important Note] If, after reviewing the ML results, you still believe your initial theory holds exactly as stated, you may choose not to make any modifications. However, if you decide not to update your theory, please explicitly indicate this in the text box and briefly explain why.","Predicting Mentions of  Gender  Inequality


Phase 3



 


Empirical Tests

In this phase, you will be asked to propose new empirical tests. These tests should focus on the main effects of predictors of whether a paper discusses gender inequality.



  (Click to expand/collaps) Reminder of your initial theoretical reasoning on main effects before ML evidence ▶ 


Initial theoretical explanation before ML evidence:


	[QID203-ChoiceTextEntryValue]




Initial diagram before ML evidence:


	[QID204-ChoiceTextEntryValue]




  (Click to expand/collaps) Reminder of your revised theoretical reasoning on main effects after ML evidence ▶ 


Revised theoretical explanation after ML evidence:


	[QID193-ChoiceTextEntryValue]




Revised diagram after ML evidence:


	[QID207-ChoiceTextEntryValue]




 

Q Gender.16

How could your revised theoretical reasoning on gender inequality be empirically tested using the available data? 



Your proposed empirical tests may take the form of:


	a regression-based correlation analysis,
	a natural experiment,
	or other method you consider appropriate.


Please also describe what kinds of results would support your theoretical explanation.

 

👉  Important:  The empirical tests you propose must only use the features listed below.



In addition, the dataset covers publications from the years 2000 to 2020, and includes year_of_publication as a meta-feature for each paper. You are free to use this variable to code time-based events when proposing tests based on natural experiments (e.g., defining an indicator for whether a paper was published before vs. after a major societal event).","Q Gender.17

How could your theoretical reasoning be further tested using additional variables that you consider relevant but are NOT currently included in our list?


Please describe:


	
	additional variables that would strengthen the evaluation of your theory and how they could be used in new empirical tests, and
	
	
	expected results that would support your theory.","Final Step



As part of this study, GenAI models will perform the exact same full sequence of theory-generation tasks that you completed. We are interested in your expectations regarding the performance of different sources of theories. 



Which of the following sets of proposed theories do you think will be rated highest in quality (e.g., clarity, creativity, coherence, originality, rigor, and overall persuasiveness) by independent researchers? “Independent researchers” here refers to a separate group of human evaluators who are not part of this survey and do not know whether the theories were generated by humans or by GenAI.",Which of the following sets of proposed theories do you think will receive the strongest empirical support when tested (assuming each theory is tested with the empirical tests that were proposed to test that theory)?,"As a key contributor and future co-author in shaping this human–AI collaborative framework, your insights are truly invaluable. Please provide any additional comments, critiques, or thoughts you would like to share with us.",What is your age?,What is your gender? - Selected Choice,List of Countries,In which country/region do you currently reside?,How many years of experience with English do you have?,"What year did you receive your doctoral degree, or in what year do you expect to receive it?","What is your department or academic field at your institution (e.g., psychology, organizational behavior, computer science, statistics) ?","Approximately how many peer-reviewed academic articles have you published on topics related to racial inequality (e.g., racial discrimination, race gaps, racial stereotyping, or racial bias)? Please drag the slider to the appropriate number. - 4","Approximately how many peer-reviewed academic articles have you published on topics related to gender inequality (e.g., gender discrimination, gender gaps, gender stereotyping, or gender bias)? Please drag the slider to the appropriate number. - 4","Approximately how many times have you taught (including being a TA for) a graduate-level statistics or methods course (e.g., research design, quantitative/qualitative methods)? Please drag the slider to the appropriate number. - 4",Institutional affiliation as you would like it to appear on the manuscript:
0,Irmak Dai,"social_science,authors_race_diversity_score,country_race_diversity_score,news_inequality_mentions_3_years,paper_inequality_mentions_3_years",5,,,,,,,,,1,2,4,3,+,,,,,,,,,+,+,+,+,"Authors race diversity matters because if you want to do research in this area you would be more likely to form a diverse author team. Or, if you have a diverse community at university/ research group, you would be more likely to be interested in such research. Country race diversity also affects the probability by helping people develop interest examining their background. Paper mentions affect the future research. News mentions might raise academic attention. Social science should also have a positive affect. ","Y: Probability of race inequality research

Interest in doing research in race inequality → (+) Forming a diverse team → (+) Author race diversity (X1)

Interest in doing research in race inequality → (+) Y

Country race diversity (X2) → (+) More input of race and diversity related context → (+) Y

News inequality mentions (X4) → (+) Paper inequality mentions (X3) → (+) Academic trend in race inequality → (+) Y

Social science (X5) → (+) Y","social_science,authors_race_diversity_score","social_science,paper_inequality_mentions_3_years","social_science,hispanic_and_other",+,+,+,"The positive effect of having a racially diverse author team on discussing racial inequality should be higher in social science. Existing work in inequality should increase the probability of discussing racial inequality in social science. My third choice might be a bit harder to defend but since US is the center for most research areas, and hispanic community is large there, I feel like as the share of hispanic representation in the author team increases, probability of a racial inequality paper also increases and this increase should be higher in social science.
","social_science,female,white,news_inequality_mentions_3_years,paper_inequality_mentions_3_years",4,,,,1,,,,5,,,3,2,+,,,,+,,,,+,,,+,+,"Gender inequality research is a topic that mostly women are interested in, so share of female authors in the team should be a good predictor. Papers mentioning inequality sounds very good too, since academic research build on top of the existing work. News likewise, what's happening and being discussed in the world affect research agenda. Social science, because gender inequality is a social science topic. I also chose white, though I am not confident if it's a good choice. My observation is that racial inequalities have been in discussion longer than gender inequalities so I feel like the gender inequality area should be white-dominated.","Paper discussing gender inequality (Y)

Female share of authors (X1) → (+) Probability of having personal experiences that develop interest in gender inequality → (+) Y

News inequality mentions (X3) → (+) Paper inequality mentions (X2) → (+) Academic trend in gender inequality → (+) Y

Social science (X4) → (+) Y

White (X5) → (+) Probability of having gender inequality as the major inequality problem in their lives →(+) Y","social_science,female","social_science,paper_inequality_mentions_3_years","female,white",+,+,+,"Share of female authors increases the probability of a paper discussing gender inequality and this increase would be higher in social science domain. Among social science papers, having female authors increases the probability of discussing gender inequality. I think this effect should be one of the highest among all the other options. For social science and paper inequality mentions, prior research on gender inequality increases the probability of future research in this domain and this effect should be higher in social science. As for female & white, I think being white insulates women from other inequalities so the highlight would be on gender inequalities, so I think the effect should be larger. ","social science and country race diversity I guessed them well. In order to choose only 5 top predictors, I had decided to leave out the race features and instead I included the diversity score in the author team, which was wrong apparently. Also, I underestimated female score. Also I'm surprised not to see any news/paper mentions. ","Country race diversity affects the probability of developing interest in this area. Social science also has a natural positive impact. Positive effects of female, asian, and black authors suggest that exposure to inequality increases the probability that authors do research in this area.","Y: Probability of race inequality research

Country race diversity (X2) → (+) More input of race and diversity related context → (+) Y

Social science (X5) → (+) Y

Asian (X1) → (+) exposure to racial inequality → (+) Y

Black (X3) → (+) exposure to racial inequality → (+) Y

Female (X4) → (+) general awareness of inequality issues → (+) Y","I've only guessed the first one well. Second one I was also thinking about it. After seeing the result for gender inequality, I'm not surprised to see female * social_science has a negative effect. ",Existing work in inequality should increase the probability of discussing racial inequality in social science. Likewise the effect of inequality mentions in news on probability of race inequality research should be higher in social sciences. Female authorship and social science increases the attention to inequality overall but the marginal effect of female share of authors is smaller in social science and the marginal effect of paper being in social science is smaller as the share of women authors is higher. ,"Most of my theories cannot be tested by available data. 
I would test weather Black Lives Matter movement has an impact, for example I would test after_BLM * black. ","I would add author affiliation variables. county and state level. I would collect local level data on racial diversity, and any discriminative incident news. ",I am not so surprised in general. I didn't think about negative effects much but indeed natural science makes sense. I am a bit surprised about Asian being one of the top predictive features. Maybe getting exposed to some type of inequality increases your awareness in general. ,"Social science, because gender inequality is a social science topic and it naturally increases the probability of a paper discussing gender inequality. Gender inequality research is a topic that mostly women are interested in, so share of female authors in the team should be a good predictor. Natural science should have a significant negative effect, since it's not likely that a paper in natural science discusses this topic. Asian should have a positive effect since it increases exposure to racial inequalities which may increase general awareness of inequality. Papers mentioning inequality sounds very viable too, since academic research build on top of the existing work. ","Paper discussing gender inequality (Y)

Female share of authors (X1) → (+) Probability of having personal experiences that develop interest in gender inequality → (+) Y

Paper inequality mentions (X2) → (+) Academic trend in gender inequality → (+) Y

Social science (X4) → (+) Y

Natural science (X5) → (-) No incentive or context to discuss gender inequality → (-) Y

Asian (X3) → (+) Exposure to racial inequality or related topics → (+) General awareness of inequality issues → (+) Y",I'm surprised female*social_science has a negative effect. The other two are expected. ,"For social science and paper inequality mentions, prior research on gender inequality increases the probability of future research in this domain and this effect should be higher in social science. Likewise, news mentions also have an amplified increase in social science area. Share of female authors and social science have meaningful positive effects separately, but the combined effect is even negative in second-order which means that the effect of being a woman is not amplified within social science or the effect of paper being in social science is not amplified with share of female authors increasing. It might indicate that gender inequality is already a well developed topic in social science, and when we look at all areas of papers, female share of authors have a larger role. ","My theory is only partially testavle with the available data. I would check female*asian to see if female and asian authors are more likely to discuss gender inequality, and how it compares to the other second order effects. I would also check the year of Me Too movement in Korea and whether it created a shock. ","I would try to get more information on authors' institutional and geographic contexts like gender composition, country, major religions in the country of institution and their views on gender issues...",Theories proposed by GenAI models after reviewing (1) the machine-learning results and (2) the revised theories of human experts who have reviewed the machine-learning results,Theories proposed by GenAI models after reviewing (1) the machine-learning results and (2) the revised theories of human experts who have reviewed the machine-learning results,-,28,Female,Turkey,France,21,2027,Operations,,,,INSEAD
0,Robin Vigerbaeck,"social_science,female,white,news_inequality_mentions_3_years,paper_inequality_mentions_3_years",1,,,,5,,,,2,,,3,4,+,,,,+,,,,-,,,+,+,"Race is a social construct and thus will be studied more in social sciences. Since white people are less likely have been exposed to racism directly and indirectly, they are less likely to be interested in researching racial inequality. When these issues are more prominent in news and papers, it is more likely that people get published in this space and that people find it interesting to research. Because women have more direct and indirect exposure to gender inequality, and gender and racial inequalities share similarities in a structural sense, they are more likely to also be interested in racial inequality.","Social science (X1) → (+) probability that a paper discusses racial inequality.

White (X2) → (-) probability that a paper discusses racial inequality.

News inequality Mentions (X3) → (+) probability that a paper discusses racial inequality.

Paper inequality Mentions (X4) → (+) probability that a paper discusses racial inequality.

Female → (+) probability that a paper discusses racial inequality.","female,white","white,news_inequality_mentions_3_years","white,paper_inequality_mentions_3_years",-,-,-,"White people are less likely to be interested in racial inequality because they have not been directly or indirectly exposed to racism to the same extent non-white people have. This effect is lessened when the researcher is female, since women, due to direct and indirect exposure, are more likely to be interested in gender inequality, which share some structural similarities with racial inequalities. Lastly, this effect will be lessened when there is prevalent coverage of racial inequalities in the news and in academic publications, since this can make white people more interested in the topic in general and consider it more as a possible research area.","social_science,female,white,news_inequality_mentions_3_years,paper_inequality_mentions_3_years",2,,,,1,,,,5,,,3,4,+,,,,+,,,,-,,,+,+,"First, gender is primarily a topic for social science; gender is commonly understood as a social construct. There are also likely more women in social science vs natural science. Second, women are more likely to notice gender inequality, and therefore consider it more of an important topic to research than men who have not experienced gender inequality to the same extent. Third, news and paper inequality mentions drives demand and supply to study gender dynamics; it demonstrates that you can publish in this space and that it is widely regarded as interesting both inside and outside the academic community. I posit that news mentions is more interesting since academics might first draw interesting topics from major news stories than academic publications. Lastly, non-white authors are more likely to notice other forms of inequality (e.g., gender inequality) and therefore are more likely to consider gender as interesting.","Social science (X1) → (+) Female (X2) → (+) Probability that a paper discusses gender inequality (Y) 

Social science (X1) → (+) Probability that a paper discusses gender inequality (Y) 

News inequality Mentions (X3) → (+) probability that a paper discusses gender inequality

Paper inequality Mentions (X4) → (+) probability that a paper discusses gender inequality 

White (X5) → (-) probability that a paper discusses gender inequality ","female,news_inequality_mentions_3_years","female,paper_inequality_mentions_3_years","female,white",+,+,-,"First, social science attracts more female academics than natural sciences. Second, women are more likely to care about and therefore research gender inequality because they have been exposed, directly or indirectly, to gender discrimination. The relationship between female and the probability of it being a paper on gender inequality is positively moderated by the news and inequality coverage because this would indicate that (1) there is general and academic interest for the topics and (2) it is possible to get published and have a career in this field of research. The relationship between female and the probability of it being a paper on gender inequality is negatively moderated by being white, since non-white people are more likely to be more interested in racial inequality by the same logic, and racial inequalities has similarities to gender inequality in a structural sense.","While my first prediction holds (this is a social construct), the next results are slightly different. Female score makes sense, since, according to the theory I proposed, women tend to study more gender inequality, and since there are structural similarities between gender and racial inequality, both likely often fall into the same stream of research interest. That this would be more important than directly looking at race is surprising, and would cause me to think that this is not controlled for the fact that there are many more women than any given group in terms of race. The country race diversity score makes sense, since by the same reasoning as before, people in more racially diverse countries are more likely to be exposed directly and indirectly to racism. ","Race is a social construct and thus will be studied more in social sciences. Since white people are less likely have been exposed to racism directly and indirectly, they are less likely to be interested in researching racial inequality. By the same reasoning, people who are from more diverse countries are expected to be more aware of racial inequalities, and therefore are more likely to want to publish on racial inequality. Because women have more direct and indirect exposure to gender inequality, and gender and racial inequalities share similarities in a structural sense, they are more likely to also be interested in racial inequality. When racial inequality issues are more prominent in papers, it is more likely that people get published in this space and that people find it interesting to research.","Social science (X1) → (+) probability that a paper discusses racial inequality.

White (X2) → (-) probability that a paper discusses racial inequality.

Born in diverse country (X3) → (+) probability that a paper discusses racial inequality.

Female (X3) → (+) probability that a paper discusses racial inequality.

Paper inequality Mentions (X5) → (+) probability that a paper discusses racial inequality.","The effects are similar to that of gender inequality. The only thing that is surprising is that female*social science is negative. I would suspect it is because there are more female written papers than those from non-white authors, but that there are still more male written papers in most areas of research, according to this one. I would assume this relationship shift to be that of a racial identity instead if bucketed differently and controlled for frequency.","Note: I kept it the same now since my theory holds but for a different predictor than the ML models used. It is potentially tautological to theorize regarding how social science impacts publication on racial inequality since race is a social construct. This is the same for the gender inequality part. 

White people are less likely to be interested in racial inequality because they have not been directly or indirectly exposed to racism to the same extent non-white people have. This effect is lessened when the researcher is female, since women, due to direct and indirect exposure, are more likely to be interested in gender inequality, which share some structural similarities with racial inequalities. Lastly, this effect will be lessened when there is prevalent coverage of racial inequalities in the news and in academic publications, since this can make white people more interested in the topic in general and consider it more as a possible research area.",I would consider leveraging the introduction of affirmative action on certain schools. That would impact the independent variable (white) but not impact the DV if lagged. I would also consider whether there are some districts that become more diverse during that time frame for example. ,"I would use an instrumental variable or a natural experiment approach, such as the creation of affirmative action programs, to partial out the causal impact of the researcher being non-white on the probability of research being published on the topic of racial inequality. This would likely show that when there is more diversity among researchers, there is more focus on inequality research and more representation among researchers of inequality papers. ","The coding of social science vs natural science is somewhat unclear since they are fundamentally measuring the same thing. It would have been more interesting if we excluded natural_science as a predictor since it is largely or fully captured by social_science. The top two are exactly as I predicted. The fourth one is inline with my reasoning, but here I used white instead of asian. Since there are likely more asian researchers than hispanic and black in your dataset, it makes sense that it is captured this way. Controlling for frequency, I would assume that white as a predictor becomes more important, since hispanic and black potentially receive too little weight in the model. It is a bit surprising that paper inequality is more important than news coverage, but that could be because academics value academic interest higher than general interest. The order of race vs paper mentions I got wrong according to these results, which was surprising but there is no clear theoretical explanation why one would be more important than the other. ","First, gender is primarily a topic for social science; gender is commonly understood as a social construct. There are also likely more women in social science vs natural science. Second, women are more likely to notice gender inequality, and therefore consider it more of an important topic to research than men who have not experienced gender inequality to the same extent. Third, non-white authors are more likely to notice other forms of inequality (e.g., gender inequality) and therefore are more likely to consider gender as interesting. Lastly, paper and news inequality mentions drives demand and supply to study gender dynamics; it demonstrates that you can publish in this space and that it is widely regarded as interesting both inside and outside the academic community. I posit that paper mentions is more important since academics care primarily about what is published and read the work of peers.","Social science (X1) → (+) Female (X2) → (+) Probability that a paper discusses gender inequality (Y) 

Social science (X1) → (+) Probability that a paper discusses gender inequality (Y) 

White (X3) → (-) probability that a paper discusses gender inequality 

Paper inequality Mentions (X4) → (+) probability that a paper discusses gender inequality 

News inequality Mentions (X5) → (+) probability that a paper discusses gender inequality","The structure presented makes sense. However, I did not look at moderators that impact social science directly, since my theoretical framing was social science --> female --> probability. The third effect found (female*social_science) is surprising and contrary to my expectation. I assume this is the case because there are more men publishing in most areas, including this one. Controlling for the number of publications, I would assume this effect to shift to be a positive moderator.","First, the positive relationship between social science and the probability of it being a paper on gender inequality is assumed to be positively moderated by recent academic paper and news coverage. This is because it both affects demand and supply for gender inequality research. Second, the relationship is positively moderated by the researchers being female since women are likely more interested in gender inequality due to direct and indirect exposure. ","The obvious choice would be the #MeToo movement as a natural experiment that impacts gender inequality research. However, it is most likely a fork. Thus, it will not help in explaining the effect. We could instead explore instruments such as different social science enrollment or initiatives geared toward promoting female researchers but do not directly impact their publication likelihoods (e.g., hiring initiatives). ","Variation in university cohort sizes in social science would create variation in the number of social science researchers when treated as a lagged variable. Large-scale initiatives that promote female hiring in research would create variation in the number of women in social science. Then we could partial out the causal impact on the likelihood of publishing in gender inequality i.e., that women have higher representation in social science which leads to higher number of female researchers that then publish more on the topic of gender inequality. Then I would consider leveraging qualitative research to study the motives that women state for studying gender inequality vs men who study gender inequality.",Theories proposed by GenAI models after reviewing (1) the machine-learning results and (2) the revised theories of human experts who have reviewed the machine-learning results,Theories proposed by GenAI models after reviewing (1) the machine-learning results and (2) the revised theories of human experts who have reviewed the machine-learning results,I provided some feedback in previous answers. Interesting study. Thank you for inviting me to participate! ,31,Male,Sweden,Singapore,28,2030,marketing,,,,INSEAD
0,Byounghoon Koh,"social_science,natural_science,black,country_race_diversity_score,news_inequality_mentions_3_years",3,4,,,,,1,,,,5,2,,+,-,,,,,+,,,,-,+,,"For black scholars, racial issues are more relatable. This will lead to more publication likelihood of racial inequality.
News mention indicates that there are a lot of racial issues at the moment, driving scholars to publish more on this issue.
Social science is the home of racial inequality topic. It is likely that scholars will submit to social science journals.
Natural science rarely discuss about inequality, and it will be rare to see racial inequality studies in Natural science field.
When the country is diverse, it is less likely that scholars will be able to find common ground on inequality topics due to different experience.","black -(+)-> relatable  & more knowledge -(+)-> inequality studies
news mention -(+)-> indicates more related incidents, draws attention -(+)-> inequality studies
social science -(+)-> home field -(+)-> inequality studies
natural science -(-)-> home field -(-)-> inequality studies
country diversity -(-)-> common ground -(-)-> inequality studies","black,news_inequality_mentions_3_years","social_science,paper_inequality_mentions_3_years","white,authors_race_diversity_score",+,+,-,"the likelihood of black scholars publishing in the topic will increase as there are more events, indicated by increase in news reports, that are currently relatable for them.
Social science scholars are more likely to publish the topic, as they observe more papers importantly dealing with the issues in recent years.
White scholars, who are less likely to publish inequality issue, are more likely to publish when working with diverse set of scholars.","social_science,natural_science,female,news_inequality_mentions_3_years,paper_inequality_mentions_3_years",5,4,,,1,,,,,,,3,2,+,-,,,+,,,,,,,+,+,"Females are more likely to be interested in gender diversity topic. They have first-hand experience and able to understand the topic better compared to male.
Paper and news inquality mention is important because scholars choose topics based on what is currently dealt importantly in the real world and in academia. Social science is the home of inequality studies, and hence will show higher probability of publishing these studies. Natural science is less likely because their papers rarely discuss about human behavior and society. ","Female -(+)-> Knowledge and attention -(+)-> Gender inequality study

Social science -(+)-> Topic fit -(+)-> Gender inequality study

Natural science -(-)-> Topic fit -(-)-> Gender inequality study

Paper inequality mention -(+)-> Relevance and importance -(+)-> Gender inequality study

News inequality mention -(+)-> Relevance and importance -(+)-> Gender inequality study","social_science,paper_inequality_mentions_3_years","female,white","black,news_inequality_mentions_3_years",+,+,-,"Social science scholars are strongly driven by the relevance and importance. They intend to address important issues and in many times, trendy topics like gender or AI is more publishable and is better for them to get a job. Paper mention trend is a strong indicator of measuring the current relevance and importance of the topic and will drive social scientist to publish more on this topic.

Females are more likely to work on gender inequality because they can relate to it. White females are more likely to work on this more because they are less relatable to other inequality dimensions like race.

News inequality measure would likely to impact scholars to focus more on inequality studies. Yet, if their are other inequality dimension that is more relatable for scholars, they will more likely to be drawn on that aspect.",The fact that news trend does not take the top five indicate that race issue has always been there.,Intersectionality hypothesis may take hold,black*female -(+)-> racial inequality study,female * social_science is questionable. I would look back into how the variables are built.,"black*news_inequality_mentions_3_years -(+)-> racial inequality study
","Natural experiment: the death of Floyd
The death of Floyd was something that is unexpected that shook the entire country. 
By looking into this shock, comparing with the state that the shock happened with the red state with less demonstration and interest in this event, I examine whether the scholars, especially the minorities respond to shocking and controversial racial events.
I also run three-way interaction to test intersectionality in the time of racial controversy ","Grant information.
","ML results are based on measurable constructs. Some of the most important drivers of gender research could be the elements that are not easily captured by data scientists to be fed to the machine.

","I agree that asian is a strong indicator, given that many asian scholars from asia, experience more gender inequality due to their traditional culture compared to people in other places of the world.

I still believe that female is a strong predictor, especially interacted with other variables.","asian -(+)-> cultural background, relatable -(+)-> gender research","female * social_science is difficult to reconcile with.
I cannot reason with the result at this moment, but I would need the key topics that female scholars in social science publish to learn more about what is happening underneath.","I think the predictions, while may not be the most prominent ones statistically, can be shown from the data.","Natural experiment: Chinese firewall on google scholar
Compare: Chinese female scholars in China vs. US
Mechanism: Chinese scholars in the US experiences the traditional culture of gender inequality. In the US, they experience the free flow of thoughts about gender that freely discuss about gender, compared to when China blocked google scholar that blocks Western equality thoughts inside mainland China.
","gender inequality index measured by wage gap, education etc by region. Also, the country of origin of Asian scholars, and their current institution, while publishing the studies.
We regress across regions by gender inequality to assess whether less equal regions, such as parts of Asia, publish more on this topic. ",Theories proposed by GenAI models after reviewing (1) the machine-learning results and (2) the revised theories of human experts who have reviewed the machine-learning results,Theories proposed by GenAI models after reviewing (1) the machine-learning results and (2) the revised theories of human experts who have reviewed the machine-learning results,"Most studies, especially outside science of science or innovation economics, spend a lot of time building strong measures. Assembling the data and building the measure takes most of the time.
ML and GenAI, would most likely outperform in this study because these are all very very very easily collectible ones. 
Most importantly, these variables are the ones with the plausible theories behind it and would already have tons of studies, which will make GenAI outperform for sure.

Put differently, I view that choosing the 'right' question, and finding ways to cleanly solve the question is one of the major role of academics, which is not fully reflected in this study.",33,Male,South Korea,Singapore,4,2028,Management,,,,INSEAD
0,Junghyo Sun,"social_science,black,country_race_diversity_score,news_inequality_mentions_3_years,paper_inequality_mentions_3_years",1,,,,,,5,,,,4,3,2,+,,,,,,+,,,,+,+,+,"I posit that the likelihood that the likelihood of a published paper discusses racial inequality is driven by two mechanisms: the volume of submissions journals receives on the topic and the probability that such submissions are accepted.

I suggest that three variables influence both mechanisms. First, social science journals is a particularly receptive venue for inequality scholarship. These outlets not only attract more submissions on such topics but also show greater editorial openness to publishing this work. Second, paper_inequality_mentions_3_years captures the salience of the inequality topic. When a topic gets more attention, journals are more likely to receive related submissions and more inclined to publish them. Third, news_inequality_mentions_3_years reflects public attention to inequality. Media coverage may stimulate scholarly interest in the topic, thereby increasing submission rates, while simultaneously signaling to editors the broader relevance of such work, potentially enhancing acceptance likelihood. I assume that journal focus has a stronger direct influence than broad scholarly attention, which in turn has a stronger influence than public attention.

I also include two additional variables to capture individual-level interest in racial inequality. First, I consider country_race_diversity_score, as individuals in more racially diverse environments are likely to be more exposed to discussions of racial inequality. Second, I focus on Black, which I perceive as one of the most prominently discussed forms of racial inequality globally. I prioritized country_race_diversity_score over Black because not all Black individuals reside in racially heterogeneous settings while racial diversity captures a broader contextual dimension.","social_science (X1) → (+) submission volume on racial inequality → (+) the likelihood of a published paper discusses racial inequality (Y)

paper_inequality_mentions_3_years (X2) → (+) submission volume on racial inequality → (+) the likelihood of a published paper discusses racial inequality (Y)

news_inequality_mentions_3_years (X3) → (+) submission volume on racial inequality → (+) the likelihood of a published paper discusses racial inequality (Y)

country_race_diversity_score (X4) → (+) submission volume on racial inequality → (+) the likelihood of a published paper discusses racial inequality (Y)

black (X5) → (+) submission volume on racial inequality (+) the likelihood of a published paper discusses racial inequality (Y)


social_science (X1) → (+) the acceptance rate of submissions on racial inequality → (+) the likelihood of a published paper discusses racial inequality (Y)

paper_inequality_mentions_3_years (X2) → (+) the acceptance rate of submissions on racial inequality → (+) the likelihood of a published paper discusses racial inequality (Y)

news_inequality_mentions_3_years (X3) → (+) the acceptance rate of submissions on racial inequality → (+) the likelihood of a published paper discusses racial inequality (Y)
","social_science,paper_inequality_mentions_3_years","social_science,news_inequality_mentions_3_years","social_science,country_race_diversity_score",+,+,+,"I posited that the likelihood of a published paper discusses racial inequality is driven by two mechanisms: the volume of racial inequality submissions and the probability that such submissions are accepted. However, journal disciplinary orientation may be crucial because the acceptance probability for racial inequality submissions may approach zero in non-social science disciplines. In such cases, the variables influencing submission volume and acceptance likelihood may be stronger in social science journals rather than in other journals.","social_science,female,country_race_diversity_score,news_inequality_mentions_3_years,paper_inequality_mentions_3_years",1,,,,4,,,,,,5,3,2,+,,,,+,,,,,,+,+,+,"As outlined above, I posit that the likelihood that a published paper addresses gender inequality is driven by two mechanisms: the volume of submissions journals receives on the topic and the probability that such submissions are accepted.

The first three variables parallel those hypothesized for racial inequality. I suggest that these variables influence both mechanisms. First, social science journals is a particularly receptive venue for inequality scholarship. These outlets attract more submissions on such topics and show greater editorial openness to publishing this work. Second, paper_inequality_mentions_3_years can be a proxy or a scholarly attention in the inequality topic. When a topic gets more attention, journals are more likely to receive related submissions and more inclined to publish them. Third, news_inequality_mentions_3_years reflects public attention to inequality. Media coverage may stimulate scholarly interest in the topic, thereby increasing submission rates, while simultaneously signaling to editors the broader relevance of such work, potentially enhancing acceptance likelihood. I assume that journal focus has a stronger direct influence than broad scholarly attention, which in turn has a stronger influence than public attention.

I also include additional variables to capture individual-level interest in gender inequality. One variable is different from what I predicted for racial inequality; and the other is the same but is remained for different reason. First, I consider Female, as they are more likely to be exposed to discussions of gender inequality. I excluded Black that I included to predict racial inequality. Second, I added country_race_diversity_score because they could be exposed to ineqaulity discussions broadly, arising from racial inequality. I prioritized Female over country_race_diversity_score because is not a direct proxy for gender inequality discussions.","social_science (X1) → (+) submission volume on gender inequality → (+) the likelihood of a published paper discusses gender inequality (Y)

paper_inequality_mentions_3_years (X2) → (+) submission volume on gender inequality → (+) the likelihood of a published paper discusses gender inequality (Y)

news_inequality_mentions_3_years (X3) → (+) submission volume on gender inequality → (+) the likelihood of a published paper discusses gender inequality (Y)

female (X4) → (+) submission volume on gender inequality → (+) the likelihood of a published paper discusses gender inequality (Y)

country_race_diversity_score (X5) → (+) submission volume on racial inequality (+) the likelihood of a published paper discusses gender inequality (Y)


social_science (X1) → (+) the acceptance rate of submissions on gender inequality → (+) the likelihood of a published paper discusses gender inequality (Y)

paper_inequality_mentions_3_years (X2) → (+) the acceptance rate of submissions on gender inequality → (+) the likelihood of a published paper discusses gender inequality (Y)

news_inequality_mentions_3_years (X3) → (+) the acceptance rate of submissions on gender inequality → (+) the likelihood of a published paper discusses gender inequality (Y)
","social_science,paper_inequality_mentions_3_years","social_science,news_inequality_mentions_3_years","social_science,female",+,+,+,"The logic parallels that for racial inequality interaction effects. Journal disciplinary orientation may be crucial because acceptance probabilities for gender inequality submissions may approach zero in non-social science disciplines. In such cases, the variables influencing submission volume and acceptance likelihood may operate more strongly in social science journals than in other disciplinary outlets.","My predictions for social science journals, country_race_diversity_score, and Black were generally supported by the results.

Two variables proved less significant: paper_inequality_mentions_3_years and news_inequality_mentions_3_years. This finding is noteworthy because it suggests that broader trends in scholarly and public discourse are not necessarily associated with the likelihood that the likelihood of a published paper discusses racial inequality. Perhaps this is relevant to interaction effects.

The strong effects of female_score and Asian are surprising. I interpret this as evidence of a spillover effect: women scholars may demonstrate heightened attention to inequality scholarship more broadly, extending beyond gender inequality to encompass racial inequality as well. Similarly, Asian scholars may engage with racial inequality discourse broadly, including scholarship on anti-Black racism.","I posit that the likelihood that a published paper addresses racial inequality is driven by the supply of and demand for scholarship on this topic.

On the demand side, journal receptivity is central. Social science journals, in particular, are particularly receptive venues for inequality research: they both attract a higher volume of submissions on racial inequality and exhibit a greater propensity to publish such work.

On the supply side, individual scholarly interest shapes the supply of gender inequality works. Interest in gender inequality stems from both general and specific sources. General interest arises among scholars attentive to inequality broadly, including those focused on racial inequality, suggesting a spillover effect across inequality domains. Specific interest emerges among scholars directly engaged with gender inequality discourse, reflecting targeted attention to this particular form of stratification.","social_science (X1) → (+) demand for scholarship on racial inequality → (+) the likelihood of a published paper discusses racial inequality (Y)

female (X2) → (+) the supply of scholarship on racial inequality → (+) the likelihood of a published paper discusses racial inequality (Y)

country_race_diversity_score  (X3) → (+) the supply of scholarship on racial inequality → (+) the likelihood of a published paper discusses racial inequality (Y)

asian (X4) → (+) the supply of scholarship on racial inequality → (+) the likelihood of a published paper discusses racial inequality (Y)

black (X5) → (+) the supply of scholarship on racial inequality → (+) the likelihood of a published paper discusses racial inequality (Y)","My predictions for social_science * paper_inequality_mentions_3_years and 	social_science * news_inequality_mentions_3_years were supported by the results. It shows that the demand in social science journals increases more especially when scholarly and public attentions are given to the topic.

The negative interaction effect between Female and social_science is noteworthy, as I anticipated the opposite relationship. I interpret this as evidence of a ceiling effect: women scholars already demonstrate substantial engagement with gender inequality scholarship, such that the additional demand pull from social science journals has diminished marginal influence on their publication behavior.","I propose that journals play a crucial role in shaping demand for inequality scholarship. Such demand is particularly pronounced when either scholarly and public attention converge on the topic. However, disciplinary orientation has diminished marginal effects for scholars who already have strong intrinsic motivation, as evidenced by their publishing inequality work in non-social science journals as well.","I am interested in extending the negative moderating effect of Female * social_science.

I interpret this as evidence of a ceiling effect: women scholars already demonstrate substantial engagement with gender inequality scholarship, such that the additional demand pull from social science journals exerts diminished marginal influence on their publication behavior. To test this mechanism, I examine analogous interactions: Asian * social_science and Black * social_science. If these interactions are also negative, it would provide converging evidence for the ceiling effect hypothesis, suggesting that scholars with strong intrinsic motivation to engage inequality topics are less responsive to institutional demand signals","I posit that the likelihood that a published paper addresses racial inequality is driven by the supply of and demand for scholarship on this topic.

The empirical results provide stronger support for supply-side mechanisms than demand-side mechanisms. To more rigorously test demand-side logic, future analyses could examine whether surges in competing topics—such as entrepreneurship or artificial intelligence—decrease the likelihood that published papers address racial inequality, reflecting resource constraints and editorial attention allocation within journals.","My predictions for social science journals, female_score, and paper_inequality_mentions_3_years were supported by the results.

Two variables proved statistically insignificant: news_inequality_mentions_3_years and country_race_diversity_score. 

The overall theoretical framework receives support: inequality scholarship is driven by both supply and demand mechanisms. Social_science, natural_science, and paper_inequality_mentions_3_years capture different dimensions of demand, whereas female_score and Asian represent supply-side factors, indicating individual-level engagement with inequality topics.","As outlined above, I posit that the likelihood of a published paper discusses gender inequality is driven by the supply of and demand for scholarship on this scholarly work.

Different dimensions of demand for gender inequality scholarship are captured by social_science, natural_science, and paper_inequality_mentions_3_years. First, social science journals are particularly receptive venues for inequality scholarship. These outlets show greater editorial openness to publishing this work. Second, natural science journals represent a particularly non-receptive venue for inequality scholarship, reflecting disciplinary boundaries and epistemological orientations. Third, paper_inequality_mentions_3_years serves as a proxy for scholarly attention to inequality. When a topic gains more attention, journals are more inclined to publish related work, recognizing the topic's salience within broader academic discourse.

Different sources of supply for gender inequality scholarship are captured by female_score and Asian. First, Female is theoretically relevant as women scholars are more likely to be exposed to and engaged with gender inequality discourse. Second, Asian captures broader scholarly interest in inequality, reflecting potential exposure to inequality discussions across multiple dimensions, including racial inequality.","social_science (X1) → (+) demand for gender inequality works → (+) the likelihood of a published paper discusses gender inequality (Y)

female_score (X2) → (+) scholarly interest in gender inequality scholarship → (+) the likelihood of a published paper discusses gender inequality (Y)

natural_science (X3) → (-) demand for gender inequality works → (-) the likelihood of a published paper discusses gender inequality (Y)

asian (X4) → (+) scholarly interest in gender inequality scholarship (+) the likelihood of a published paper discusses gender inequality (Y)

paper_inequality_mentions_3_years (X5) → (+) demand for gender inequality works → (+) the likelihood of a published paper discusses gender inequality (Y)","This pattern mirrors the findings for racial inequality, providing converging evidence that the underlying mechanism holds across inequality domains. Social science journals demonstrate sustained demand for gender inequality scholarship, with demand intensifying when scholarly and public attention converge on the topic.

The negative interaction between Female * social_science, again, can be interpreted as evidence of a ceiling effect: women scholars already demonstrate substantial engagement with gender inequality scholarship, such that the additional demand pull from social science journals exerts diminished marginal influence on their publication behavior.","The logic parallels that for racial inequality interaction effects. Social science journals have more likelihood that a published paper addresses racial inequality, as they have demand for gender inequality scholarship, with demand intensifying when scholarly and public attention converge on the topic.

The negative interaction between Female * social_science, again, can be interpreted as evidence of a ceiling effect: women scholars already demonstrate substantial engagement with gender inequality scholarship, such that the additional demand pull from social science journals exerts diminished marginal influence on their publication behavior.","I propose that the mechanisms underlying the publication of racial inequality and gender inequality scholarship are equivalent. To test this proposition systematically, I examine whether the significant predictors of racial inequality publications also predict gender inequality publications, and vice versa, using both outcomes as dependent variables in a comprehensive model comparison. This approach enables evaluation of the extent to which mechanisms converge across inequality domains versus exhibit domain-specific patterns.","I posit that the likelihood that a published paper addresses racial inequality is driven by the supply of and demand for scholarship on this topic. To more rigorously test demand-side logic, future research could examine whether surges in competing topics (e.g., entrepreneurship or artificial intelligence) decrease the likelihood that published papers address racial inequality, reflecting resource constraints.

To more rigorously test supply-side logic, future research could use submission dates rather than publication dates. This would isolate supply-side mechanisms more cleanly by capturing the timing of scholarly interest and production decisions, independent of editorial processes and publication lags that confound supply and demand mechanisms.",Theories proposed by GenAI models after reviewing (1) the machine-learning results and (2) the revised theories of human experts who have reviewed the machine-learning results,Theories proposed by human experts after reviewing the machine-learning results,"This was an excellent experience. I really enjoyed the overall process. Thank you very much for this opportunity.

One question that arose during the process concerns the variables beyond the top five predictors. I am curious whether these additional variables achieved statistical significance, as this information could inform my theoretical development. For example, if a variable I initially predicted as important proved significant but fell outside the top five, I might have constructed a different theoretical framework. This is especially relevant for the two variables paper_inequality_mentions_3_years and news_inequality_mentions_3_years, as they proved significant in interaction terms, but not shown as main effects.

Another point of curiosity is about the framing of results as ""machine learning results."" I was uncertain why this terminology was emphasized, as the study's design and findings would remain if results were presented as any ""results.""

Again, thank you very much for this opportunity. This research appears highly valuable, and I look forward to learning about the findings. Please keep me informed of future opportunities to participate, as I am very interested in human-AI collaboration research.",35,Male,South Korea,Singapore,25,2026,Management,,,0,INSEAD
0,Maria Hademer,"social_science,female,white,authors_race_diversity_score,paper_inequality_mentions_3_years",1,,,,5,,,,4,2,,,3,+,,,,-,,,,-,+,,,+,"I believe social science is the most likely field for this research hence high positive predictive power. I hypothesize that there may be an aversion from majority white author teams and especially female authors/author teams (perhaps moderated by ""white"") to work on racial inequality as they may not see it as their place/may not be comfortable claiming space in this discussion leading to lower topic fit which would make these negative predictors. The opposite should then hold for more racially diverse author teams. Once again I believe that prior publications would show interest of the academic community and therefore be a positive predictor.","Social science → (+) Topic fit (Med1)
Topic fit (Med1) → (+) racial inequality paper (Y)
Female (X1) → (-) Topic fit (Med1)
White (X2/M1) → (-) Topic fit (Med1)
M1 positively moderates the X1 to Y pathway
Author race diversity score → (+) Topic fit (Med1)
Paper mentions → (+) Topic popularity (Med2) → (+) racial inequality paper (Y)
","female,authors_race_diversity_score","female,white","authors_race_diversity_score,paper_inequality_mentions_3_years",-,+,+,"Female authors may feel more comfortable tackling racial inequality research questions in a diverse team, which would attenuate my previously assumed negative direct effect of female.
In contrast, having a higher share of white authors on the team may exacerbate my previously assumed negative direct effect of female.
Diverse groups of scholars may be more attuned to developments of publications in the research area, hence the positive effect of prior paper mentions may be exacerbated for them. ","social_science,engineering_and_technology,white,news_inequality_mentions_3_years,paper_inequality_mentions_3_years",2,,3,,,,,,5,,,4,1,+,,-,,,,,,+,,,+,+,"I expect paper_inequality_mentions_3_years to be the strongest positive predictor since it shows the popularity of the topic. 
I would see most papers concerned with gender inequality (rather than e.g., biological sex differences) to sit in social science so I expected this to be a strong positive predictor.
news_inequality_mentions_3_years once again is a predictor of topic awareness/popularity but given academic timelines I expected it to be a less strong positive predictor.
I chose white as the final positive predictor since I believe white scholars/author teams are more likely to focus on gender inequality rather than other forms of inequality or intersectionality. The alternative would have been to pick other racial composition measures as negative predictors, but I am unaware of the distribution here.
I chose engineering_and_technology as a negative predictor since I have seen limited cs research on gender, though this may just be my own exposure limitation.","Topic popularity (combined score of news and publication mentions) (X1) → (+) Likelihood of gender inequality publication (Y)
Social science (1) vs engineering and tech (0) (X2) → (+) topic interest (M1)
Majority white author team (X3) → (+) topic interest (M1)
M1 positively moderates the X1 to Y pathway","social_science,paper_inequality_mentions_3_years","white,paper_inequality_mentions_3_years","engineering_and_technology,paper_inequality_mentions_3_years",+,+,-,"This connects to the previously outlined idea of an interaction by topic interest. Prior academic interest as visible from publications should positively predict likelihood of another publication in this area, however, I would expect this to be qualified by the question of whether the research team is interested/aware of the topic and therefore notices the increase in interest and decides to act on it. I believe the effect of popularity to be amplified for social science teams, majority white teams and dampened for engineering and technology teams.","These sort of align - rather than white being a negative predictor, asian and black were positive predictors which makes perfect sense. country_race_diversity_score rather than the author team variable was a positive predictor which has slighlty different implications but goes in the same direction. I expected female to be negatively correlated - likely due to my own awkwardness around the topic so I am happy to see that the data points in a different direction.","I believe social science is the most likely field for this research hence high positive predictive power. I hypothesize that there may be an aversion from majority white author teams to work on racial inequality as they may not see it as their place/may not be comfortable claiming space in this discussion leading to lower topic fit which would make these negative predictors. Alternatively, high scores on asian, black and other racial identity variables may be more nuanced positive predictors. Positive prediction should then hold for more racially diverse author teams/papers whose authors are inferred to be born in more racially diverse countries.","Social science (X0) → (+) Topic fit (Med1)
Topic fit (Med1) → (+) racial inequality paper (Y)
Female (X1) → (+) Topic fit (Med1)
White (X2/M1) → (-) Topic fit (Med1)
Asian (X3), black (X4) → (+) Topic fit (Med1)
Author race diversity score (X4), racially diverse countries (X5) → (+) Topic fit (Med1)","Interesting, there is the negative female * social_science interaction again (thoughts already discussed in gender part) and the other interactions basically support the topic fit vs popularity (sorry, I keep forgetting what I called these previously and cannot click back) interaction hypothesised in the gender part - basically popularity of the topic is more likely to be observed if there is some level of fit or interest from the author team. It's difficult to update my predictions on the other variables based on this since I focused more on the topic fit rather than popularity part here so it would be interesting to see any other significant interactions.","Female authors may feel additionally comfortable tackling racial inequality research questions in a diverse team.
Diverse groups of scholars may be more attuned to developments of publications in the research area, hence the positive effect of prior paper mentions may be exacerbated for them. ","It might be interesting to use 2013 or 2014 as a cutoff to see whether the founding or media attention spike of the BLM movement led to an increase in publications via the attention pathway (perhaps with a lag accounting for the length of the publication process).

Otherwise, testing the loadings on topic fit (Social science, Female, White, Asian, black and the diversity scores) vs popularity (academic and media) would once again be interesting.
",Test for mentions of popular hashtags related to protests in the introductions of papers for evidence of the attention pathway. Once again use the survey on identity relevance in publication topic selection to find evidence for the topic fit pathway.,"That all looks sensible to me. I expected natural science to be less strong of a negative predictor than tech, but then applied CS/ML papers may well use data on gender biases. I had no prior hypothesis about which kinds of author teams other than majority white were more likely to publish gender inequality research so it is interesting that asian is more prominent here.","I expect paper_inequality_mentions_3_years to be a strong positive predictor since it shows the popularity of the topic. 
I would see most papers concerned with gender inequality (rather than e.g., biological sex differences) to sit in social science so I expected this to be a strong positive predictor.
news_inequality_mentions_3_years once again is a predictor of topic awareness/popularity but given academic timelines I expected it to be a less strong positive predictor.
I chose white, asian and female as the final positive predictors since I believe majority white, asian or female author teams are more likely to focus on gender inequality rather than other forms of inequality or intersectionality. 
I chose natural science as a negative predictor since I have seen limited research on gender (rather than e.g., biological sex differences).","Topic popularity (combined score of news and publication mentions) (X1) → (+) Likelihood of gender inequality publication (Y)
Social science (1) vs engineering and tech or natural science (0) (X2) → (+) topic interest (M1)
Majority white or asian author team (X3) → (+) topic interest (M1)
Majority female author team (X4) → (+) topic interest (M1)
M1 positively moderates the X1 to Y pathway",1 and 2 are consistent with the idea of topic interest/awareness moderating the pathway of topic attention. 3 is initially unexpected to me but there are reasonable explanations - female authors in non social science domains (especially in male dominated ones) may feel more strongly about gender inequality and therefore have higher topic interest,"This connects to the previously outlined idea of an interaction by topic interest. Prior academic interest as visible from publications should positively predict likelihood of another publication in this area, however, I would expect this to be qualified by the question of whether the research team is interested/aware of the topic and therefore notices the increase in interest and decides to act on it. I believe the effect of popularity to be amplified for social science teams, majority white teams and dampened for engineering and technology teams.","This may not fall strictly under the features listed, but using papers from paper_inequality_mentions_3_years and comparing their average abstract embedding to the paper to be predicted's abstract embedding might be interesting. 

Run a SEM with the latent variables of topic popularity and topic interest using news and publication mentions to load onto topic popularity and social science, majority white or asian author team and majority female author team to load onto topic interest.","Rather obvious but: check citations of prior papers with the keywords in the paper in question --> this shows evidence for a topic popularity/awareness pathway (authors would need to know of these prior publications to be influenced by them).

Author identity congruence score to predict topic interest - run a survey that analyses to what extent an author's identity shapes their publication topics (the higher this connection the more likely that topic interest can be predicted by various identity variables)
",Theories proposed by GenAI models after reviewing (1) the machine-learning results and (2) the revised theories of human experts who have reviewed the machine-learning results,Theories proposed by GenAI models after reviewing (1) the machine-learning results and (2) the revised theories of human experts who have reviewed the machine-learning results,"A lot of the GenAI output quality will likely depend on how they are prompted, which should, of course, be documented, but besides that, I would argue that a lot of the human output quality also depends on how people are prompted. Is a questionnaire like this more conducive to GenAI or human prompting in terms of the amount of information provided, length, requirements in output etc. ",31,Female,Germany,Singapore,21,2029,Marketing/Decision Science,0,0,0,INSEAD
0,Zhongyuan Liang,"social_science,natural_science,female,news_inequality_mentions_3_years,paper_inequality_mentions_3_years",3,5,,,4,,,,,,,2,1,+,+,,,+,,,,,,,+,+,"Recent years have shown increase publication of papers and news, along with a similarly larger number of publications on racial fairness. So, I think these two factors are predominant. I personally know many women doing research in racial fairness as well. I also think the social sciences are the main area for this type of work.",increase publication of papers and news → increase awareness of the topic →larger number of publications on racial fairness,"social_science,news_inequality_mentions_3_years","social_science,paper_inequality_mentions_3_years","news_inequality_mentions_3_years,paper_inequality_mentions_3_years",+,+,+,"I think a social science journal reaches a large audience, and as the number of papers and news articles increases, their combined effect can therefore predict race.","social_science,natural_science,female,news_inequality_mentions_3_years,paper_inequality_mentions_3_years",1,5,,,2,,,,,,,3,4,+,+,,,+,,,,,,,+,+,"I think the social sciences and natural sciences are the two main fields for this type of work. Being female might make someone more interested in gender-related studies due to self-identity, and the growing number of news articles and papers can lead to greater awareness of this topic.",gender → more interested in gender studies → higher probability that a paper discusses gender inequality. social/natural science → more likely a target for gender studies → higher probability that a paper discusses gender inequality,"social_science,news_inequality_mentions_3_years","social_science,paper_inequality_mentions_3_years","social_science,female",+,+,+,"I think a social science journal is more likely to accept gender-related studies and reaches a large audience. As the number of papers and news articles increases, their combined effect can therefore predict gender.","Overall, this is within my expectations, as I’m seeing that social science and being female are among the top five. I didn’t select Asian and Black, but it might make sense, given that racial minority groups may care more about the topic due to self-identity.",racial minority groups may care more about the topic due to self-identity. I personally know many women doing research in racial fairness as well. I also think the social sciences are the main area for this type of work.,"minority racial group → more interested in the topic → more likely discuss racial disparity
social science  → targeted conference for racial related work",I think this aligns well with my predictions.,"I think a social science journal reaches a large audience, and as the number of papers and news articles increases, their combined effect can therefore predict race.","Apply regression to each causal edge, where the outcome e.g, ""discuss racial disparity"" regress on ""minority racial group"" like Asian/Black to assess the effects. And similar procedures can be applied to other variables. But note these are for correlations studies, causal conclusion can be done through back-door adjustment with sufficient identified confounding variables.","This can include additional confounding features, e.g, social factors of authors, institutions, country, etc",Quite aligned with what i predict overall.,"I think the social science is the main fields for this type of work. Natural sciences is likely on the opposite. Being female might make someone more interested in gender-related studies due to self-identity, and the growing number of news articles and papers can lead to greater awareness of this topic",gender → more interested in gender studies → higher probability that a paper discusses gender inequality. social science → more likely a target for gender studies → higher probability that a paper discusses gender inequality. natural science → less likely a target for gender studies → lower probability that a paper discusses gender inequality,"Except the last factor, the remaining two aligns with my expectations","I think a social science journal is more likely to accept gender-related studies and reaches a large audience. As the number of papers and news articles increases, their combined effect can therefore predict gender.","Start by regression testing, where the outcome is regressed on independent features. Then apply causal testing to check for causality conclusion.","Collect and condition on additional confounding features like author institutions, social factors and country, etc.",Theories proposed by GenAI models after reviewing (1) the machine-learning results and (2) the revised theories of human experts who have reviewed the machine-learning results,Theories proposed by GenAI models after reviewing (1) the machine-learning results and (2) the revised theories of human experts who have reviewed the machine-learning results,Interesting study! Good luck!,25,Male,China,United States of America,15,2027,machine learning for health,1,1,1,UC Berkeley & UCSF
0,Peihong Liu,"social_science,natural_science,engineering_and_technology,country_race_diversity_score,news_inequality_mentions_3_years",1,5,4,,,,,,,,3,2,,+,-,-,,,,,,,,+,+,,"Firstly, similar to gender inequality, racial inequality is also a socio-economic topic and naturally papers from fields in social science have higher probability to discuss it. Secondly, engineering and technology and natural science topics are less likely to are less likely to cover topics such as inequality. Thirdly, racial inequality often hurts minorities, therefore I would expect authors from countries with dominant race to resonate and contribute more to this topic.  Finally, news_inequality_mentions would increase the probability of studies in gender inequality because media coverage and exposure may subconsciously affect researchers' motivation to conduct related research.","Social Science (X1) → (+)  Probability of Racial Inequality (Y)
Natural Science (X2) → (-) Probability of Racial Inequality (Y)
Engineering and Technology (X3) → (-)  Probability of Racial Inequality (Y)
Country Diversity (X4) → (+)Black (mediator) → (+)  Probability of Racial Inequality (Y)
News Mention (X5) → (+)Black (mediator) → (+)  Probability of Racial Inequality (Y)","social_science,black","black,news_inequality_mentions_3_years","engineering_and_technology,asian",+,+,-,"I would assume that the higher the share of black authors in a social science paper, the more likely the this paper is about racial inequality. Similarly, news_inequality_mentions should reinforce the share of racial inequality topics in social science papers. This is because African American are relatively speaking more prone to be victims of racial inequality and receive the most media coverage. Together, the two factors should reinforce each other such that when news cover more racial inequality and the authors are mostly made-up of black researchers, the probability of the topic being racial inequality rated should be higher.   Finally, I assume a paper by mostly Asian authors published in a engineering and technology journal to be least likely to discuss racial inequality.","social_science,natural_science,engineering_and_technology,female,news_inequality_mentions_3_years",1,3,2,,4,,,,,,,5,,+,-,-,,+,,,,,,,+,,"Firstly, gender inequality is by nature a socio-economic topic and naturally papers from fields in social science have higher probability to discuss it. Secondly, engineering and technology and natural science topics are more likely to be gender neutral and less likely to cover topics such as inequality. Thirdly, gender inequality often hurts women more then men, therefore I would expect female authors to resonate and contribute more to this topic.  Finally, news_inequality_mentions would increase the probability of studies in gender inequality because media coverage and exposure may subconsciously affect researchers' motivation to conduct related research.","Social Science (X1) → (+)  Probability of Gender Inequality (Y)
Natural Science (X2) → (-)  Probability of Gender Inequality (Y)
Engineering and Technology (X3) → (-)  Probability of Gender Inequality (Y)
Female (X4) → (+)  Probability of Gender Inequality (Y)
News Mention (X5) → (+)  Probability of Gender Inequality (Y)","social_science,female","social_science,news_inequality_mentions_3_years","engineering_and_technology,female",+,+,+,"I would assume that the higher the share of female authors in a social science paper, the more likely the this paper is about gender inequality. Similarily, news_inequality_mentions should reinforce the share of gender inequality topics in social science papers. It will also be interesting to know whether more gender inequality papers increase news mentioning of inequality. Finally, I assume a paper by all female authors published in a engineering and technology journal is more likely to discuss gender inequality than that written by all male.",I did not expect female and Asian researchers to be positive predictors of racial inequality researches.,"Firstly, similar to gender inequality, racial inequality is also a socio-economic topic and naturally papers from fields in social science have higher probability to discuss it. Secondly, racial inequality often hurts minorities, therefore I would expect authors from countries with dominant race to resonate and contribute more to this topic.  Finally, news_inequality_mentions would increase the probability of studies in racial inequality because media coverage and exposure may subconsciously affect researchers' motivation to conduct related research. However media coverage of racial inequality topics may come in waves, therefore, the result was not top 5 strength of association.","I will add 2 more main models
Asian  → (+) Probability of Racial Inequality
Female  → (+)  Probability of Racial Inequality
",Similar to the gender inequality section. I am surprised to see a negative interaction effect in female*social science. I could be the case that female researchers in social science are discouraged to discuss such topics. ,"I would assume that the higher the share of black authors in a social science paper, the more likely the this paper is about racial inequality. Similarly, news_inequality_mentions should reinforce the share of racial inequality topics in social science papers. This is because African American are relatively speaking more prone to be victims of racial inequality and receive the most media coverage. Together, the two factors should reinforce each other such that when news cover more racial inequality and the authors are mostly made-up of black researchers, the probability of the topic being racial inequality rated should be higher.","I would employ natural experiments to study the probability of publications immediately after racial violence/violation incidents. I believe immediately after such incidents, media coverage will be a much stronger predictor, and the authors that share the same race as the victim would be more likely to publish racial inequality related researches. ",Include more university related geographic and demographic information. the expected results are similar to that in the gender section,I agree with the predictions,"Firstly, gender inequality is by nature a socio-economic topic and naturally papers from fields in social science have higher probability to discuss it. Secondly, natural science topics are more likely to be gender neutral and less likely to cover topics such as inequality. Thirdly, gender inequality often hurts women more then men, therefore I would expect female authors to resonate and contribute more to this topic. Also, Asian countries are experiencing the wave of female awakening and feminism, therefore Asian authors are more likely to conduct researchers on gender inequality.  Finally, news_inequality_mentions would increase the probability of studies in gender inequality because media coverage and exposure may subconsciously affect researchers' motivation to conduct related research.","Social Science (X1) → (+)  Probability of Gender Inequality (Y)
Natural Science (X2) → (-)  Probability of Gender Inequality (Y)
Female (X3) → (+)  Probability of Gender Inequality (Y)
News Mention (X4) → (+)  Probability of Gender Inequality (Y)
Asian (X5) → (+)  Probability of Gender Inequality (Y)",I am actually surprised to see a negative relationship for female*social science. It could be because female authors in the field of social sciences are discouraged from publishing gender inequality related researches. ,"Firstly, news_inequality_mentions should reinforce the share of gender inequality topics in social science papers. It will also be interesting to know whether more gender inequality papers increase news mentioning of inequality. Finally, I think female researches in the field of social sciences may be systematically discouraged from publishing gender inequality papers.",I will begin with running regression analysis. a significant coefficient that matches the sign of my theoretical predictions would support my theory.,"I believe some additional geographic features of the authors' affiliated universities may strengthen the evaluation of my theory. I believe they would be important control variables for my regression analysis. From the very least, I believe these variables can increase the coefficient of determination (r2) of my models.  also university_gender_ratio can be an important factor. I believe universities with stronger general education programs and campuses with more diverse student and faculty bodies are more likely to produce gender inequality researches. ",Theories proposed by GenAI models after reviewing (1) the machine-learning results and (2) the revised theories of human experts who have reviewed the machine-learning results,Theories proposed by human experts after reviewing the machine-learning results,"For the 2 questions in the final step, consider adding ""Theories proposed by human experts after reviewing (1) the machine learning results and (2) theories proposed by GenAI models""",32,Male,China,United States of America,27,2026,Service Management,,,5,Cornell University SC Johnson College of Business
0,Gavin Jared Bala,"natural_science,engineering_and_technology,black,authors_race_diversity_score,paper_inequality_mentions_3_years",,3,1,,,,4,,,2,,,5,,-,-,,,,+,,,+,,,+,"It's a similar situation to the situation with gender, for the natural_science and engineering_and_technology variables. Since Hispanics are grouped with other races, probably the most correlated would be the estimated share of Black authors, because racial discrimination against them is most discussed and studied and an increased interest in studying the phenomenon seems plausible. A more racially diverse team of authors seems likely to predict that the authors are interested in investigating racial inequality as well (considering the company they are keeping for writing the paper). This left only room to mention one of news or paper mentions, but I think paper mentions would be more significant. As for the order, I am not sure, so I have interleaved them similarly to the situation for gender inequality.","Natural Science (X1) → (-) Number of Subfields Related to Racial Inequality (mediator) → (+) Paper About Racial Inequality (Y)

Engineering and Technology (X2) → (-) Number of Subfields Related to Racial Inequality (mediator) → (+) Paper About Racial Inequality (Y)

More Black Authors (X3) → (+) Increased Interest in Racial Inequality Issues By Authors (mediator) → (+) Paper About Racial Inequality (Y)

More Diverse Authors (X4) → (+) Increased Interest in Racial Inequality Issues By Authors (mediator) → (+) Paper About Racial Inequality (Y)

Paper Inequality Mentions (X5) → Increased Interest in Racial Inequality Issues By Authors (mediator) → (+) Paper About Racial Inequality (Y)","num_authors,authors_race_diversity_score","num_authors,black","engineering_and_technology,paper_inequality_mentions_3_years",+,+,-,"Similar situation to gender inequality: as the number of authors increases, the diversity score becomes a more important signal (in terms of how much it deviates from a representative sample), and so does the proportion of Black authors (they seem about equally likely to be important). But if there are more mentions of inequality in papers, then the fact that the journal is on engineering and technology should not be as important - though I think the number-of-authors factor would matter more just because the mathematics makes it harder to tell a convincing alternative just-so story.","natural_science,engineering_and_technology,female,news_inequality_mentions_3_years,paper_inequality_mentions_3_years",,3,1,,5,,,,,,,4,2,,-,-,,+,,,,,,,+,+,"The number of mentions about inequality in the news or in other papers in the last 3 years seems likely to spur researchers to study it. Social science journals have a chance to consider gender inequality in many contexts as part of their field, whereas natural sciences or engineering journals seem likely to only consider it as relevant when it's about gender inequality among researchers. We have put the ranking as interleaving because we're not really sure which would be more important. As for the share of female authors, I think there would be small positive correlation because a very gender-unequal authorship seems less likely to publish a paper about gender inequality.","Paper_Inequality_Mentions_3_Years (X1) → (+) Interest in Studying Gender Inequality (mediator) → (+) Paper Discusses Gender Inequality (Y)

News_Inequality_Mentions_3_Years (X2) → (+) Interest in Studying Gender Inequality (mediator) → (+) Paper Discusses Gender Inequality (Y)

Natural Science (X3) → (-) Subfields Making Gender Inequality Relevant (Mediator) → (+) Paper Discusses Gender Inequality (Y)

Engineering and Technology (X4) → (-) Subfields Making Gender Inequality Relevant (Mediator) → (+) Paper Discusses Gender Inequality (Y)

Female (X5) → (+) Authors Likely to Publish on Gender Inequality (Mediator) → (+) Paper Discusses Gender Inequality (Y)","num_authors,female","natural_science,news_inequality_mentions_3_years","engineering_and_technology,news_inequality_mentions_3_years",+,-,-,"If there are more authors, then variations upward away from the mean proportion of female authors in the field should mean more. By itself natural science and engineering and tech should generally predict a paper's less likely to be about gender inequality, but if there are lots of mentions about gender inequality in the news lately, the impact should be less as there should be more features speaking about gender inequality among researchers in the field. These seem most important for changing how important these variables are.","Regarding (1), that's similar to the issue I discussed for gender inequality. I am surprised I only got (5) right. Evidently gender inequality and social inequality must somewhat attract similar kind of researchers for (2), (4), and (5) to hold true. And I suppose (although I didn't suggest it earlier because I wasn't sure if I was supposed to) (4) disproves my revised theory for gender inequality also. I also find it surprising in (3) that the original countries are more important than the diversity on the paper, but in hindsight I can think of a theoretical explanation.","It's a similar situation to the situation with gender (revised), for the social_science variables. Since Hispanics are grouped with other races, probably the most correlated would be the estimated share of Black and Asian authors, because those wouldn't be impacted by grouping together radically different experiences under one variable. A more racially diverse country of origin seems likely to predict that authors are interested in investigating racial inequality as well (considering the company they are keeping for writing the paper). Moreover, it should be noted that interest in being one kind of minority also seems correlated with interest in being another kind, so female score should be relevant here too.","Social Science (X1) → (+) Number of Subfields Related to Racial Inequality (mediator) → (+) Paper About Racial Inequality (Y)

More Black Authors (X2) → (+) Increased Interest in Inequality Issues By Authors (mediator) → (+) Paper About Racial Inequality (Y)

More Asian Authors (X2) → (+) Increased Interest in Inequality Issues By Authors (mediator) → (+) Paper About Racial Inequality (Y)

More Diverse Country of Origin for Authors (X4) → (+) Increased Interest in Inequality Issues By Authors (mediator) → (+) Paper About Racial Inequality (Y)

More Female Authors (X5) → (+) Increased Interest in Inequality Issues By Authors (mediator) → (+) Paper About Racial Inequality (Y)","Again, really different, and I think for a similar reason to the equivalent question for gender inequality.","Similarly to gender inequality, since the social science researchers should be more plugged into the news and papers on inequality discourse, they should be more influenced by a higher amount of discourse on the topic to research racial inequality themselves. And likewise since women are less underrepresented in social science, we would expect female authorship to be less important there - particularly since now we are discussing racial inequality (we might expect that in social science there'd be room to separate the two kinds of inequality, whereas in natural science given the likely focus of the journals they might be covered together in a special feature on inequality among researchers).",Again we could mostly do regression-based correlation analyses for the obvious variables (at which point the coefficients would tell us if the results support our theoretical expectation).,"Again I want the same thing as in the gender inequality questions - whether the paper is about inequality among researchers in the field or elsewhere. I'd expect that for natural sciences and engineering, a paper about racial inequality is very likely about inequality among researchers in the field, whereas this wouldn't be the case in social sciences.","(2), (3), and (5) are as I expected, whereas (1) and (4) are not quite what I expected. In the case of (1), this may be a result of me finding a few too many features plausible; it would have formed a natural pair with natural_science, and I wrongly picked engineering instead.

For (4), though, this is a surprise. One could come up with reasons, e.g. perhaps being Asian puts one in an interesting situation of being non-white, but not so underrepresented in academia, so one gets interested in inequality issues while being steered towards gender rather than racial issues. But it is not too clear why this should be important and there are a lot of moving parts here.","The number of mentions about inequality in the news or in other papers in the last 3 years seems likely to spur researchers to study it, so this should be one of the important effects - but papers should be by far more important, since people are more interested in what their peer group is thinking and we are considering researchers. Social science journals have a chance to consider gender inequality in many contexts as part of their field, whereas natural sciences or engineering journals seem likely to only consider it as relevant when it's about gender inequality among researchers; the social vs natural science dichotomy seems important here. We have put the ranking as interleaving because we're not really sure which would be more important. As for the share of female authors, I think there would be positive correlation because a very gender-unequal authorship seems less likely to publish a paper about gender inequality. Special attention should also be paid to potential considerations about racial minority status when that minority status is not so underrepresented in academia (i.e. Asians); that might drive researchers to be interested in inequality issues but gravitate to gender rather than race.","Asian (X1) → (+) Interest in Studying Inequality (mediator) → (+) Paper Discusses Gender Inequality (Y)

Asian (X1) → (-) Interest in Studying Racial Inequality (mediator) → (+) Paper Discusses Gender Inequality (Y)

News_Inequality_Mentions_3_Years (X2) → (+) Interest in Studying Gender Inequality (mediator) → (+) Paper Discusses Gender Inequality (Y)

Natural Science (X3) → (-) Subfields Making Gender Inequality Relevant (Mediator) → (+) Paper Discusses Gender Inequality (Y)

Social Science (X4) → (+) Subfields Making Gender Inequality Relevant (Mediator) → (+) Paper Discusses Gender Inequality (Y)

Female (X5) → (+) Authors Likely to Publish on Gender Inequality (Mediator) → (+) Paper Discusses Gender Inequality (Y)","This is all not very similar to my expectations (although I suppose I might have gotten some of the idea by guessing natural sciences together with how many mentions about gender inequality there are in the news). I think when we get to second-order interactions it becomes significantly harder to guess, particularly when we are not so familiar with the situation behind the questions being asked, and so I end up far from the empirical evidence if asked to speculate on my own.","Social science, seeing as news and papers discussing inequality would be likely read by its researchers, is more likely to be impacted by trends in said news and papers. Consequently, if coverage of inequality in news and papers has recently been high, researchers seem more likely to be investigating gender inequality. Women being more underrepresented in natural science than social science, it makes sense that the marginal impact of female authorship on whether a paper discusses gender inequality should be smaller in social science - and a paper in natural sciences with a high share of female authors seems likelier than usual to discuss gender inequality.",I think you could do a natural experiment regarding whether the paper was published before or after gender inequality became more salient (e.g. the start of MeToo). The rest of the theory could be studied with the obvious regression-based correlation analyses.,"It would be interesting to have an extra variable about whether the paper is about gender inequality among researchers in the field, or studying gender inequality elsewhere. I think if my theory were correct, in natural science papers the gender-inequality papers would be very heavily weighted towards inequality among researchers in the field rather than elsewhere, whereas it would likely be the opposite for social sciences.",Theories proposed by GenAI models after reviewing (1) the machine-learning results and (2) the revised theories of human experts who have reviewed the machine-learning results,Theories proposed by human experts after reviewing the machine-learning results,"AI text tends to be pretty polished at sounding convincing and persuasive, the more so if it has studied what human experts give and will therefore use the jargon that they use (and sound persuasive as a likely field expert to someone reading it not knowing it's AI) - but human experts seem more in touch with the actual empirical results (since they have access to elements of the real world that might not be obvious from text corpora alone). Hence my prediction above.

The survey was very well-designed, I think! I learned a lot from it too.",27,Male,Singapore,Singapore,27,2029,Decision Sciences,0,0,3,INSEAD
0,Ruijia Zhang,"asian,black,hispanic_and_other,white,news_inequality_mentions_3_years",,,,,,2,1,3,4,,,5,,,,,,,+,+,+,+,,,+,,"The first four are directly races. If they highlight race terms in the title, they are more likely to be associated with race inequality to me. The last one is the news coverage of inequality. There could be many different types of inequalities in the news. Also, I think there will be more race inequality appearing on news than papers. That's why I exclude paper as features.","Black/Asian/Hispanic/White (X1) → (+) Race Issues or Topics → (+) Race Inequality
news_inequality_mentions_3_years → (+) Race News → (+) Race Inequality","social_science,female","female,news_inequality_mentions_3_years","female,paper_inequality_mentions_3_years",-,-,-,"If they are social science or news/papers related to female, it will direct the audience more towards gender issues. I believe they are not talking mainly about racial inequality. Therefore, I gave them all negative signs.","social_science,num_authors,female,news_inequality_mentions_3_years,paper_inequality_mentions_3_years",5,,,4,1,,,,,,,3,2,+,,,-,+,,,,,,,+,+,"Female, inequality mentioned in news/papers are directly related to gender inequality. Therefore, I rank them as top important with positive correlation. Social science is too broad, and it may discuss gender inequality, so I rank it after those three, but still consider positively related. Lastly, number of authors does not suggest anything about the paper or content, from my own opinion. Therefore, I consider it negatively associated. The degree that I find it useless is more than the degree I believe social science is exactly about the gender inequality.","Female → (+) Issues on Female Growth or Feminism Development→ (+) Gender Inequality 
news/paper_inequality_mentions_3_years → (+) Inequality phenomenon in the society→ (+) Gender Inequality 
Number of authors → (+) The scale of this paper and project volume → (-) Gender Inequality 
Social Science→ (+)  Inequality phenomenon in the society→ (+) Gender Inequality ","social_science,black","social_science,asian","social_science,hispanic_and_other",-,-,-,"I think social science is a broad class, and it may include many inequalities, such as gender inequality and race inequality. If another feature related to race emerges, that certainly reduces the chance of gender inequality to me. From my observations on social news, black, asian, and hispanic gender issues decrease.  ","Well, only female score is beyond my expectation. I don't have a very plausible reason for this. Maybe female researchers are better at observing inequality phenomenon and expressions.","I decide not to update my theory for the same reason. I am not fully aware of the full ranking list and how the model is derived. Also, what data is used is concerning to me.","I decide not to update my theory for the same reason. I am not fully aware of the full ranking list and how the model is derived. Also, what data is used is concerning to me.",I found interesting that social science cofounded with papers/news increase the likelihood of race inequality so much. I hypothesized that it may be due to racial discussions may raise more attention and get published.,"No, I do not want to update my theory. I still believe that my reasoning makes sense. I am not aware of full details of data and experiments. Besides, I do not believe regression type experiments, which cannot reflect the true causal relationship.",Run a logistic regression predicting whether a paper mentions racial inequality from black/asian/hispanic_and_other/white. My theory is supported if higher non-White author shares are positively associated with mentioning racial inequality.,Add whether the paper’s first author or last author is Black / Hispanic / Asian.Then we run a logistic regression to see if there is a positive relationship.,"Most are reasonable. I feel surprised about the asian authors result. I think maybe Asian society is more patriarchal, so more asian authors are making their attempts to change the society.","I decide not to revise my theory for now. Since my theory actually coincides with the ML model for 3/5, I think it is at least reasonable. Also, I am not fully aware of how the ML model is derived and whether it is significant or not. I may need a full ranking list and more evidence to be convinced.",I may not revise for the same reason above.,"The first two makes most sense to me. The third one diverges from what I expected, I don't know exactly why. Maybe if the authorship share of females is high, those authors are more surrounded by successful females like themselves. And they may be less aware of the systematic gender inequality.","I decided not to revise my theory. I still stand firm to my belief that if race comes with inequality, it will decrease the chance of gender inequality issues.","I will run a logistic regression predicting whether a paper mentions gender inequality from female, social_science, num_authors, news/papers_inequality_mentions_3_years. Results would support my theory if the only the num_authors are negatively correlated, while the others are positively correlated.","An additional variable would be whether the first author and/or last author is female, since these author roles often take more important roles in writing. I would test this by adding binary indicators for “female first author” and “female last author” to the same logistic regression. My theory would be supported if papers with a female first/last author are more likely to mention gender inequality.",Theories proposed by GenAI models after reviewing (1) the machine-learning results and (2) the revised theories of human experts who have reviewed the machine-learning results,Theories proposed by human experts after reviewing the machine-learning results,This survey is indeed really really long. It makes me very easy to lose my attention and forget the context.,23,Male,China,United States of America,15,2028,Applied Mathematics,0,0,4,Johns Hopkins University
0,Alexis Du,"social_science,natural_science,engineering_and_technology,authors_race_diversity_score,country_race_diversity_score",5,1,2,,,,,,,3,4,,,+,-,-,,,,,,,+,+,,,"My line of reasoning structures around 3 main categories that are represented in the choices that I have made:
- Negative predictive effects for natural and hard sciences (natural_science, engineering_and_technology). I believe that the predictive effect should be negative as natural sciences such as mathematics and physics, tackle topics that are almost completely unrelated to racial concerns, as they are purely interested in abstract and mathematical theories that help advance their own field of study. However, a note of uncertainty in my reasoning lies in the fact that major ""natural science"" journals such as Nature, Science, PNAS, allow for broad interdisciplinary papers to be included within the journal, which would then concern many topics within the domain of racial concerns. If by natural_science, you only care about journals exclusively tackling mathematics, physics and theoretical fields of study, then my reasoning holds.
- Positive predictive effects for race diversity (authors_race_diversity_score, country_race_diversity_score). This is pretty intuitive and relates to the idea that the more salient a social issue is, the more inclined people are to think about it and study it. Countries that are highly diverse in ethnic population, will have much larger ethnic or racial social issues due to the nature of it's inequality structure (such as France, the UK, USA, Canada, etc), whereas highly homogenous countries often focus more on social issues within a collective racial ethnicity (Japan, China, South Korea). For instance, while both such countries study gender inequalities, I would not be surprised to find much more papers on gender inequality or gender differences in the homogenous countries relative to racial papers, whereas in diverse countries, racial AND gender papers might be closer in proportion. Authors' own personal racial diversity could also play a large role, mainly due to the fact that a larger more diverse co-author environment, is indicative of a diverse environment in either the country of origin, or country of employment. This surely influences the saliency of racial concerns towards an author.
- Positive association to social_science due to the nature of the field itself. This should also be very intuitive as social science related fields are fundamentally involved with the question of social harmony, equality, morality and interindividual differences. Not only are racial concerns fundamentally associated with the fields involved (economics, psychology, sociology, politics, etc), but furthermore, racial concerns have been very salient in these fields through previous mentions of it in research papers and through direct association with it in textbooks. I am strongly led to believe that people would publish or conduct research on racial concerns, and that more so, people interested in racial concerns would also lead themselves to study social sciences.

I would like to note however in the race diversity and social science categories, that there is also the legal issue involving whether authors are allowed to collect data on racial related information in participating individuals. For instance, France treats racial data in a highly sensitive manner, often disallowing researchers to handle it entirely for experimental studies. This might slightly affect my line of reasoning (although due to the majority of research being conducted in the US, I stand by my initial arguments)","I will model the following variables:

- natural_science (A1)
- engineering_and_technology (A2)
- natural and hard sciences (X1)

- authors_race_diversity_score (B1)
- country_race_diversity_score (B2)
- race_diversity (X2)

- social_science (X3)

- topic relatedness to race (mediator)
- racial saliency (mediator)
- personal experience (mediator)

- racial inequality discussed in paper (Y)

natural_science (A1) → (+) natural and hard sciences (X1) → (–) topic relatedness to race (mediator) → (–) racial inequality discussed in paper (Y)

engineering_and_technology (A2) → (+) natural and hard sciences (X1) → (–) topic relatedness to race (mediator) → (–) racial inequality discussed in paper (Y) (A1 and A2 have identical pathways, hence should be merged)

authors_race_diversity_score (B1) → (+) race_diversity (X2) → (+) racial saliency (mediator) → (+) racial inequality discussed in paper (Y)

country_race_diversity_score (B2) → (+) race_diversity (X2) → (+) racial saliency (mediator) → (+) racial inequality discussed in paper (Y)

country_race_diversity_score (B2) → (+) social_science (X3) → (+) personal experience (mediator) → (+) racial inequality discussed in paper (Y)

social_science (X3) → (+) topic relatedness to race (mediator) → (+) racial inequality discussed in paper (Y)

social_science (X3) → (+) racial saliency (mediator) → (+) racial inequality discussed in paper (Y)","country_race_diversity_score,news_inequality_mentions_3_years","black,news_inequality_mentions_3_years","social_science,country_race_diversity_score",+,+,+,"For the following 3 interaction effects:

- country_race_diversity_score is a continuous variable that should correlate to mentions of racial inequality (think of authors living in USA for example). When news relating to racial inequality (economic or political), it triggers many different reactions from people, including researchers (emotional intensity, racial saliency, belief of a degradation in racial concerns due to news saliency). Hence, news relating to inequality in general should trigger that of which relates to racial inequalities because they are prevalent in race diverse countries, leading to an increase in papers tackling racial inequality.
- Due to the specific circumstances surrounding black communities in diverse western countries (USA, France, UK), relating to higher levels of poverty, single motherhood, crime and assault rates, it is reasonable to say that black individuals would be exposed to these adverse effects of life, due to being directly part of that environment, or knowing people within that area. Hence the mentioning of news related to inequality could enhance the saliency of their personal experiences, leading to higher levels of papers on racial inequality when the share of black authors are higher.
- This final interaction effect is related to the concern that I addressed earlier, on how different countries influence the saliency of racial concerns in general. If authors' country of origin has a higher race diversity score, then they are more likely to engage in topics related to racial issues in social sciences. For more homogenous countries, they would be interested in social topics relating to non racial issues.
","social_science,natural_science,engineering_and_technology,female,news_inequality_mentions_3_years",3,1,2,,4,,,,,,,5,,+,-,-,,+,,,,,,,+,,"I would once again separate these 5 variables into 3 distinct categories:
- Similar to the previous category for racial issues, natural-science and engineering_and_technology tackles topics that have little to do with social issues, as well as social inequalities. However, the studying of gender inequality within natural sciences, is a well known major topic of concern, and for interdisciplinary journals such as the ones that I mentioned before, they might in fact talk more often about it than purely natural science related ones.
- female should very intuitively correlate to the mentioning of gender inequality in papers, as there is often a direct personal or in-group association to gender inequality in every aspect of their lives. Hence I am inclined to believe that this is going to significantly influence the likelihood of mentioning a paper. 
- Finally, news regarding inequalities and social science should enhance the saliency of not only inequalities, but gender inequalities, leading to higher levels of that mentioned in papers (similar argument to the racial inequality one)","I have the following variables:

- natural_science (A1)
- engineering_and_technology (A2)
- natural and hard sciences (X1)

- news_inequality_mentions_3_years (X2)
- social_science (X3)
- female (X4)

- topic_relatedness (mediator)
- gender inequality saliency (mediator)
- personal experience (mediator)

- mentioning of gender inequality in paper (Y)

natural_science (A1) → (+) natural and hard sciences (X1) → (–) topic_relatedness (mediator) → (–) mentioning of gender inequality in paper (Y)

engineering_and_technology (A2) → (+) natural and hard sciences (X1) → (–) topic_relatedness (mediator) → (–) mentioning of gender inequality in paper (Y)

news_inequality_mentions_3_years (X2) → (+) gender inequality saliency (mediator) → (+) mentioning of gender inequality in paper (Y)

social_science (X3) → (+) topic_relatedness (mediator) → (+) mentioning of gender inequality in paper (Y)

social_science (X3) → (+) gender inequality saliency (mediator) → (+) mentioning of gender inequality in paper (Y)

female (X4) → (+) personal experience (mediator) → (+) mentioning of gender inequality in paper (Y)","natural_science,female","engineering_and_technology,female","female,black",-,-,+,"Here, my line of reasonings are very simple:
- For the interactions effects between female and the natural and hard sciences, I imagine that having female authors incentivises them to talk about gender inequality within natural and hard sciences and STEM due to the disproportionate ratio of men to women in those fields of study. This exacerbates gender inequality for female authors, leading them to bring up more issues related on that specific topic. It should have a negative effect on the natural and hard sciences variables as women will be more likely to bring up these topics in the natural and hard science journals, to spread direct awareness on the reasons behind gender inequality, and to do so in those journals so that authors in those field are exposed to this issue (as authors in social sciences are much more well-versed in the topics relating to inequalities).
- The interaction effect of female and black is related to the disproportionate amount of black women subject to single motherhood in the US and in the UK. This could lead to a substantial saliency in the personal experience of this issue, propulsing black women or female authors in a country with a large black population to have higher awareness in gender inequality. Higher proportions of black ethnic populations, should significantly increase the correlation between the female variable and the mentioning of gender inequality in papers.","The ML results seem to be very logical overall, and I will tend to agree as asian and black variables were the ones that I would've picked for the 6th and 7th most important variables. Without any knowledge on how the Random Forest treated the dataset, I'm assuming that it was done in a robust manner, which would lead me to rethink my hypothesis on the natural and hard science variables. Perhaps there are not fewer papers mentioning racial inequality, as the journals in those fields are more accepting of a larger variety in topics (which would lead me to think about my hypothesis on the major papers such as Nature, Science and PNAS).

Female_score being a major predictive variable is a huge divergence from my expectation, but it could be explained by psychological differences in what men and women are interested in, as well as the pure saliency of inequality within their lives (women face more inequalities than men in general despite gender friendly policies in recent years).","After reviewing the ML results, I would keep the same theory for the social science pathway, and propulse it as the main indicator of it resulting in mentions of racial inequality. As for my category in race diversity, this would be more akin to separating it into race saliency and personal experience directly (as the mediators). Instead of combining the variables into a single race diversity variable, I would keep them separate and have country_race_diversity_score, black, asian and female. These variables would then relate to the notion of racial saliency, and for black, asian and female, also to the notion of personal experience. Finally, I would remove natural and hard sciences.

NOTE: Although I would make these changes, I also do believe that robust research requires establishing hypotheses beforehand and then reporting whether a hypothesis was validated or rejected after analysing the results. So in a real research paper, I wouldn't feel very comfortable removing parts of my framework, but rather stating in the discussion part that this is not supported by the data.","The new diagram would be:

country_race_diversity_score (X2) → (+) social_science (X1) → (+) personal experience (mediator) → (+) racial inequality discussed in paper (Y)

social_science (X1) → (+) topic relatedness to race (mediator) → (+) racial inequality discussed in paper (Y)

social_science (X1) → (+) racial saliency (mediator) → (+) racial inequality discussed in paper (Y)

country_race_diversity_score (X2) → (+) racial saliency (mediator) → (+) racial inequality discussed in paper (Y)

female_score (X3) → (+) racial saliency (mediator) → (+) racial inequality discussed in paper (Y)

asian (X4) → (+) racial saliency (mediator) → (+) racial inequality discussed in paper (Y)

black (X5) → (+) racial saliency (mediator) → (+) racial inequality discussed in paper (Y)

female_score (X3) → (+) personal experience (mediator) → (+) racial inequality discussed in paper (Y)

asian (X4) → (+) personal experience (mediator) → (+) racial inequality discussed in paper (Y)

black (X5) → (+) personal experience (mediator) → (+) racial inequality discussed in paper (Y)
","The results seem to diverge from my expectations due to the fact that in the ML results, the social science variable on racial inequality is much higher (at the top). Hence the interaction effects of publishing a paper mentioning racial inequality in a social science paper, is much more evident and important as an interaction effect than the ones that I mentioned. I do believe that the interaction effects that I mentioned could be significant, although perhaps not as important as the ones that the ML results found. As for the interaction effect of female and social science, it makes sense, as it might corroborate to the fact that women will be more focused on addressing gender inequality, rather than racial inequality when given the choice.","I would establish 2 new theories on interaction effects:
- Authors in social science publish more papers on issues relating to racial inequality when they perceive news relating to inequality, or when they see more papers published on inequality, more so than other fields. This makes sense as social science is by itself, fundamentally involved in the matters regarding social inequality as a whole. Hence the increase in racial inequality should follow the increase in inequality topics in general
- Female authors are led to publish more papers mentioning gender inequality rather than racial inequality in social sciences, as they are more predominantly concerned with that topic, as they might've gone into social science with that interest in mind from the start","A good way to test whether or not these variables have a serious correlational relationship with the mentioning of racial inequality, would be to conduct a LASSO regression, which runs through multiple iterations of regression analyses, and calculating the regression combination with the best fit for set variables. This allows for the regression to select which variables to keep in a regression to ensure no overfitting, while allowing for important variables to be selected (if you force it to only keep 5 variables, then it will select the ones that explain the best the variations of the dependent variable). As my theory is often revolved around categorising certain variables together, it could also be good to run a k-cluster to check and identify if there are any potential dimensional clusters (or you could also run a PCA). ","My theory, mainly focused on mediators related to topic relatedness, racial saliency and personal experience, could be further enhanced with data on the macroeconomic differences in authors' country of birth (which are estimated through names). By providing things like GDP per capita, Gini coefficient, HDI index, you can compare country differences and estimate the influence of that on racial saliency as well as personal experience. People who have gone through hardships, lived in harsher conditions, could be more involved and interested in social issues regarding inequalities, hence racial inequalities.","The ML results are fairly coherent to my expectations, although I did not consider asian as a potential factor. This makes relatively sense as asian populations living in asian countries, undergo much stricter conservative environments that discriminate women at a higher proportion. As for the paper inequality mentioning, I was hesitating between that and the news, as I believe that they should be relatively similar (although paper being more important makes sense as researchers usually more knowledgeable about the academic sphere)","I would keep my initial theory on natural sciences, perhaps remove engineering and technology as that does not seem to corroborate the ML findings. Keep the social science and replace the news with papers mentioned, as explained previously in my reasoning. Finally, keep the female score as it is also in line with my initial theory.","I have the following variables:

- natural_science (X1)

- paper_inequality_mentions_3_years (X2)
- social_science (X3)
- female (X4)
- asian (X5)

- topic_relatedness (mediator)
- gender inequality saliency (mediator)
- personal experience (mediator)

- mentioning of gender inequality in paper (Y)

natural_science (X1) → (–) topic_relatedness (mediator) → (–) mentioning of gender inequality in paper (Y)

paper_inequality_mentions_3_years (X2) → (+) gender inequality saliency (mediator) → (+) mentioning of gender inequality in paper (Y)

social_science (X3) → (+) topic_relatedness (mediator) → (+) mentioning of gender inequality in paper (Y)

social_science (X3) → (+) gender inequality saliency (mediator) → (+) mentioning of gender inequality in paper (Y)

female (X4) → (+) personal experience (mediator) → (+) mentioning of gender inequality in paper (Y)

asian (X5) → (+) personal experience (mediator) → (+) mentioning of gender inequality in paper (Y)

asian (X5) → (+) gender inequality saliency (mediator) → (+) mentioning of gender inequality in paper (Y)","So this seems similar and in line with the findings on the racial inequality ML result, which makes a lot of sense. I think that although not entirely opposite, the theoretical idea of having a female and social science interaction effect negatively affecting the intensity of each other regarding mentioning gender inequalities, is similar to the interaction effect of female and natural science in the opposite way.","I would not change anything for the first part, mainly due to my assumption that the interaction effect is the same as found in the ML results, just flipped to the other side. I would however remove the black and female interaction effect, and focus more on establishing a theory on the social science and news/paper effect, as this seems to be very relevant across all topics of inequality (which makes sense and is highly relevant)","I think that similar to the racial inequality part, I would consider using a LASSO regression, as well as implementing PCA for dimensional reduction.","Here, I think that having variables on authors' country of residency (perhaps by searching through the authors' current institutional affiliation) could provide insight on the type of society that they are residing in, which could exacerbate or influence the saliency and personal experience of gender inequality (e.g. Japan and Denmark have important cultural differences, as well as political leaning). I hypothesise that living and researching in Japan, forces you to adhere to cultural traditions which worsens or makes gender inequality obvious, leading to researchers being more involved with that, whereas in Denmark, people might be more focused on racial inequalities.",Theories proposed by GenAI models after reviewing (1) the machine-learning results and (2) the revised theories of human experts who have reviewed the machine-learning results,Theories proposed by human experts after reviewing the machine-learning results,"I don't have a lot of comments to provide, but this was a very interesting and insightful survey to conduct. And I got to learn a lot about the current standing on racial and gender related topics in research!",23,Male,France,France,15,2030,"Decision Science, PhD in Management",,,,INSEAD
0,Dingzhe Leng,"social_science,black,authors_race_diversity_score,country_race_diversity_score,news_inequality_mentions_3_years",3,,,,,,1,,,4,5,2,,+,,,,,,+,,,+,+,+,,"The theoretical importance and ranking of these features are grounded in the principles of standpoint epistemology and sociocultural agenda-setting. The ""Black"" identifier is ranked as the primary predictor based on the assumption that a researcher’s lived experience and social identity—often referred to as positionality—are the strongest drivers of their research agenda; scholars from marginalized groups are theoretically the most likely to dedicate their intellectual labor to investigating the structures of their own marginalization. This is followed by the ""News Inequality Score,"" which reflects the cultural zeitgeist. The reasoning here is that academic inquiry does not happen in a vacuum; a heightened public and media focus on inequality creates a feedback loop of institutional funding and social urgency that nudges researchers toward these topics.

The ""Social Science"" designation is ranked third, serving as the necessary methodological container; while identity and environment provide the ""why,"" this discipline provides the specific qualitative and quantitative tools required to analyze race as a social construct. The ""Author Race Diversity Score"" and ""Country Race Diversity Score"" follow as secondary environmental factors. The assumption is that diverse collaborative teams and heterogeneous national contexts increase the ""salience"" of race, making it a more frequent subject of academic scrutiny through constant exposure to cross-cultural frictions. I anticipate a positive sign for all five features: as the researcher’s identity aligns with the subject, the media environment emphasizes inequality, and the disciplinary and demographic contexts become more diverse, the statistical probability of the paper focusing on race inequality increases. This reflects a belief that research is a direct byproduct of the scholar's identity filtered through their socio-political and institutional environment.","(1) Black ----------------> (3) Social Science 
    (Identity/Standpoint)       (Methodological Framework)
             \                    ^
              \                  /
               \                /
                v              /
(2) News Inequality Score ----/----------------------------> [ PAPER FOCUS: ]
    (Cultural Zeitgeist)     /                                [ RACE INEQUALITY ]
             /              /                                       ^
            /              /                                       |
           /              /                                        |
          v              /                                         |
(4) Author Race Diversity Score -----------------------------------|
    (Collaborative Environment)                                    |
             |                                                     |
             v                                                     |
(5) Country Race Diversity Score ----------------------------------/
    (Contextual Salience)","hispanic_and_other,paper_inequality_mentions_3_years","asian,white","natural_science,engineering_and_technology",+,+,-,"The ""Hispanic and Other"" identifier is ranked as a primary positive predictor because marginalized groups often possess the ""positional knowledge"" required to investigate racial stratification, whereas the ""White"" and ""Asian"" identifiers are expected to have negative signs, assuming these groups are more likely to align with dominant, race-blind academic traditions or technical disciplines. ""Paper Inequality"" is a crucial positive indicator because it serves as a direct thematic precursor; a study already quantifying disparity is statistically adjacent to race inequality research. Conversely, ""Natural Science"" and ""Engineering and Technology"" are expected to have strong negative signs because these fields are ""topic-constrained,"" prioritizing objective physical or technical systems over the socio-political structures necessary to analyze race. ","social_science,female,black,authors_race_diversity_score,news_inequality_mentions_3_years",3,,,,1,,5,,,4,,2,,+,,,,+,,+,,,+,,+,,"Gender inequality is one of the most popular topics in social science. Female is frequently mentioned because usually female is at a disadvantage. Social events like Black live matters draw attention to black groups. Naturally, people want to understand more about this group, including gender inequality. The author's background matters because I think people from diverse backgrounds are more likely to discuss common phenomena together, such as gender inequality.",social science→(+)gender inequality; female→(+)gender inequality;  black (correlated) gender inequality; The author's background→(+)gender inequality; ,"country_race_diversity_score,paper_inequality_mentions_3_years","natural_science,engineering_and_technology","num_authors,white",+,-,-,"I think academic explanations tend to have a trend. The country of the authors and the number of recent papers matter. For the rest of the factors, I don't think they are directly correlated, so I just use the negative sign, but I would rather choose a third option with no correlation.","I didn't expect female can be used to predict racial diversity. Theoretically, female scholars—regardless of their own race—are more likely to be trained in or sensitive to ""critical"" frameworks that analyze power, hierarchy, and systemic exclusion. Because the methodological tools used to study gender inequality (such as structural bias or institutional barriers) are highly transferable to the study of race inequality, female authors may possess a ""sociological imagination"" that makes them more likely to engage with racial justice topics than their male counterparts. ","The updated theory posits that the prediction of racial inequality research is driven by a combination of disciplinary infrastructure and a broadened marginalized standpoint epistemology. Social science remains the primary predictor because it serves as the necessary ""methodological container,"" providing the specific qualitative and quantitative tools required to analyze race as a structural rather than biological construct. The high rank and positive sign of the female_score—the most surprising development in the model—suggests a theory of intersectional solidarity or shared marginalization. This assumes that scholars who navigate gender-based hierarchies are theoretically more attuned to other forms of systemic power imbalances, making them more likely to apply their analytical focus to racial stratification. This is further supported by the positive signs for the country_race_diversity_score, as well as Asian and Black identifiers, which reflect contextual and positional salience. These features assume that a researcher’s lived experience in diverse or racially stratified environments increases the personal and professional urgency to investigate race. Collectively, the positive correlations across these features indicate that research on racial inequality is not a neutral occurrence but a byproduct of a ""critical mass"" of outsider perspectives—where being female, being from a diverse background, or being trained in social-scientific critique all converge to prioritize the study of systemic inequality.","(2) Female Score (+) --------> [ INTERSECTIONAL ] 
    (Shared Marginalization)     [  SOLIDARITY   ]
                                       |
(5) Black (+) -------------------------|
(4) Asian (+) -------------------------|                     ( + )
    (Positional Knowledge)             |----------------> [ PAPER FOCUS: ]
                                       |                  [ RACE INEQUALITY ]
(3) Country Race Diversity (+) --------|                         ^
    (Contextual Salience)              |                         |
                                       v                         |
(1) Social Science (+) ------------------------------------------/
    (Disciplinary Infrastructure/
     Methodological Container)",I still do not understand why female and social science interaction would give a negative prediction. Same as the reason for gender studies.,I do not want to update my theory as the same reason for before.,"To test the idea that Social Science acts as a specialized filter for the cultural zeitgeist, I would use a regression-based approach with a lagged temporal structure.

Proposed Test: Regress the probability of a paper discussing racial inequality against the News Inequality Score from the previous 12–24 months, interacted with a Discipline dummy (Social Science vs. others).","Speed of Publication/Review Cycle: The average number of months from submission to publication for a journal. This helps determine if the ""resonance"" is proactive (scholars reacting quickly to news) or structural (long-term funding shifts).
Media Citation Index (Reverse Impact): A variable tracking how often authors from a specific paper are cited in the news prior to the paper's publication. This would measure the ""public intellectual"" status of the authors.
University ""Diversity, Equity, and Inclusion"" (DEI) Budget/Staffing: A metric representing the institutional infrastructure of the lead author's university. This would help determine if the ""news"" leads to ""research"" because of a shift in internal university funding and hiring priorities.
Keyword Proximity to Protest Movements: A text-analysis score measuring how closely a paper's vocabulary matches the slogans or demands of contemporary social movements (e.g., matching terms like ""systemic racism"" or ""defund"" from news cycles to academic text).","I did not expect to see that Asian authors are more likely to discuss gender inequality. In many Asian academic contexts, especially within the social sciences, gender is a primary lens for analyzing modernization, labor market shifts, and demographic crises (such as declining birth rates or the ""missing women"" phenomenon). Scholars from or focusing on these regions are theoretically more likely to investigate gender disparities because these issues are central to the national development agendas and economic stability of many Asian countries. Furthermore, while Asian scholars in Western academia may sometimes be positioned (or self-position) within a ""model minority"" framework that deprioritizes racial conflict research to avoid professional friction, gender remains a globally recognized and ""legitimate"" axis of stratification that allows for rigorous quantitative and qualitative critique. ","Social science is the top predictor because it provides the specific analytical tools and vocabulary required to study social structures, while the natural sciences show a negative correlation because their focus on universal physical laws is structurally ""topic-constrained"" and detached from social variables. The high rank and positive sign of the female_score reinforce the belief that researchers with lived experience of gendered hierarchies possess the ""positional knowledge"" and motivation to make these disparities a central research focus. Furthermore, the positive significance of Asian authorship suggests a contextual salience where gender inequality is a pivotal theme in the developmental economics and modernization discourse of Asian nations, leading scholars from this demographic to prioritize it as a critical area of inquiry. Finally, the paper_inequality_mentions_3_years acts as a temporal catalyst, reflecting an ""academic zeitgeist"" where a general rise in the scholarly attention paid to inequality creates a spillover effect, increasing the institutional visibility and probability of gender-specific research. ","(1) Social Science (+) ----> [ METHODOLOGICAL ] 
    (Disciplinary Container)   [  FRAMEWORK   ]
             ^                  |
             |                  |
             |                  v
(3) Natural Science (-) ----> [ TOPICAL BARRIER ] 
    (Technical Constraint)      |
                                |
(2) Female Score (+) ---------->|
    (Standpoint Epistemology)   |       ( + )
                                |-----------------> [ PAPER FOCUS: ]
(4) Asian (+) ----------------->|                   [ GENDER INEQUALITY ]
    (Contextual/Regional        |                         ^
     Salience)                  |                         |
                                |                         |
(5) Paper Inequality (+) -------|                         |
    (Academic Zeitgeist/        |                         |
     Temporal Catalyst) --------|-------------------------/","I did not expect the interaction between social science and news, and the paper mentions its second-order importance. I thought these were highly correlated. I also didn't expect the interaction between females and social science has negative effect. ","I decide not to update my theory because the machine learning results, while providing more granular statistical nuance, ultimately confirm the fundamental drivers of my initial framework: the central role of gender in social science and the influence of external social events. My original belief that ""gender inequality is one of the most popular topics in social science"" and that ""social events... draw attention to groups"" is directly validated by the top interactions.Regarding the negative interaction between female authorship and social science, I believe this does not contradict my theory but rather reflects a statistical saturation point.","To investigate why the interaction between female authorship and social science is negative, I would conduct a sub-sample analysis or a marginal effects plot.

Proposed Test: I would calculate the ""baseline"" probability of a paper discussing gender inequality within Social Science (where it is a core topic) versus non-Social Science fields (where it is rare). Then, I would measure the ""marginal boost"" provided by a high female_score in both environments. I just want to understand why it is negative.","Additional Variables
Departmental Funding/Grants for Diversity (Institutional Incentive): A variable measuring the amount of specific grant money (e.g., NSF/NIH social science subsets or EU Horizon grants) earmarked for ""Gender"" or ""Diversity"" research at the lead author's institution.
Advisor/Mentor Research Focus (Lineage): A binary or categorical variable indicating whether the doctoral advisor of the lead author has previously published on gender inequality.
Curriculum Requirement Index (Disciplinary Depth): A score representing how many ""Gender Studies"" or ""Social Stratification"" courses are mandatory within a specific social science department’s degree program.
Prestige of the Journal (Gatekeeping): The Impact Factor or ""Ranking"" of the journal, categorized by its historical openness to social-critical topics versus purely technical/quantitative topics.",Theories proposed by GenAI models after reviewing (1) the machine-learning results and (2) the revised theories of human experts who have reviewed the machine-learning results,Theories proposed by GenAI models after reviewing (1) the machine-learning results and (2) the revised theories of human experts who have reviewed the machine-learning results,"The survey is a bit too long and dense. Sometimes, it takes a while to fully understand the question. Maybe listing an example answer to every question is helpful.
",27,Female,China,United States of America,13,2028,Quantitative Marketing,,,,"University of California, Berkeley"
0,Chen Kai Huang,"social_science,asian,black,white,authors_race_diversity_score",1,,,,,3,2,,4,5,,,,+,,,,,+,+,,-,+,,,,"Social_science is a broad field that includes discussion of racial inequality, so i ranked it as most important because it is an umbrella term. Asian and black are minority groups compared to white. Since scholars tend to focus on minority groups, I put white as less important. Finally, author_race_disverstiy_score implies a metric regarding race, so I considerd it as important. ","funding to social science research (+) → more hired researchers to study racial inequality (+) → papers published discussing racial inequality 
cutting funding to social science research (-) → less hired researchers to study racial inequality (-)  → reduced papers published discussing racial inequality ","engineering_and_technology,asian","social_science,authors_race_diversity_score","social_science,black",-,+,+,"In the first case, when a paper is dominated by asian authors and the paper is published in engineering and technology, the paper tends to be irrelevant in discussion of racial inequality so it should a strong negative predictor of second order interaction. On the other hand, social science paper with high author diversity implies a higher probability to discuss raical inequality because a paper regarding race may need different perspective from different races so a cross-race collaboration is likely. Finally, I guessed that a social science paper published by a minority group like black tend to be discussing social inequality issues. ","social_science,natural_science,engineering_and_technology,female,paper_inequality_mentions_3_years",2,4,5,,1,,,,,,,,3,+,-,-,,+,,,,,,,,+,"I believe that natural science and engineering/technology are irrelevant to the discussion of gender inequality. Meanwhile, female-dominated paper in the field of social science is prone to address the gender inequality issue. Lastly, mention of inequality has a high chance it addresses gener inequality.","Nature science and Engineering/Technology field (-) → No discussion of gender inequality

The type of paper is social science (+) → authors are primarily female (+) → mention of inequality as a keyword → More discussion of gender inequality","engineering_and_technology,asian","social_science,female","natural_science,num_authors",-,+,-,"I believe asians dominated paper in the field of engineering/tech has no second order intearction relevance to gener inequality. Also, a feature like the number of authors has nothing to do with gender inequality in terms of second order interaction, specially if it is no the domain of nature science where the first authors do the majority of the work. On contrary, female authors in the domain of social science likely have a strong second order interaction because females are minority gender group and social science is the appropriate platform to address gender ineqaulity.","I expect all the ML results, except asians is a positive indicator for racial inequality. This is because I personally did not encounter much asian scholars in social science.","I will not modify, because I identified most of the features correctly.","the paper is in the field of social science (+) --> authors are female (+) --> authors are asians or black (+) --> authors born in racially diverse country (+) --> more mention of racial inequality
",not surprised,"I believe that paper and news attention to inequality is the most important factor and the second order interaction compounds when the paper is published in social science platform because it is realistic outlet for opinions regarding racial ineqaulity. In addition, females are strong advocates for racial inequality in the field of social science. This may because of females being a gender minority in academia.",I can regression-based correlation analysis on female and social science to test whether there is such a strong positive correlation indicated by ML method.,I think time of publication is an additional variable because there are a lot less total amount of female social science scholar before 2000 versus after 2020.,not surprised,My initial theory stands as it correctly identifies most of the important features.,My initial diagram is a good enough model to not be updated,not surprised,"I believe asians dominated the paper in the field of engineering/tech has no second-order intersection relevance to gender inequality. Also, a feature like the number of authors has nothing to do with gender inequality in terms of second-order interaction, especially if it is not the domain of natural science where the first authors do the majority of the work. However, though they are valid, they are not a strong of an indicator as female authors in the domain of social science which has a strong second order interaction because females are minority gender group and social science is the appropriate platform to address gender ineqaulity.",I can run a regression-based correlation analysis to test if engineering/tech and asian is a strong negative indicator of gender inequality. ,"Additional variable could be age of the authors, because I postulate that a younger age may imply an open-mindedness that prone to address gender inequality.",Theories proposed by GenAI models after reviewing the machine-learning results,Theories proposed by GenAI models after reviewing the machine-learning results,Good luck in publication :) Awesome study,24,Male,China,United States of America,16,2030,Molecular biology,0,,1,Northwestern University Feinberg School of Medicine
0,Anmol Gupta,"social_science,black,white,authors_race_diversity_score,paper_inequality_mentions_3_years",1,,,,,,2,,4,3,,,5,+,,,,,,+,,-,+,,,+,"first is social_science, which I think will be most predictive as it's the field most focused on these issues, similar to gender inequality. Then, I rank Black as strongly positive, just building on representation theory (again, like gender inequality) where scholars from marginalized racial groups may be more likely to prioritize research questions around racial inequality. my third predictor is author_race_score which I think will capture the idea that racially diverse teams likely will bring heightened sensitivity or focus to these questions. Fourth, I expect white to be negatively associated partly because of assumptions about what topics white researchers prioritize (or deprioritize) but also because of the greater representation of the racial group in the academy. fifth, i thought paper_inequ_mentions would be another positive predictor (although the weakest) because rising academic attention to racial inequality could have similar diffusion effects to the gender context and lead to an epistemological shift","social science -> + racial inequality mentions
black -> + racial inequality mentions
author_diversity -> + racial inequality mentions
white -> - racial inequality mentions 
+ paper_mentions_3_years -> + racial ineq mentions","social_science,black","social_science,authors_race_diversity_score","black,paper_inequality_mentions_3_years",+,+,+,"all are positively predictive here. 

first is social science x black -- this combines representation with the disciplinary focus. 
second is social science x authors_race_diversity -- I theorize that racially diverse teams which work in inequality-focused disciplines (like social sciences) will be especially likely to produce work on racial inequality
third, i ranked black x paper_inequality_mentions. I might be overweighting the impact of agenda setting/disciplinary focus over time, but I'm theorizing that when inequality becomes more salient in the academy, then scholars of color and particularly Black scholars might have the ability and opportunity to frame their research around racial inequality if they wish. ","social_science,natural_science,engineering_and_technology,female,paper_inequality_mentions_3_years",2,3,4,,1,,,,,,,,5,+,-,-,,+,,,,,,,,-,"the most important predictor I would expect would be share of female authors (strongest and positive relationship) because scholars' lived experiences/social positions shape the questions they ask and problems they explore. Second, I'm guessing social science journal will be positively predictive since gender ineq. is fundamentally a phenomenon of social structures and relationships. I'm thinking natural science, engineering and tech will next be negatively related to gender ineql. discussions as these disciplines are typically oriented towards physical/biological processes as compared to social stratification or inequality (although I have little experience with these journals). Finally, I'm guessing recent attention to inequality will be a positive predictor but the weakest of the 5 which could reflect diffusion of interest in the research topic over time. ","more women on author team → + greater likelihood gender inequality mention
paper in social science journal → + greater likelihood gender inequality mention
paper in natural science journal → - reduced likelihood gender inequality mention
paper in engineering/tech journal → - reduced likelihood gender inequality mention
paper_inequality_mentions_3_years → + greater likelihood gender inequality mention
","social_science,female","social_science,paper_inequality_mentions_3_years","female,paper_inequality_mentions_3_years",+,+,+,"among these interaction terms, i would expect social science x female to be positive and the strongest among the three. Like I said in the last set of questions, lived experience and social position shape the questions researchers ask (i.e., women most likely to ask questions about gender ineq) and social science is the most likely field to publish work on gender inequality given the strong focus on inequality and social processes. second, i'm ranking social science x inequality mentions which I think captures the disciplinary focus on inequality, within the field most aligned with inequality research. then lastly, i predict female x paper_ineq_mention will be a positive predictor, perhaps because when inequality discourse rises, female scholars may be particularly likely to frame research around gender inequality.","Hm, ok. I think this is sort of confirming the disciplinary theory but complicating the identity story, potentially because of the different context. So we're seeing social science is the strongest predictor still -- as hypothesized. But what's more surprising is that female_score is second suggesting that teams with more women may be more likely to study inequality across domains. Also interesting to see the third predictor -- this to me shifts the story more from identity to one's exposure to diversity and a consequential greater attenuation to race. I am also suprised to see Asian here as well -- I'm asian myself (and work in the racial inequality space) and don't see a ton of representation in this space, but am curious if this too reflects global research patterns or subfield clustering within social science (I guess we'll see the second order effects) ","first is still social_science which is the most predictive in both the gender and racial inequality contexts and is solidifying in this theory that disciplinary focus/location can really drive whether or not inequality is a focal topic. second, gender composition might be a proxy for broader orientation/focus towards inequality research broadly (e.g., teams with greater gender represtentation may be more likely to engage in inequality related work in general). third, instead of author_race_diversity, country_race_diversity_score is more predictive -- rather than author race itself driving a focus on racial inequality, the results suggest that authors interpreted as coming from more diverse countries are more likely to study inequality. this might be because these authors might be socialized to more diverse contexts where inequality is more salient (although I'm not totally sold on this operationalization). ","social science -> + racial inequality mentions
female_score -> + racial inequality mentions
country_race_diversity -> + racial inequality mentions
asian -> + racial inequality mentions 
black -> + racial ineq mentions","My reaction is that these are so remarkably similar to the gender inequality context. I'm again surprised by the negative relationship between female x social_science and racial ineq mentions, but I'm again thinking that the baseline of discussing racial inequality might be similarly high compared to gender inequality so that more women in social science doesn't add predictive power? ","similar to the gender inequality context, i would revise my theory to place more emphasis on the interactions between disciplinary structure/focus and the broader societal narrative or discourse (and somewhat less on author-race-specific representation effects). first, the strongest predictor (soc sci x paper_3_years suggests that racial ineq research is responsive to shifts in attention within social science. second, the soc sci x news_3_years expands this pattern beyond the academy. third, the negative female x soc sci predictor makes me think that the marginal effect of female authorship is smaller within social science and that, similar to gender inequality, identity effects might matter more in fields where racail ineq is not already being explored (unlike social science). overall, i would theorize that these second order effects are driven primarily by disciplinary opportunity structures and variations in how salient racial or gender inequality are in particular moments, while identity effects are more conditional and potentially more visible in other fields than social science ","1. similar to the gender ineq context, i would run a log reg with racial inequality mention as the DV and the following predictors: social science, natural science, engineering/tech, paper_inequality, news_inequality, female, year_of_pub, and the three interaction terms from the ML analyses. I want to see if the two social science x salience interactions are positive and significant, if these interactions are bigger in effect than female x social science (and if that is negative) to see if these patterns might just unique to social science (e.g., does social science just convert ineq discourse into research more than other fields?) 

2. it would be great to code pre-post major events including murders of Trayvon Martin in 2012, Michael Brown in Ferguson in 2014 that kicked off BLM, and maybe 2020 in the wake of George Floyd's murder (although end of the window there). 2014 might be cleanest. Then we could look at the social_science x Post_2014 and female x Post2014 estimates to see if there is 1) a disproportionate increase in social science racial inequality research after such racial salience events and 2) if identity effects spike as strongly as a disciplinary response. ","1. would be great to look at sub field effects - psychology, economics, sociology, anthropology
2. would also be great to look at author-level variables in greater detail like career stage, prior publication history on inequality topics
3. could also look at funding information to see if external funding incentives or opportuniyt amplifies racial inequality research and when 
4. could, similar to gender inequality, run NLP and other text analysis on abstracts of the articles to see if 1) how racial inequality is being conceptualized or evaluated or 2) if there are any temporal relationships in the types of framing or language used in respect to paper_mention or new_mention or major events","i think this is pretty consistent with my hypotheses (more nervous for the second order results!) -- but I was a bit surprised by the fourth-ranked variable. i'm not totally sure why this might be the case, but I'm thinking about the representation of Asian researchers and wondering if this effect might reflect global research priorities, where scholars from Asia engage more heavily with issues of labor market inequality or gender development or demographic transitions (rather than individual identity relevant effects)? 

i am also happy to see that paper_inequality mentions does rank here and might help confirm the anticipatory type of theory I laid out earlier","the most important predictor I would now expect would be social_science (strongest and positive relationship), since the results suggest that disciplinary location does the most work in shaping whether gender inequality is discussed. The original theory did acknowledge the power of the disciplinary focus, but I underestimated it a bit, assuming that the second predictor, share of women authors, would be the strongest predictor. I think this theory still holds here as well (""because scholars' lived experiences/social positions shape the questions they ask and problems they explore""). Natural science was still a negative predictor as hypothesized (""these disciplines are typically oriented towards physical/biological processes as compared to social stratification or inequality (although I have little experience with these journals)""). Next, I would include Asian as positively related, revising my earlier predictors. As articulated above, this could reflect some sort of global or regional clustering effect, where Asian scholars are concentrated in areas of social science (or at certain institutions around the world) which focus on questions of gender inequality. I would keep the theory about the fifth predictor intact as well: ""I'm guessing recent attention to inequality will be a positive predictor but the weakest of the 5 which could reflect diffusion of interest in the research topic over time."" ","paper in social science journal → + greater likelihood gender inequality mention
more women on author team → + greater likelihood gender inequality mention
paper in natural science journal → - reduced likelihood gender inequality mention
asian → + greater likelihood gender inequality mention
paper_inequality_mentions_3_years → + greater likelihood gender inequality mention","wow, this is really surprising -- particularly the third data point. not only is the female x social_science not positively predictive, it's negative! and it's still the third most predictive relationship. One interpretation of this to me is that social science maybe already has a high baseline chance of putting out gender inequality work regardless of author gender? So if that's true then woman authorship might just add less predictive power. ","I think overall, these results shift my emphasis away from identity and more towards the disciplinary or external media salience effects -- in other words, I would now theorize that it matters less *who* the authors are and more how the discipline interacts with broader trends in the academy and the salience in the media. If anything, it's interesting also to see how relatively responsive social science seems to be to greater discourse about inequality -- not only within the field but also in the media. I wonder if we might see the identity effects in fields where gender inequality is not so institutionally embedded though. ","I think the most direct/baseline test would be a log reg model with gender ineq mention as the DV and all of the features as IV looking at main effects of each feature.

Just building on the theory of disciplinary focus > author gender, I might also estimate three different models, one being identity only (e.g., gender, race, diversity scores, maybe number of authors), an external model (discipline variables, salience variables) and then the full main effects model to see if model B (external model) explains more of the variance than A, and if the identity coefficients are meaningfully smaller in model C to see if the field structure + media environment might actually outweigh the identity variables. 

Also to look at the theorizing about where identity effects might appear (where there isn't as much institutional embedding of inequality discourse for example), I might look at the marginal effects of woman authorship across fields to see if the slope of ""female"" is steeper in non-social science fields

Might also use a binary Pre vs post-2017 (#MeToo movement year, I think) to see if social science papers disproportionatley increase post 2017 and if ""female"" effects don't increase proportionately to see if discipline responds more to the external discourse than identity does.","I might add topic/keyword to see how ""gender inequality"" is being used in various papers and if papers are meaningfully engaging with the topic. 

Might also look at journal subfield in social sciences, or building on some of Auelua-Toomey & Roberts work, looking at editorial board composition. ",Theories proposed by GenAI models after reviewing (1) the machine-learning results and (2) the revised theories of human experts who have reviewed the machine-learning results,Theories proposed by GenAI models after reviewing (1) the machine-learning results and (2) the revised theories of human experts who have reviewed the machine-learning results,Very interesting work!! Best of luck and excited to see where this goes and to dive further into the data. ,28,Male,India,United States of America,27,2028,Social Psychology,2,,5,Stanford University
0,Dequn Teng,"social_science,black,hispanic_and_other,news_inequality_mentions_3_years,paper_inequality_mentions_3_years",2,,,,,,1,5,,,,4,3,+,,,,,,+,+,,,,+,+,"individuals are posiive, that implies the interactions are also positive","black →(+) Racial_Inequality_Discussion (Y)
social_science →(+) Y
social_science →(+) black →(+) Y
paper_inequality_mentions_3_years →(+) Y
news_inequality_mentions_3_years →(+) paper_inequality_mentions_3_years →(+) Y
news_inequality_mentions_3_years →(+) Y
hispanic_and_other →(+) Y","social_science,black","black,news_inequality_mentions_3_years","social_science,news_inequality_mentions_3_years",+,+,+,"I think individually are positively associated, and the interactions are also positive associated.","social_science,female,authors_race_diversity_score,news_inequality_mentions_3_years,paper_inequality_mentions_3_years",3,,,,1,,,,,5,,4,2,+,,,,+,,,,,+,,+,+,"it occurs for me that the bias is most likely to be a subject in the social science, compared with the stem major, i am a stem major guy, it is a bit less connected for the bias discussion provide the total productivity is increasing. female i am not sure, i have known many female who do not know about bias, but it occurs to me for the people i know who care about bias, many of them are female. the last three are more or less related to diversity and bias, so it is related positively. ","female →(+) Gender_Inequality_Discussion (Y)
social_science →(+) Y
social_science →(+) female →(+) Y
paper_inequality_mentions_3_years →(+) Y
news_inequality_mentions_3_years →(+) paper_inequality_mentions_3_years →(+) Y
news_inequality_mentions_3_years →(+) Y
authors_race_diversity_score →(+) Y
social_science →(+) authors_race_diversity_score →(+) Y","social_science,female","female,news_inequality_mentions_3_years","social_science,news_inequality_mentions_3_years",+,+,+,"it occurs for me that these individual factors are positively associated to the outcome, and the interaction of the them will be also be positive influencing","i think all the signs are the right, only if the asian part, i found it hard to judge as there are so many samples from asian... ","it is still positive, only if i did not anticipant the asia is significant as there are so many heterogeneity of the data. I originally think hispanic_and_other is more likely to isolate the effect, it seems that asia is too hard to isolate the effects","social_science →(+) Racial_Inequality_Discussion (Y)
female →(+) Y
country_race_diversity_score →(+) Y
asian →(+) Y
black →(+) Y
social_science →(+) black →(+) Y
social_science →(+) female →(+) Y
news_inequality_mentions_3_years →(+) country_race_diversity_score →(+) Y","female * social_science is really interesting effect, which is the balancing power in reducing the racial trend globally, which is good. ","the main thing is the female * social_science, it is the thing for the positive force in reducing the racial inequality, which is missing in my original theory.","Y = β₀ + β₁(social_science) + β₂(female) + β₃(country_race_diversity_score) + β₄(asian) + β₅(black) + ε. My theory predicts all five coefficients are positive and significant. 

natural experiment using the killing of george floyd and blm protests (2020). Create post_BLM = 1 if year_of_publication ≥ 2020, and 0 otherwise.","Author's institution
Author's citation network
Presence of race-related funding","i think it makes sense because the natural science is most likely to be negatively associated for the result, so it is a strong negative association. the association with asian, it is really interesting, and i think possibly because there are an increasing trend of asian researchers, while there are also a increasing number of the gender inequality discussion. ","I am incorporating the negative results in the model, for making it more balanced. ","social_science →(+) Gender_Inequality_Discussion (Y)
natural_science →(−) Y
female →(+) Y
social_science →(+) female →(+) Y
asian →(+) Y
paper_inequality_mentions_3_years →(+) Y
news_inequality_mentions_3_years →(+) paper_inequality_mentions_3_years →(+) Y","female * social science, is interesting, it is a good balance","The key revision is female × social_science is a negative. I think the whole story still flows, I feel there is a synergy effect between the female and social science for reducing the effect. ","We can do a logistic regression: Y = β₀ + β₁(social_science) + β₂(natural_science) + β₃(female) + β₄(asian) + β₅(paper_inequality_mentions_3_years) + ε. 

My theory predicts β₁ > 0, β₂ < 0, β₃ > 0, β₄ > 0, and β₅ > 0. Support for the theory requires all five coefficients to be statistically significant with the predicted signs.

We could also do a Natural experiment using the #MeToo movement (2017). Create a binary variable post_metoo = 1 if year_of_publication ≥ 2018, and 0 otherwise, for a DiD","Country, institutional affiliation, Author's career stage, Journal's historical publication rate (concentration) on gender topics",Theories proposed by GenAI models after reviewing (1) the machine-learning results and (2) the revised theories of human experts who have reviewed the machine-learning results,Theories proposed by GenAI models after reviewing (1) the machine-learning results and (2) the revised theories of human experts who have reviewed the machine-learning results,"for gen ai models to be good, it need to have the fair amount of the data to see both side of the word, between human and machine",27,Male,China,United Kingdom of Great Britain and Northern Ireland,20,2027,Computer Science,1,1,13,University of Cambridge
0,Vansh Gupta,"social_science,female,black,news_inequality_mentions_3_years,paper_inequality_mentions_3_years",3,,,,2,,1,,,,,4,5,+,,,,+,,+,,,,,+,+,"Racial inequality is a social phenomenon, so the discipline of a paper is likely important and hence social_science would be a predictor. Papers published in journals covering sociology, political science, economics and psychology are probably very likely to engage in inequality research. 

Since scholar identities shape their research agenda, Black and female authors are likely to explore inequality, and as a consequence, racial inequality within their research. This is well-documented in the sociology of science literature on ""positional knowledge"" and demographic patterns in research topic selection.

Finally, the time-lagged news and academic inequality mentions both capture the broader societal and intellectual trends. This can motivate authors willing to write relevant research to focus on racial inequality. ","Here's my causal diagram expressed as paths:

social_science → (+) Exposure to inequality as a research subject → (+) Mentions racial inequality (Y)
black → (+) Positional knowledge and lived experience with racial issues → (+) Mentions racial inequality (Y)
female → (+) Orientation toward social justice and marginalization research → (+) Mentions racial inequality (Y)
news_inequality_mentions_3_years → (+) Public salience of inequality topics → (+) Academic agenda-setting → (+) Mentions racial inequality (Y)
paper_inequality_mentions_3_years → (+) Scholarly norm diffusion around inequality research → (+) Mentions racial inequality (Y)
news_inequality_mentions_3_years → (+) Public salience of inequality topics → (+) paper_inequality_mentions_3_years","social_science,black","social_science,female","female,black",+,+,+,"The interaction between social_science and black (+) is likely the most important because being a Black scholar in a social science discipline combines both the methodological tools and the positional knowledge needed to study racial inequality. A Black author in engineering may lack the disciplinary framing to study racial topics, and a non-Black social scientist may study inequality but not necessarily racial inequality. Together, these two features reinforce each other. The social science discipline provides the intellectual infrastructure while Black identity provides the motivation and perspective, making racial inequality research especially likely.

The interaction between social_science and female (+) follows similar logic. Female scholars in social science disciplines are more likely to study marginalization and justice topics broadly, and the social science setting gives them the framework to channel that orientation toward racial inequality specifically. Outside social science, being female may not translate into racial inequality research, and within social science, being male does not preclude it but makes it somewhat less likely. The two features reinforce each other, though less strongly than the social_science and black interaction since female identity is more directly linked to gender inequality than racial inequality.

The interaction between black and female (+) captures the idea of intersectionality — Black female scholars may be especially drawn to racial inequality research because they experience compounded marginalization. The combination of racial and gender identity may create a stronger orientation toward studying systemic inequities than either identity alone. This is consistent with intersectionality theory, which suggests that overlapping social identities produce distinct perspectives and research motivations that are more than the sum of their parts.","social_science,female,white,news_inequality_mentions_3_years,paper_inequality_mentions_3_years",2,,,,1,,,,3,,,4,5,+,,,,+,,,,+,,,+,+,"Gender inequality is a social phenomenon, so the discipline of a paper is likely important and hence social_science would be a predictor. Papers published in journals covering sociology, political science, economics and psychology are probably very likely to engage in inequality research, including gender inequality specifically.

Since scholar identities shape their research agenda, female authors are likely to explore inequality, and as a consequence, gender inequality within their research. This mirrors the positional knowledge argument made earlier: women scholars have direct lived experience with gender-based disparities in academia and beyond, making them more likely to pursue research on gender bias, gender discrimination, and related topics.

White authors may be positively associated with gender inequality research because scholars from predominantly white Western countries (where gender studies and feminist scholarship have deep institutional roots) are more likely to work within these established research traditions. The sign here is positive, reflecting that white-majority academic contexts have historically produced much of the foundational gender inequality literature.

Finally, the time-lagged news and academic inequality mentions both capture the broader societal and intellectual trends. Events like the #MeToo movement or debates around the gender pay gap can motivate authors willing to write relevant research to focus on gender inequality.","social_science → (+) Exposure to inequality as a research subject → (+) Mentions gender inequality (Y)
female → (+) Positional knowledge and lived experience with gender-based disparities → (+) Mentions gender inequality (Y)
white → (+) Embeddedness in Western feminist and gender studies traditions → (+) Mentions gender inequality (Y)
news_inequality_mentions_3_years → (+) Public salience of inequality topics → (+) Academic agenda-setting → (+) Mentions gender inequality (Y)
paper_inequality_mentions_3_years → (+) Scholarly norm diffusion around inequality research → (+) Mentions gender inequality (Y)
news_inequality_mentions_3_years → (+) Public salience of inequality topics → (+) paper_inequality_mentions_3_years","social_science,female","social_science,white","female,white",+,+,+,"The interaction between social_science and female (+) is likely the most important because being a female scholar in a social science discipline combines both the methodological tools and the positional knowledge needed to study gender inequality. A female author in engineering may lack the disciplinary framing to study gender topics, and a male social scientist may study inequality but not necessarily gender inequality. 

The interaction between social_science and white (+) captures the idea that Western academic institutions, where white scholars are disproportionately represented, have historically developed strong gender studies programs and feminist research traditions. A white scholar outside social science may not engage with gender inequality, and a non-white social scientist may focus on other forms of inequality such as racial or economic.

Finally, the interaction between white and female (+) reflects that white female scholars may be especially drawn to gender inequality research because the feminist academic tradition has historically centered the experiences of white women. White women in academia are well-positioned within these established networks and may face fewer barriers to pursuing gender-focused research agendas compared to women of other racial backgrounds who may split their focus across both racial and gender inequality. The two identities reinforce each other in orienting research toward gender inequality specifically.","The ML results largely align with my expectations for three of the five features: social_science, female, and black all appeared in my original selection with the same positive signs. This is reassuring and consistent with the theoretical reasoning about disciplinary framing and positional knowledge driving racial inequality research.

The two surprises are country_race_diversity_score and asian replacing news_inequality_mentions_3_years and paper_inequality_mentions_3_years in the top five. I did not expect the time-lagged media and academic mentions to drop out, as I assumed the broader societal climate would be a strong predictor. However, it makes sense that author-level demographic features might carry more predictive power in a cross-sectional model since the time-lagged mentions vary only by publication year, so they may not discriminate well between papers published in the same period.

The appearance of country_race_diversity_score is interesting. Authors from racially diverse countries may have greater exposure to racial tensions and discourse, making them more attuned to racial inequality as a research topic. 

The positive sign on asian is the most unexpected result. One possibility is that Asian scholars in Western academic institutions, particularly in the US, may engage with racial inequality research because they themselves navigate racialized experiences as minorities. Another possibility is that this feature captures something about the disciplines or institutions where Asian scholars tend to cluster, which may correlate with racial inequality research for reasons beyond racial identity alone. It may also reflect a statistical pattern in the data rather than a clean causal story.
","Racial inequality is a social phenomenon, so the discipline of a paper is likely important and hence social_science would be a predictor. Papers published in journals covering sociology, political science, economics and psychology are probably very likely to engage in inequality research.

Since scholar identities shape their research agenda, Black and female authors are likely to explore inequality, and as a consequence, racial inequality within their research. This is well-documented in the sociology of science literature on ""positional knowledge"" and demographic patterns in research topic selection.

Updating my theory based on the ML evidence, I now recognize that author demographic composition matters in ways beyond what I initially considered. The country_race_diversity_score suggests that authors from racially diverse countries bring greater awareness of racial dynamics to their research. Perhaps growing up in a multiracial society likely exposes scholars to racial tensions and discourse that shape their intellectual interests. This makes intuitive sense as a predictor, even though I initially overlooked it in favor of time-lagged societal trends.

The positive association with Asian authorship was unexpected but plausible. Asian scholars, particularly those working in Western academic institutions, may engage with racial inequality research because they themselves navigate racialized experiences as minorities. This reflects a broader pattern where minority scholars of various backgrounds (not only Black scholars) are drawn to studying racial dynamics.

While I still believe the time-lagged measures capture meaningful societal and intellectual trends, the ML evidence suggests they are less predictive than author-level demographic features. This likely reflects that the time-lagged measures vary only across publication years and lack the individual-level variation needed to discriminate between papers published in the same period. The composition of the author team appears to be a more granular and therefore more powerful predictor of whether a specific paper engages with racial inequality.","social_science → (+) Exposure to inequality as a research subject → (+) Mentions racial inequality (Y)
black → (+) Positional knowledge and lived experience with racial issues → (+) Mentions racial inequality (Y)
female → (+) Orientation toward social justice and marginalization research → (+) Mentions racial inequality (Y)
country_race_diversity_score → (+) Exposure to racial dynamics in multiracial societies → (+) Mentions racial inequality (Y)
asian → (+) Racialized minority experience in Western academic institutions → (+) Mentions racial inequality (Y)","The first two interactions (social_science with paper_inequality_mentions_3_years and social_science with news_inequality_mentions_3_years) align well with my initial intuition that broader societal and academic trends matter for predicting racial inequality research. While these time-lagged features did not appear as strong main effects in the ML results, they emerge as important when interacted with social_science. This makes sense: social scientists are the scholars most equipped and motivated to respond to rising public and academic discourse around inequality. When news coverage or academic attention to inequality increases, it is social scientists who translate that heightened salience into racial inequality research. Engineers or natural scientists are unlikely to shift their research agendas in response to media trends about inequality. So the time-lagged measures do matter, but conditionally — their effect is activated by the disciplinary context.
The negative interaction between female and social_science is the most surprising result. I initially predicted this interaction would be positive, reasoning that female scholars in social science would be especially likely to study racial inequality. The negative sign suggests the opposite: the marginal effect of female authorship on racial inequality research is actually weaker within social science. One plausible explanation is a ceiling effect: social science papers already have a high baseline probability of discussing racial inequality regardless of author gender, so the additional predictive contribution of being female is diminished. Another possibility is that female social scientists may disproportionately focus on gender inequality rather than racial inequality, meaning the female effect on racial inequality research is actually stronger outside social science, where any engagement with inequality topics at all is rarer and more driven by individual identity and motivation. This is a useful corrective to my initial reasoning.It seems like the interaction between identity and discipline is more nuanced than simple reinforcement.","The interaction between social_science and paper_inequality_mentions_3_years (+) is the most important because social scientists are uniquely positioned to respond to rising academic discourse around inequality. When the broader scholarly community is paying more attention to inequality, social scientists have the disciplinary tools and incentive structures to translate that attention into racial inequality research specifically. Natural scientists and engineers are unlikely to shift their research agendas in response to academic trends about inequality, so the time-lagged academic mentions only matter meaningfully within social science.

The interaction between social_science and news_inequality_mentions_3_years (+) follows similar logic. When media coverage of inequality increases, social scientists are the scholars most likely to respond by producing research on racial inequality. Public salience of inequality topics creates demand for academic engagement, but only scholars in disciplines that study social phenomena can supply that engagement. This reinforces the idea that the time-lagged measures I initially selected as main effects actually operate conditionally through disciplinary context.

The interaction between female and social_science is negative, which contradicts my initial expectation. I originally predicted that female social scientists would reinforce each other's effects on racial inequality research. However, the ML evidence suggests that the marginal contribution of female authorship is actually weaker within social science. A plausible explanation is that social science papers already have a high baseline probability of discussing racial inequality, so being female adds less predictive value in that context. It is also possible that female social scientists disproportionately channel their research orientation toward gender inequality rather than racial inequality. Outside social science, where any engagement with inequality is rarer, being female may be a stronger signal that the paper touches on racial inequality because it reflects a more deliberate choice to study marginalization topics despite lacking the typical disciplinary framing.","Test 1: Positional knowledge and the Black authorship effect
My theory predicts that Black scholars are drawn to racial inequality research through positional knowledge and lived experience. To test this, I would run a logistic regression of racial inequality mention (Y) on black, controlling for social_science, female, asian, white, num_authors, and year_of_publication fixed effects. If the positional knowledge mechanism is correct, the coefficient on black should be positive and significant even after controlling for discipline and other demographics. To further probe this, I would split the sample by discipline: the coefficient on black should be positive within both social science and non-social science papers, since lived experience with racial issues should motivate research on racial inequality regardless of disciplinary setting.
Test 2: Natural experiment using the killing of George Floyd (2020)
The murder of George Floyd in May 2020 represents a plausible exogenous shock to the public salience of racial inequality. My theory predicts that heightened societal attention to inequality translates into more academic engagement with racial inequality, and that this effect operates primarily through social scientists. I would create a binary indicator post_floyd equal to 1 for papers published in 2020 and 0 for papers published in 2018-2019 as the control period. I would then estimate a difference-in-differences style regression: Y on post_floyd, social_science, and their interaction post_floyd * social_science, controlling for author demographics. My theory predicts a positive coefficient on the interaction term, meaning that the increase in racial inequality mentions after Floyd's killing was disproportionately concentrated among social science papers. A positive main effect of post_floyd would also support the broader claim that societal events drive academic attention to racial inequality.
Test 3: Country-level racial diversity and exposure to racial dynamics
My revised theory holds that authors from racially diverse countries are more attuned to racial inequality because of exposure to multiracial societies. I would regress Y on country_race_diversity_score, controlling for social_science, all author race shares (black, asian, white, hispanic_and_other), female, num_authors, and year fixed effects. The key test is whether country_race_diversity_score retains a positive and significant coefficient after controlling for the individual race composition of the author team. If it does, this supports the idea that growing up in a racially diverse society has an independent effect on research orientation toward racial inequality, beyond simply being of a particular racial background. If the coefficient becomes insignificant after adding race share controls, it would suggest that country_race_diversity_score is merely a proxy for author race composition rather than capturing a distinct exposure mechanism.","Additional variable 1: Author institutional location (US-based vs non-US-based)
My theory argues that Asian scholars engage with racial inequality research because of racialized minority experiences in Western academic institutions. To test this mechanism more directly, I would want a binary variable indicating whether each author is affiliated with a US-based institution. If the mechanism is correct, the positive effect of asian on racial inequality mentions should be concentrated among Asian scholars working in the US, where racial discourse is most salient. I would interact asian with a US_institution indicator in a logistic regression predicting Y. A positive and significant interaction would support the claim that it is the experience of being a racial minority in a Western context, rather than something inherent about Asian identity, that drives engagement with racial inequality research. If the interaction is insignificant or the asian effect is equally strong outside the US, this would challenge my proposed mechanism.

Additional variable 2: Author's prior publication history on inequality topics
My theory relies heavily on positional knowledge as a mechanism linking author demographics to racial inequality research. But an alternative explanation is simply path dependence in research agendas. A variable capturing whether each author has previously published papers mentioning inequality would help disentangle these stories. I would include a prior_inequality_publications count or binary indicator and interact it with black and female. If positional knowledge is the primary driver, then black and female should retain significant positive effects even after controlling for prior publication history. If instead the coefficients on black and female shrink substantially after adding this control, it would suggest that the demographic effects operate primarily through established research trajectories rather than identity-driven motivation per se.

Additional variable 3: Funding source or grant type
Funding agencies sometimes prioritize research on inequality through targeted grants or program areas, particularly after major societal events. A variable indicating whether a paper was funded by a grant specifically related to diversity, equity, or social justice would help test whether the patterns I observe are driven by supply-side researcher motivation or demand-side institutional incentives. I would include this as a control in the main regression and also interact it with social_science and post_floyd. If funding is doing much of the work, adding it as a control should attenuate the effects of social_science and the time-lagged inequality mentions. If the existing predictors remain strong after controlling for funding, this would support my theory that researcher identity and disciplinary orientation are the primary drivers rather than external funding incentives.","The ML results align with my expectations on three of the five features. Social_science and female appearing as the top two predictors with positive signs is consistent with my theory that disciplinary framing and positional knowledge are the primary drivers of gender inequality research. Paper_inequality_mentions_3_years also appeared in my original selection with the same positive sign, confirming that broader academic trends in inequality discourse do matter for gender inequality research.

The appearance of natural_science with a negative sign is not surprising in substance but I did not select it as a top five feature because I viewed it as essentially the flip side of social_science. A negative effect of natural science is logically consistent with a positive effect of social science since both capture the same underlying idea that inequality research is concentrated in social science disciplines. I would not have expected natural_science to carry independent predictive power beyond what social_science already captures, but it is possible that the Random Forest finds additional discriminatory value in explicitly flagging natural science papers as unlikely to discuss gender inequality, even among papers that are not classified as social science.

The positive sign on asian is the most unexpected result, just as it was for racial inequality. I initially selected white as a predictor based on the reasoning that Western feminist traditions are institutionally rooted in predominantly white academic contexts. The ML evidence suggests that Asian authorship is more predictive than white authorship. One possibility is that Asian scholars working in Western institutions engage with gender inequality research as part of a broader engagement with social justice topics, similar to the pattern observed for racial inequality. Another possibility is that gender inequality is a salient research topic in many Asian countries due to well-documented gender disparities in education, labor force participation, and political representation, which may motivate Asian scholars to study these issues regardless of institutional context.

The absence of white from the top five challenges my initial reasoning about Western feminist traditions. It may be that white authorship is too common in the dataset to be a strong discriminator, or that the institutional traditions I attributed to whiteness are better captured by the social_science variable itself. ","Gender inequality is a social phenomenon, so the discipline of a paper is likely important and hence social_science would be a predictor. Papers published in journals covering sociology, political science, economics and psychology are probably very likely to engage in inequality research, including gender inequality specifically. The ML evidence also shows that natural_science carries an independent negative effect, suggesting that being in a natural science discipline actively reduces the likelihood of discussing gender inequality beyond simply not being in social science. This may reflect that natural science journals have norms and scoping conventions that discourage engagement with social topics even when individual researchers might be interested.
Since scholar identities shape their research agenda, female authors are likely to explore inequality, and as a consequence, gender inequality within their research. This mirrors the positional knowledge argument: women scholars have direct lived experience with gender-based disparities in academia and beyond, making them more likely to pursue research on gender bias, gender discrimination, and related topics.
I am updating my theory to replace white with asian as a predictor. My initial reasoning about Western feminist traditions being rooted in predominantly white academic contexts was not supported by the ML evidence. Instead, the positive association with Asian authorship suggests that gender inequality is a salient research topic for Asian scholars, potentially because gender disparities in education, labor markets, and political representation are well-documented issues in many Asian countries. Asian scholars may be motivated to study gender inequality both because of conditions in their countries of origin and because of experiences navigating gendered dynamics in Western academic institutions. It is also possible that white authorship is simply too prevalent in the dataset to serve as a useful discriminator, while Asian authorship captures a more specific signal.
The time-lagged academic inequality mentions remain a meaningful predictor, confirming that broader scholarly trends in inequality discourse shape whether papers engage with gender inequality. Events like the #MeToo movement or debates around the gender pay gap can motivate authors willing to write relevant research to focus on gender inequality. However, I note that news_inequality_mentions_3_years did not appear in the top five for main effects, suggesting that media attention may operate more indirectly for gender inequality research compared to academic attention.","social_science → (+) Exposure to inequality as a research subject → (+) Mentions gender inequality (Y)
natural_science → (-) Disciplinary norms discouraging engagement with social topics → (-) Mentions gender inequality (Y)
female → (+) Positional knowledge and lived experience with gender-based disparities → (+) Mentions gender inequality (Y)
asian → (+) Salience of gender disparities in countries of origin and racialized experiences in Western academia → (+) Mentions gender inequality (Y)
paper_inequality_mentions_3_years → (+) Scholarly norm diffusion around inequality research → (+) Mentions gender inequality (Y)
news_inequality_mentions_3_years → (+) Public salience of inequality topics → (+) paper_inequality_mentions_3_years","The interaction results for gender inequality are identical in structure and sign to those for racial inequality, which is a striking finding. This parallel suggests that the mechanisms linking disciplinary context, societal attention, and author demographics to inequality research operate similarly across both racial and gender domains.

The first two interactions are consistent with my theoretical reasoning. Social_science interacted with paper_inequality_mentions_3_years (+) and with news_inequality_mentions_3_years (+) both confirm that broader societal and academic attention to inequality matters most within social science. Social scientists are the scholars best equipped to respond to rising discourse around inequality, whether in news media or academic publications. When inequality becomes more salient publicly or in the literature, it is social scientists who channel that energy into gender inequality research. Engineers and natural scientists are unlikely to pivot their research agendas in response to media coverage of the gender pay gap or the #MeToo movement. This also explains why news_inequality_mentions_3_years did not appear as a strong main effect but emerges in the interaction: its effect is conditional on disciplinary context.

The negative interaction between female and social_science is again the most surprising result, and again contradicts my initial prediction of a positive interaction. As with racial inequality, I initially expected that female scholars in social science would be especially likely to study gender inequality. The negative sign suggests that female authorship adds less predictive value within social science than outside it. The ceiling effect explanation applies here as well: social science papers already have a high baseline probability of discussing gender inequality, so being female contributes less additional information in that context. But there may also be a more interesting story for gender inequality specifically. Outside social science, writing about gender inequality is a more unusual choice that likely requires strong personal motivation, and being female may be a particularly strong signal of that motivation. A female engineer who writes about gender inequality is probably doing so very deliberately, whereas within social science, gender inequality is a mainstream topic that both male and female scholars regularly engage with. This would explain why the marginal effect of female authorship is actually larger outside social science.","The interaction between social_science and paper_inequality_mentions_3_years (+) is the most important because social scientists are uniquely positioned to translate rising academic discourse around inequality into gender inequality research. When more academic papers are discussing inequality broadly, social scientists have the training, publication outlets, and professional incentives to respond by producing gender inequality research. Scholars in natural science or engineering are unlikely to shift their research focus in response to academic trends in inequality discourse, so the time-lagged academic mentions only have a meaningful effect within the social science context.

The interaction between social_science and news_inequality_mentions_3_years (+) operates through a similar channel. When media coverage of inequality increases, perhaps driven by events like the #MeToo movement or public debates around the gender pay gap, social scientists are the scholars most likely to respond by producing relevant research. The news creates public demand for academic engagement with gender inequality, but only scholars in disciplines that study social phenomena can meaningfully supply that engagement. This also clarifies why news mentions did not emerge as a strong standalone predictor: their predictive power is conditional on the disciplinary setting.

The negative interaction between female and social_science is the most important revision to my initial theory. I originally predicted this interaction would be positive, reasoning that female social scientists would combine disciplinary tools with lived experience to produce more gender inequality research. The ML evidence tells a different story. Within social science, gender inequality is a mainstream research topic that scholars of all genders engage with regularly, so being female adds relatively little additional predictive power. Outside social science, however, writing about gender inequality is a more deliberate and unusual choice. A female engineer or natural scientist who publishes on gender inequality is likely doing so out of strong personal motivation rooted in lived experience, making female authorship a much stronger signal in those contexts. The marginal contribution of identity is greatest where the baseline probability of engaging with the topic is lowest.","Test 1: Positional knowledge and the female authorship effect

My theory predicts that female scholars are drawn to gender inequality research through positional knowledge and lived experience. To test this, I would run a logistic regression of gender inequality mention (Y) on female, controlling for social_science, natural_science, asian, black, white, num_authors, and year_of_publication fixed effects. If the positional knowledge mechanism is correct, the coefficient on female should be positive and significant even after controlling for discipline and other demographics. To further probe this, I would split the sample by discipline: the coefficient on female should be positive within social science, natural science, and engineering papers alike, since lived experience with gender disparities should motivate research on gender inequality regardless of disciplinary setting. However, based on the interaction evidence, I would expect the coefficient to be larger outside social science than within it.

Test 2: Natural experiment using the #MeToo movement (October 2017)

The #MeToo movement represents a plausible exogenous shock to the public salience of gender inequality. My theory predicts that heightened societal attention translates into more academic engagement with gender inequality, and that this effect operates primarily through social scientists. I would create a binary indicator post_metoo equal to 1 for papers published in 2018-2020 and 0 for papers published in 2015-2017 as the control period. I would then estimate a difference-in-differences style regression: Y on post_metoo, social_science, and their interaction post_metoo * social_science, controlling for author demographics. My theory predicts a positive coefficient on the interaction term, meaning that the increase in gender inequality mentions after #MeToo was disproportionately concentrated among social science papers. A positive main effect of post_metoo would also support the broader claim that societal events drive academic attention to gender inequality.

Test 3: The independent negative effect of natural science

My revised theory holds that natural science disciplines actively discourage engagement with gender inequality topics through disciplinary norms and journal scoping conventions, beyond simply not being social science. To test this, I would restrict the sample to papers that are not in social science (i.e., only natural science and engineering papers) and regress Y on natural_science, controlling for all author demographics, num_authors, and year fixed effects. If natural science carries an independent negative effect relative to engineering, the coefficient should be negative and significant. This would support the claim that natural science disciplines have particularly strong norms against engaging with social topics, whereas engineering may be slightly more permissive given its engagement with topics like diversity in STEM. If the coefficient is insignificant, it would suggest that natural_science is simply a mirror of social_science rather than carrying its own disciplinary suppression effect.

Test 4: Asian authorship and gender inequality salience

My revised theory proposes that Asian scholars engage with gender inequality research because of the salience of gender disparities in their countries of origin. To test this, I would regress Y on asian, controlling for social_science, natural_science, female, other race shares, num_authors, and year fixed effects. The coefficient on asian should be positive and significant. Additionally, I would interact asian with country_race_diversity_score. If the mechanism operates through country-of-origin conditions rather than minority experiences in Western institutions, I would expect the interaction to be insignificant or negative, since country_race_diversity_score captures something different from the specific gender dynamics in Asian countries. If instead the interaction is positive, it would suggest that the Asian effect is part of a broader pattern where authors from diverse national contexts are more attuned to inequality of all kinds.","Additional variable 1: Gender composition of the author's academic department or field

My theory argues that female scholars are drawn to gender inequality research through positional knowledge. But an alternative explanation is that women cluster in subfields or departments where gender inequality is already a common research topic, and the effect is driven by intellectual environment rather than personal identity. A variable capturing the share of female faculty in the author's department or subfield would help disentangle these mechanisms. I would include this departmental gender composition variable as a control alongside female in the main regression. If positional knowledge is the primary driver, the coefficient on female should remain positive and significant even after controlling for the gender composition of the local academic environment. If instead the female effect shrinks substantially, it would suggest that the environment rather than individual identity is doing most of the work.

Additional variable 2: Author institutional location (country of institutional affiliation)

My theory proposes that Asian scholars study gender inequality because of the salience of gender disparities in their countries of origin. A variable capturing the country of the author's institutional affiliation would allow me to distinguish between Asian scholars working in Asian institutions and those working in Western institutions. I would interact asian with a binary indicator for whether the author is affiliated with an institution in an Asian country. If the country-of-origin mechanism is correct, Asian scholars at Asian institutions should be at least as likely to study gender inequality as those at Western institutions. If instead the positive effect of asian is concentrated among scholars at Western institutions, it would suggest that the mechanism operates more through minority experiences in Western academia than through conditions in countries of origin.

Additional variable 3: Journal-level history of publishing gender inequality research

My theory suggests that disciplinary norms in natural science actively suppress engagement with gender inequality topics. A variable measuring the share of prior publications in each journal that discuss gender inequality would allow me to separate discipline-level effects from journal-level editorial gatekeeping. I would include this journal-level history variable alongside natural_science in the regression. If the negative natural_science effect is driven by journal norms rather than researcher preferences, controlling for journal history should attenuate the natural_science coefficient substantially. If the coefficient persists, it would suggest that the suppression operates at the level of researcher self-selection and training rather than editorial filtering.

Additional variable 4: Timing of the author's career (years since first publication)

My theory relies on positional knowledge as a stable feature of scholar identity, but it is possible that career stage moderates this effect. Junior female scholars may be more likely to study gender inequality if they enter academia during periods of heightened attention to gender disparities, while senior scholars may have already established research agendas on other topics. A variable capturing years since first publication would allow me to interact career stage with female and with post_metoo. If career stage matters, I would expect the interaction between female and junior status to be positive, suggesting that early-career women are especially responsive to gender inequality as a research topic. I would also expect junior scholars to show a larger response to the #MeToo shock, since they have more flexibility to adjust their research agendas compared to established scholars with fixed programs of work.",Theories proposed by GenAI models after reviewing (1) the machine-learning results and (2) the revised theories of human experts who have reviewed the machine-learning results,Theories proposed by human experts after reviewing the machine-learning results,"This was a well-designed exercise that made the value of human-ML iteration tangible. The most useful moments were when the ML evidence contradicted my priors, like the negative female-social_science interaction and the appearance of Asian authorship. Those surprises forced me to think more carefully about mechanisms I had taken for granted.

One concern is that the demographic features are all estimated from names rather than self-reported, which introduces measurement error that could bias both the ML results and any downstream empirical tests. It would be worth acknowledging this limitation explicitly when interpreting the findings.

I also think the framework could benefit from a step where participants propose features that are missing from the dataset before seeing ML results, not just after. Some of my best thinking about mechanisms came from considering what variables were absent, and that exercise might generate richer initial theories.",24,Male,India,United States of America,24,2029,Innovation Economics,,,3,Massachusetts Institute of Technology
0,Qingyao Sun,"social_science,engineering_and_technology,asian,black,white",2,,1,,,5,4,,3,,,,,+,,-,,,-,+,,+,,,,,"Racial inequality is a top in Social Science, not Engineering and Technology (and a paper is unlikely to be both). Black people are the victims of racial discrimination, white people have political correctness needs, whereas asian people don't care.","Social Science (X1) -> (-) Engineering and Technology (X2) -> (+) Racial Inequality (Y)
Engineering and Technology (X2) -> (-) Social Science (X1) -> (+) Racial Inequality (Y)
Asian (X3) -> (-) Racial Inequality (Y)
White (X4) -> (+) Racial Inequality (Y)
Black (X5) -> (+) Racial Inequality (Y)
","social_science,engineering_and_technology","engineering_and_technology,white","engineering_and_technology,black",+,-,-,"If a paper is both ""Social Science"" and ""Engineering and Technology"", then it could discuss racial inequality in the Engineering and Technology field. However, if it's just Engineering and Technology paper, then it's unlikely to discuss racial inequality.","social_science,engineering_and_technology,num_authors,female,white",2,,1,5,3,,,,4,,,,,+,,-,-,+,,,,+,,,,,"Gender is a topic in social science, but engineering and technology people don't care about that field. There are disproportional more female researchers in gender study. White people care more about gender due to political correctness. Gender study typically doesn't require extensive work, so it's unlikely to have many co-authors.","Female (X1) -> (+) Social Science (X2) -> (+) Discusses Gender Inequality (Y)
Female (X1) -> (-) Engineering and Technology (X3) -> (-) Discusses Gender Inequality (Y)
White (X4) -> (+) Social Science (X2) -> (+) Discusses Gender Inequality (Y)
White (X4) -> (-) Engineering and Technology (X3) -> (-) Discusses Gender Inequality (Y)
Num Authors (X5) -> (-) Discusses Gender Inequality (Y)

","engineering_and_technology,female","engineering_and_technology,white","engineering_and_technology,num_authors",-,-,-,"As long as a paper is in ""Engineering and Technology"", it's extremely unlikely to discuss gender inequality.",I'm surprised to see female_score is related to racial inequality.,"Racial inequality is a topic in Social Science, which many female researchers are active in. Black people are the victims of racial discrimination, whereas asian people have political correctness needs to blend in the white society. People from a country with more racial diversity is more likely to be interested in racial inequality topics.","Social Science (X1) -> (+) Racial Inequality (Y)
Female Score (X2) -> (+) Social Science (X1) -> (+) Racial Inequality (Y)
Country Race Diversity Score (X3) -> (+) Racial Inequality (Y)
Asian (X4) -> (+) Racial Inequality (Y)
Black (X5) -> (+) Racial Inequality (Y)","Not surprised anymore, because I have already seen the previous ""gender"" interactions. The ML predictions are consistent.","News/paper mentions are more informative once focused on a single field, i.e., social sciences. Both female and social_science have positive main effects, and having both would be too much, so the interaction is negative to tune that down.","Compute the correlation matrix for all of these variables, and see if the +/- sign is consistent with the theoretical reasoning.","Additional variables: Names of conferences/journals, or the average number of racial-related papers in the conference/journal published over the last three years.",Surprised. I would expect social_science and engineering_and_technology to be more direct predictors.,"Gender is a topic in social science, but engineering and technology (and natural sciences) people don't care about that field. There are disproportional more female researchers in gender study. White people care more about gender due to political correctness. Finally, paper_inequality_mentions_3_years provides ""temporal/trend"" information.","Female (X1) -> (+) Social Science (X2) -> (+) Discusses Gender Inequality (Y)
Female (X1) -> (-) Engineering and Technology (X3) -> (-) Discusses Gender Inequality (Y)
White (X4) -> (+) Social Science (X2) -> (+) Discusses Gender Inequality (Y)
White (X4) -> (-) Engineering and Technology (X3) -> (-) Discusses Gender Inequality (Y)
paper_inequality_mentions_3_years (X5) -> (+) Discusses Gender Inequality (Y)
Natural Science (X6) -> (-) Discusses Gender Inequality (Y)","It makes no sense that ""female * social_science"" has negative interaction. Maybe it's over-correcting?","""female * social_science"" has negative interaction because both main effects are positive, i.e., we are over-correcting with two positive main effects. The temporal/trend information is strengthened when focused on a particular field, i.e., social science.","Compute the correlation matrix for all of these variable, and inspect whether it's positive/negative. In addition, we can also just run logistic regression on normalized variables and inspect the coefficients.","Additional variables: conference/journal name, or average gender-related articles published in that conference/journal within the last three years.",Theories proposed by GenAI models after reviewing (1) the machine-learning results and (2) the revised theories of human experts who have reviewed the machine-learning results,Theories proposed by GenAI models after reviewing the machine-learning results,"Please keep us updated, e.g., ask us to review your survey to these “Independent researchers”, so that we can provide more detailed feedback.",28,Male,China,United States of America,20,2028,Operations Research and Information Engineering,,,1,"Cornell University, School of Operations Research and Information Engineering"
0,Leyun Feng,"social_science,female,black,authors_race_diversity_score,news_inequality_mentions_3_years",1,,,,3,,2,,,4,,5,,+,,,,+,,+,,,+,,+,,"I believe social science majors with a higher probability that a paper discusses racial inequality than STEM. Similarly, female people and black people may talk about racial inequality more as well. Authors' race and news mentioned may also have some influence on the probability that a paper discusses racial inequality.","Social science (X1) → (+)  Probability that a paper discusses racial inequality (Y)
Female (X2) → (+)  Probability that a paper discusses racial inequality (Y)
Black (X3) → (+)  Probability that a paper discusses racial inequality (Y)
Authors' race (X4) → (+)  Probability that a paper discusses racial inequality (Y)
News mentioned  (X5) → (+)  Probability that a paper discusses racial inequality (Y)
(These factors work independently.)","num_authors,authors_race_diversity_score","social_science,num_authors","black,country_race_diversity_score",+,+,+,"I think more authors and more race diversity of authors will increase the possibility of a paper discusses racial inequality. Similarly, more authors working in social science research area and more black people in a country that is more diverse will increase the possibility of a paper discusses racial inequality. ","social_science,female,asian,black,authors_race_diversity_score",5,,,,1,4,3,,,2,,,,+,,,,+,+,+,,,+,,,,"Social science usually talks more about gender inequality than STEM. Women, especially black or asian women usually see the gender inequality more clearly than men. Similarly, authors in different races will have higher possibility to discuss the gender inequality.","Social science (X1) → (+) Probability that a paper discusses gender inequality (Y)
Female (X2) → (+) Probability that a paper discusses gender inequality (Y)
Asian (X3) → (+) Probability that a paper discusses gender inequality (Y)
Black (X4) → (+) Probability that a paper discusses gender inequality (Y)
Author race diversity (X5) → (+) Probability that a paper discusses gender inequality (Y)
","num_authors,authors_race_diversity_score","num_authors,female","female,black",+,+,+,"More authors from different races increase the possibility of a paper discusses gender inequality. Similarly, more female authors and more black female may also increase the possibility of a paper discusses gender inequality.",Result 3 (country_race_diversity_score) and 4 (asian) diverge from my expectation. I think this is because I am not familiar with the different culture background of a lot of countries. But I still don't think 4 (asian) should be higher than 5 (black).,"I still keep my initial theory.
I believe Result 3 (country_race_diversity_score) and 4 (asian) are important. But I still think authors' race and news mentioned are more important.",I still believe my initial diagram.,I am very surprised. ML emphasizes so much on 'social science'. Maybe there is much more social science papers talking about racial inequality.,I still want to keep my initial theory.,Add some variables such as the political environment in each year and the major societal events.,Political environment. I expected there is more paper talking about the race/gender diversity during the Democratic period.,"I think 'natural_science' would have a negative influence, but I didn't expect it will be listed in the top five factors.",I still want to hold my initial theory.,I still want to hold my initial diagram.,I think ML results emphasize too much on 'paper/news' factors. Maybe this is because there are more data directly related to paper/news. ,I still want to hold my initial theory.,Considering the immigration trend and political environment.,There may be more paper working on gender inequality during Democratic period in the US.,Theories proposed by GenAI models after reviewing (1) the machine-learning results and (2) the revised theories of human experts who have reviewed the machine-learning results,Theories proposed by GenAI models after reviewing (1) the machine-learning results and (2) the revised theories of human experts who have reviewed the machine-learning results,It's interesting to think about this human–AI collaborative framework.,28,Female,China,United States of America,20,2025,Mechanical Engineering,0,0,3,"Northwestern University, Evanston, IL 60208, USA"
0,Xilan Zhang,"social_science,engineering_and_technology,black,news_inequality_mentions_3_years,paper_inequality_mentions_3_years",1,,4,,,,3,,,,,5,2,+,,-,,,,+,,,,,+,+,"Similar to the gender component: My assumptions are (1) disciplines have unequal focus and attention on latest ""social issues"" -- social science naturally and inherently build themselves on these discussions, in contrary to engineering, (2) temporal trends, including paper mentioning and news mentioning, are obviously strong predictors, with paper mentioning being a bit more direct, (3) underrepresented groups will pay more attention to inequality issues, and this case, black people and racial inequality issues.","Societal issues (e.g., BLM, wage inequality) -> (+) societal discussion -> (+) news inequality mention -> (+) paper inequality mention

Societal issues (e.g., BLM, wage inequality) -> (+) societal discussion -> (+) paper inequality mention

For the rest of variables I selected (black, and discipline representation), I would rather put them as moderators, similar to the gender component, instead of directly putting them in this casual graph.","social_science,black","black,paper_inequality_mentions_3_years","social_science,paper_inequality_mentions_3_years",+,+,+,"Social_science x black is likely positive since racial inequality research is concentrated in social sciences, and Black authors may increase the likelihood that racial issues are explicitly addressed. They reinforce attention to racial inequality. For black x paper_inequality_mentions_3_years, it should be positive Black authorship may further increase the probability that inequality is framed in racial terms after seeing peer academic papers on similar issues. For social_science x paper_inequality_mentions_3_years, it's also likely positive, as inequality-focused trends within social science disciplines are especially likely to sustain and deepen discussion of racial inequality over time.","social_science,engineering_and_technology,female,news_inequality_mentions_3_years,paper_inequality_mentions_3_years",1,,4,,3,,,,,,,5,2,+,,-,,+,,,,,,,+,+,"My assumptions are: (1) academic topic follow trends, including peaks and declines, (2) social science generally have a greater focus on social issue, and (3) due to the similarity in their social identities, female researchers might pay more attention to gender inequality issues.

Therefore, I can draw the beliefs below: 
(1) public discussion of inequality (especially race, and to some extent gender) is likely to be correlated with time (year), for example, increasing after 2020 (BLM), or generally, when democrats are in power in the US. And that's why I think media mentions of inequality can precede and probably also stimulate and prompt academia attention to inequality. I thus listed the two ""mentions"" in my selection. 
(2) Social sciences, especially sociology, and some closely related fields (e.g., psychology, economics) inherently have more focus on ""social"" problems, and the counter example might be technology / engineering. So I would expect discipline background to be a strong predictor of whether a paper mention inequality, and likely should be controlled in actual research.
(3) It might be the case that female authors pay more attention to gender inequality, given women's historical underrepresentation in many aspects of social life, and the proximity of social identity (e.g., identified-as-female authors, or those that are close observers of this social issue).","Rise of social issue (e.g., BLM) -> (+) Societal discussion -> (+) news_inequality_mention_3_years -> (+) paper_inequality_mention_3_years

Rise of social issue (e.g., BLM) -> (+) Societal discussion -> (+) paper_inequality_mention_3_years

Female (+) might be the moderator on the following paths:
- Rise of social issue (e.g., BLM) -> (+) Societal discussion
- (+) Societal discussion -> (+) news_inequality_mention_3_years
- (+) Societal discussion -> (+) news_inequality_mention_3_years
-  (+) Societal discussion  -> (+) paper_inequality_mention_3_years

Social sciences (+) and Engineering (-) might be the moderators on the following paths:
- (+) news_inequality_mention_3_years -> (+) paper_inequality_mention_3_years
-  (+) Societal discussion  -> (+) paper_inequality_mention_3_years","social_science,female","female,paper_inequality_mentions_3_years","num_authors,female",+,+,+,"I don't think some interactions are ""important"", and I just think some of those would have ""strong association"". For social science x female, I would expect female authors to be more likely to pursue gender inequality related topics, and those topics appear the most in social science publications from my impression. This is not an ""interesting"" or theoretically ""important"" selection -- I just see a potentially strong correlation. For female x paper_ineq_mention, similarly, I would expect temporal trends to highly predict focal mention of gender inequality, and female authors may mutually reinforce this trend by actively being part of it. For num_authors x female, I feel like this is more interesting and potentially relevant, larger teams that include more female authors might be more likely to introduce such topics and sustain their gender-related agenda -- or as a side exploration, near the end of the empirical parts, they might themselves explore the female interactions apart from the main effect they predicted and frame it as part of the storyline in the paper.","I still see asian here, similar to gender ineq issue, which divergent from my expectations. Now it brings me to some compositional doublt -- If Asian authors are disproportionately represented in social science fields, and social science strongly predicts racial-inequality discussion, then the “asian” feature may be partially proxying for disciplinary concentration. Or if Asian female authors are more concentrated in inequality-oriented subfields, the result may reflect interaction or clustering effects rather than a direct racial effect.","Similar to the gender component: My assumptions are (1) disciplines have unequal focus and attention on latest ""social issues"" -- social science naturally and inherently build themselves on these discussions, in contrary to engineering, (2) underrepresented groups will pay more attention to inequality issues, and this case, black people and racial inequality issues, and (3) Papers whose authors are inferred to be born in more racially diverse countries are more likely to discuss racial inequality.

Given I just realized data only cover those before 2020 (?), I dropped the second assumption and added a new one.
","Societal issues (e.g., BLM, wage inequality) -> (+) societal discussion -> (+) news inequality mention -> (+) paper inequality mention

Societal issues (e.g., BLM, wage inequality) -> (+) societal discussion -> (+) paper inequality mention

Exposure to local societal issues (e.g., BLM, wage inequality) (in light of those born in in more racially diverse countries, country_race_diversity_score) -> (+) societal discussion -> (+) paper inequality mention

For the rest of variables I selected (black, and discipline representation), I would rather put them as moderators, similar to the gender component, instead of directly putting them in this casual graph.",More expected than the gender one.,"I choose not to modify my theory. I can see the possibility that female * social_science is strong predictor, but I think theorizing around black is more intuitive and justifiable for  baseline results.","I'll test this part: Exposure to local societal issues (e.g., BLM, wage inequality) (in light of those born in in more racially diverse countries, country_race_diversity_score) -> (+) societal discussion -> (+) paper inequality mention

I will just use a classic diff-in-diff test. Given worldwide there're changes of gender inequality discussion across different countries, this should give me enough variation, e.g., for those from Arab, whether they'll have more exposure after arab spring, and have more academic conversations around this afterwards. I'll just use year_of_publication, country_race_diversity_score.","I feel like inferring from last name is probably not precise enough -- it's only about country original but doesn't discern that much about immigration and education trajectory of researchers. Using linkedin or other data to complement would be my first step, though probably not introducing additional variables.","Mostly can be expected. I selected engineering instead of natural science as the negative science, but natural science makes more sense for me after more reflections (e.g., math, chemistry are inherently less likely to focus on these issues compared w/ CS). 

The unexpected feature is asian. I previously hypothesized around race but didn't reach deterministic conclusions, so I only had gender in my prediction. This feature might be interesting.","My assumptions are: (1) academic topic follow trends, including peaks and declines, (2) social science generally have a greater focus on social issue, and (3) due to the similarity in their social identities, female researchers might pay more attention to gender inequality issues.

Therefore, I can draw the beliefs below: 
(1) public discussion of inequality (especially race, and to some extent gender) is likely to be correlated with time (year), for example, increasing after 2020 (BLM), or generally, when democrats are in power in the US. And that's why I think media mentions of inequality can precede and probably also stimulate and prompt academia attention to inequality. I thus listed the two ""mentions"" in my selection. 
(2) Social sciences, especially sociology, and some closely related fields (e.g., psychology, economics) inherently have more focus on ""social"" problems, and the counter example might be Natural Science. So I would expect discipline background to be a strong predictor of whether a paper mention inequality, and likely should be controlled in actual research.
(3) It might be the case that female authors pay more attention to gender inequality, given women's historical underrepresentation in many aspects of social life, and the proximity of social identity (e.g., identified-as-female authors, or those that are close observers of this social issue).","Rise of social issue (e.g., BLM) -> (+) Societal discussion -> (+) news_inequality_mention_3_years -> (+) paper_inequality_mention_3_years

Rise of social issue (e.g., BLM) -> (+) Societal discussion -> (+) paper_inequality_mention_3_years

Female (+) might be the moderator on the following paths:
- Rise of social issue (e.g., BLM) -> (+) Societal discussion
- (+) Societal discussion -> (+) news_inequality_mention_3_years
- (+) Societal discussion -> (+) news_inequality_mention_3_years
-  (+) Societal discussion  -> (+) paper_inequality_mention_3_years

Social sciences (+) and Natural sciences (-) might be the moderators on the following paths:
- (+) news_inequality_mention_3_years -> (+) paper_inequality_mention_3_years
-  (+) Societal discussion  -> (+) paper_inequality_mention_3_years","The marginal effect of female authorship on whether a paper discusses gender inequality becomes smaller for social science papers.
The marginal effect of being a social science paper on whether a paper discusses gender inequality is smaller when the share of female authors is higher.

--> this part is unexpected, but interesting. More interesting than the previous ""unexpected Asian"" results. Because it's easier to make sense of these two set of interpretation for me. It might be that those female w/ non-social science pub background gets the more marginal effect, or put it other words, because there's already lots of discussion for gender inequality in social science, being female / male doesn't matter a lot, while that's not the case in natural science / engineering. 

This makes sense to me, but I'll go back to data selection at this stage, to double check which years we selected. If those ""peak years"" were largely covered and inequality is documented so widely in social sci in those years, then these results might be reasonable for me. If not the ""peak years"", then I'll leave a question mark here.","For social science x female, depending on the years, there might be increasing or diminishing marginal effects for female authors in social science to focus on inequality. For female x paper_ineq_mention, I would expect temporal trends to highly predict focal mention of gender inequality, and female authors may mutually reinforce this trend by actively being part of it. For num_authors x female, I feel like this is more interesting and potentially relevant, larger teams that include more female authors might be more likely to introduce such topics and sustain their gender-related agenda -- or as a side exploration, near the end of the empirical parts, they might themselves explore the female interactions apart from the main effect they predicted and frame it as part of the storyline in the paper.
","I’d probably start with a descriptive analysis to examine the time lag between newspaper coverage and academic publications in discussing gender inequality. A simple first step is a temporal comparison of news_inequality_mentions_3_years and paper_inequality_mentions_3_years.

That said, this baseline test is not very compelling on its own. A more interesting next step is to ask whether gender moderates this lag. For example, even if the marginal effect of female authorship is smaller in social science overall, female authors may still be early movers in academia, like raising gender-inequality topics sooner than others in response to (or even ahead of) shifts in the news. This would let me distinguish first movers from adopters in the academic system and test whether female authors are more likely to initiate rather than follow gender-inequality conversations.

If more casual identifications are needed, I would probably use some societal events as the ""shock"", e.g., Metoo, to do a event study, though I'm not exactly sure what year should be pinned down by MeToo event, given this lag between news and academic discussion.","Taking this piece of my theoretical prediction out (news -> academic paper), and this (potentially) casual but lagged relationship, I would collect additional news textural data, or social account of researchers (if allowed), to account for (1) when exactly the newspapers start to see this rise of gender inequality discussion, and (2) how deeply each researcher individually was involved in these discussion. If there's clear, mapped in shape, but lagged trend in news vs. academic paper, and the effect is stronger among those holding more social account and post more about similar issue (e.g., publicly discuss gender inequality on X), then it would partially support my theory.",Theories proposed by GenAI models after reviewing (1) the machine-learning results and (2) the revised theories of human experts who have reviewed the machine-learning results,Theories proposed by GenAI models after reviewing (1) the machine-learning results and (2) the revised theories of human experts who have reviewed the machine-learning results,"It would be helpful to discern ""importance"" and ""feasibility"" in this study. the variables selected ex-ante are those that''s ""strongest"" in association, thus sacrificing some degree of ""importance"", which is mentioned later in some prompts. It'll be hard to come up with ""important theory"" with those ""strongest variables"" (e.g., paper in the past 3 years), and this selection of ""strongest variables"" as the first step might limit some potential of ""human experts"" to develop the most interesting theory. That being said, this is a very interesting study, please keep me posted.",24,Female,China,United States of America,15,2029,strategy and entrepreneurship,0,0,1,Stanford University
0,Naja Pape,"social_science,authors_race_diversity_score,country_race_diversity_score,news_inequality_mentions_3_years,paper_inequality_mentions_3_years",1,,,,,,,,,2,5,3,4,+,,,,,,,,,+,+,+,+,"Social science (as opposed to engineering and most natural sciences) has subdisciplines such as labor economics that investigate the distribution of earnings, human capital attainment across individuals, status theory from sociology and different IAT measures from social psychology, etc. - by nature these subfields are interested in hierarchies among human beings. I further believe that the race of the authors influences their field of interest within their chosen discipline (e.g. Cindy Dupree at UCL who has developed a new measure of racial hierarchies) and if these researchers come from different countries they may also be more open towards the experience of being a foreigner, working in a foreign (non home country) country or dealing with international students of different racial backgrounds - all factors that could contribute to a strenghtened interest in racial inequality. Moreover, events in the news (e.g. Black Lives Matter) and trends in other academic papers presented at conferences and published in journals that the authors read may naturally influence whether they consider it to be a topic worthy of their time. ","Conducting research in a subfield of the social sciences (X1) --> (+) awareness of problem/inherent interest/motivation existing prior to pursuing a scientific career/personal or professional direct or indirect experience/exposure (Potential mediators across DVs, +) --> research on racial inequality (+) (Y)

Authors race diversity score (X2)

Country race diversity score (X3)

News inequality past 3 years (X4)

Papers inequality past 3 years (X5)","social_science,black","social_science,asian","social_science,female",+,+,+,I believe that human beings have a natural tendency to investigate problems that they encounter themselves (like we see in user entrepreneurship or women doctors researching diseases/syndromes such as endometriosis). I would assume fewer White male researchers doing research on racial inequality than racial minority researchers or women who may have paid the price of the inequality,"social_science,natural_science,female,news_inequality_mentions_3_years,paper_inequality_mentions_3_years",2,3,,,1,,,,,,,4,5,+,+,,,+,,,,,,,+,+,"This closely echoes the reasoning I outlined in my answer to the question about racial inequality. Being a social science academic means that you are often training in economics, sociology or social psychology - all disciplines that are partly interested in inequality, whether from a structuralist or reductionist lens. If we take the example of women academics, given that they have been more likely to experience bias or discrimination related to their gender, I believe they are naturally more inclined to develop a professional or scientific interest in this domain (an exception may be male researchers with daughters who may have been more likely to see their daughters experiencing differential treatment). Next, I believe social scientists to be influenced by what they see and experience in the world that they inhabit: the news they read, the conferences they go to, the discussions they have with their colleagues about promotion, the classroom discussions with the students, the MBA admissions to their school etc. I should mention that I think it's hard to tell whether the news influences research or vice versa. The first theories on gender inequality (e.g., Kanter) date back to the 1970s, and since that's many years before I was born, I don't know to what extent it occupied the media back then (though I would assume not much). And lastly, I believe that certatin disciplines in the natural sciences such as medicine and in particular subdisciplines focusing on women's health (e.g. OBGYN) are much more likely to study diseases or problems faced by women.  ","Conducting research in a subfield of the social sciences (X1) → (+) awareness of problem/inherent interest/motivation/conviction existing prior to pursuing a scientific career/personal or professional direct or indirect experience/exposure (Potential mediators across DVs, +)  → research on gender inequality (+) (Y)

Being female (X2)

News inequality mention (X3)

Paper inequality mention (X4)

Natural science (X5)



","social_science,female","female,white","social_science,paper_inequality_mentions_3_years",+,+,+,"It aligns very closely with the text I wrote about the main effects and mediators. First, I think being in social science naturally conditions you/or you self-selected into social sciences because you have an inherent interest in topics such as inequality. Second, I think being female means that you are much more likely to have experienced a form of gender inequality (pay negotiations, tenure promotions, etc.) than your male colleagues, which I assume sparks one's research interest in this topic. Third, I think being White means that you are less inclined to focus on racial inequality and would start with focusing on gender inequality (although Dobbin and Kalev's work demonstrates that Black women are the group facing the toughest discrimination/lowest salary, etc. in the workplace). Fourth, I believe that reading other papers about gender inequality activates the topic as a potential topic in the mind of female scholars. ",It seems very intuitive and aligned with my own reasoningn although I'm surpirsed that neither the news nor the papers seem to predict racial inequality papers. ,"Social science (as opposed to engineering and most natural sciences) has subdisciplines such as labor economics that investigate the distribution of earnings, human capital attainment across individuals, status theory from sociology and different IAT measures from social psychology, etc. - by nature these subfields are interested in hierarchies among human beings. I further believe that the race of the authors influences their field of interest within their chosen discipline (e.g. Cindy Dupree at UCL who has developed a new measure of racial hierarchies) and if these researchers come from different countries they may also be more open towards the experience of being a foreigner, working in a foreign (non home country) country or dealing with international students of different racial backgrounds - all factors that could contribute to a strenghtened interest in racial inequality. Being a minority academic (e.g. Asian or Black) Lastly, women academics may be more attuned to racial inequality given their own lower status position as measured against their male counterparts. ","Social science (X1)

Country race diversity score (X2)

Asian (X3)

Black (X4)

Female score (X5)","I'm surprised by the negative interaction of female and social science (maybe it's simply because these women would rather write a paper on gender inequality). 

I'm curious because I believed the news and paper measures to be main predictors but after reading through the ML evidence it seems that they are second order effects. I am, however, aligned with the fact that there is a loop going on between what happens in ""the real world"" and what social scientists tend to care about and write papers about. What you do not, however, account much with the variables you provide is the development in terms of methods (e.g. audit studies, online field experiments that could be done at scale, choice experiments etc. - all of which have greatly contributed to the rise in research on both racial and gender inequality - without these methods, it was almost impossible to gather strong empirical evidence). ",Being a social science researcher and being exposed to academic papers about racial inequality and reading news articles about racial inequality increases the likelihood of writing papers on racial inequality. ,"Given the lack of the publishing process, it's hard to establish the exact cutoff but I would like to see the models you have run to obtain the current ML results including variables accounting for before vs after the election of Barack Obama as president, MeToo, Black Lives Matter/George Floyd","The share of racial minority students and racial minority researchers in research intensive higher education institutions/colleges/universities (the universities publishing the research that's in your data) from 2000 to 2020 (any evolution or stable?)

",I predicted the opposite for natural science based on medicine but it makes sense when you consider all of the natural sciences. I would be interested to see a subgroup analysis on medicine. ,"This closely echoes the reasoning I outlined in my answer to the question about racial inequality. Being a social science academic means that you are often training in economics, sociology or social psychology - all disciplines that are partly interested in inequality, whether from a structuralist or reductionist lens. If we take the example of women academics, given that they have been more likely to experience bias or discrimination related to their gender, I believe they are naturally more inclined to develop a professional or scientific interest in this domain (an exception may be male researchers with daughters who may have been more likely to see their daughters experiencing differential treatment). Next, I believe social scientists to be influenced by what they see and experience in the world that they inhabit: the news they read, the conferences they go to, the discussions they have with their colleagues about promotion, the classroom discussions with the students, the MBA admissions to their school etc. I should mention that I think it's hard to tell whether the news influences research or vice versa. The first theories on gender inequality (e.g., Kanter) date back to the 1970s, and since that's many years before I was born, I don't know to what extent it occupied the media back then (though I would assume not much). And lastly, being an Asian academic may mean you're already more attuned to bias - whether male or female - and therefore more likely to conduct research on this. ","Social science (X1) ---> (+) Research on gender inequality (Y)

Female (X2) ---> (+) Research on gender inequality (Y)

Paper inequality mention (X3) --> (+) Research on gender inequality (Y)

News inequality mention (X4) --> (+) Research on gender inequality (Y)

Asian inequality mention (X5) --> (+) Research on gender inequality (Y)

","The first two on the papers and the news make sense and I used them as main predictors in my theory. I would really like to see the data on the third one - does your interaction mean that the marginal effect of female authorship on whether a paper discusses gender inewuality becomes smaller for social science papers as opposed to being a natural science or engineering paper? I may buy that, but of all the social science literature I have read on gender ineequality, I have come across very very few male co-authors and I don't recall ever having seen a paper on gender inequality solo-authored by a man. This result is incredibly surprising to me and I struggle to believe it without additional data. ","It aligns very closely with the text I wrote about the main effects and mediators. First, I think being in social science naturally conditions you/or you self-selected into social sciences because you have an inherent interest in topics such as inequality. Second, I think being female means that you are much more likely to have experienced a form of gender inequality (pay negotiations, tenure promotions, etc.) than your male colleagues, which I assume sparks one's research interest in this topic. Third, I believe that reading other papers/news about gender inequality activates the topic as a potential topic in the mind of female scholars. ","I would like to see the impact of male researchers with daughters vs male researchers without daughters (e.g. sons or no kids). This has been done in an econ study on VC investors in Silicon Valley, showing that investors with daughters are more likely to invest in female-founded startups. I would also like to see if the effect concentrates in specific countries: are authors based in or from certain countries less inclined to study gender inequality? This is different from your current diversity measure. ","I would like to see age as a proxy for career stage (maybe more experienced authors are more likely to do research on gender inequality as they have experienced it/seen it more, or maybe junior scholars are more ""rebellious"" and more likely to study more ""conflictual"" topics). ",Theories proposed by GenAI models after reviewing (1) the machine-learning results and (2) the revised theories of human experts who have reviewed the machine-learning results,Theories proposed by GenAI models after reviewing (1) the machine-learning results and (2) the revised theories of human experts who have reviewed the machine-learning results,I really enjoyed taking part in the study. Best of luck. ,37,Female,Denmark,France,27,2026,Entrepreneurship,,,,INSEAD
0,Weiyuan Li,"social_science,num_authors,female,black,paper_inequality_mentions_3_years",1,,,4,5,,2,,,,,,3,+,,,-,+,,+,,,,,,+,"If this paper is about social science, it's more likely to discuss the race inequality issue. So I think the subject of the paper is the most important thing. Therefore, I ranked the subject variables as the top feature. Then, I assume that black researchers will be more interested in this topic, so I ranked black as the second most important feature. The total number of paper about inequality in the last 3 years may also have a positive correlation with our prediction, as it captures the trends of discussing any form of inequality in academia. If the number of authors is large, it is more likely this is a natural science paper and thus less likely that it talks about race inequality.If there is female author in the paper, it's also more likely that the authors are into inequality topics.","a paper about social science→(+)a paper discusses race inequality
Black authors care more about race inequality than other authors →(+) a paper with more black authors is more likely to discuss race inequality
More paper in inequality in the last 3 years →(+) There is an academia trend in doing research on race inequality 
Female authors care more about inequality than other authors →(+) a paper with more female authors is more likely to discuss race inequality
More authors on the paper →(+) a tech/eng/natural science paper →(-) a paper that discusses race inequality","female,black","social_science,num_authors","social_science,paper_inequality_mentions_3_years",-,-,-,"If two features share the same channel of affecting the prediction, adding the interaction term of these two features will weaken each other's influence on Y.","social_science,num_authors,female,black,paper_inequality_mentions_3_years",1,,,4,2,,5,,,,,,3,+,,,-,+,,+,,,,,,+,"If this paper is about social science, it's more likely to discuss the gender inequality issue. So I think the subject of the paper is the most important thing. Therefore, I ranked the subject variables as the top feature. Then, I assume that female researchers will be more interested in this topic, so I ranked female as the second most important feature. The total number of paper about inequality in the last 3 years may also have a positive correlation with our prediction, as it captures the trends of discussing any form of inequality in academia. If the number of authors is large, it is more likely this is a natural science paper and thus less likely that it talks about gender inequality.If there is black author in the paper, it's also more likely that the authors are into inequality topics.","a paper about social science→(+)a paper discusses gender inequality
Female authors care more about gender inequality than male authors →(+) a paper with more female authors is more likely to discuss gender inequality
More paper in inequality in the last 3 years →(+) There is an academia trend in doing research on gender inequality 
Black authors care more about inequality than other authors →(+) a paper with more black authors is more likely to discuss gender inequality
More authors on the paper →(+) a tech/eng/natural science paper →(-) a paper that discusses gender inequality","female,black","social_science,num_authors","social_science,paper_inequality_mentions_3_years",-,-,-,"If two features share the same channel of affecting the prediction, adding the interaction term of these two features will weaken each other's influence on Y.",country_race_diversity_score is also an important feature as people from racially diverse countries may be more interested in racial inequality problem.,"If this paper is about social science, it's more likely to discuss the racial inequality issue. So I think the subject of the paper is the most important thing. Therefore, the subject variables is the top feature. Female researchers will be more interested in inequality topics, so  the second most important feature is female score. country_race_diversity_score is also an important feature as people from racially diverse countries may be more interested in racial inequality problem. As minority in english speaking countries, asian authors may be more interested in racial inequality. Similarly, black score is also an important feature.","a paper about social science→(+)a paper discusses racial inequality
Female authors care more about inequality than other authors →(+) a paper with more female authors is more likely to discuss racial inequality
Asian authors care more about race inequality than other authors →(+) a paper with more asian authors is more likely to discuss racial inequality
Black authors care more about race inequality than other authors →(+) a paper with more black authors is more likely to discuss racial inequality
people from racially diverse countries may be more interested in racial inequality problem →(+) a paper that discusses racial inequality",Specifying the category of the paper will actually amplify the marginal impact of the popularity of the inequality topics.,"If the paper is in social science, the marginal impact of popularity on inequality topics in academia will be amplified, similarly, the marginal impact of popularity on inequality topics in society will be amplified. Because the social science paper tends to have more female authors, if the paper is known to be in social science, the marginal impact of the female authorship will become smaller. ",You can also add the interaction terms in the linear regression the coefficient of the revised linear regression is more reliable.,Add where the paper is published just like for the gender inequality.,"It is more or less like what I gave, in the race category it chooses the asian variable rather than the black variable. Maybe because there are more datapoints for asian authored paper. And it also chooses the natural_science binary to determine the subject of the paper.","If this paper is about social science, it's more likely to discuss the gender inequality issue. So I think the subject of the paper is the most important thing. Social science variable is the top one feature. Then, female researchers will be more interested in gender inequality, so female is the second most important feature. If the paper is in natural science, then it is less likely to discuss gender inequality. If there is more asian authors in the paper, it's more likely that the authors are into inequality topics.The total number of paper about inequality in the last 3 years also has a positive correlation with our prediction, as it captures the trends of discussing any form of inequality in academia. ","a paper about social science→(+)a paper discusses gender inequality
Female authors care more about gender inequality than male authors →(+) a paper with more female authors is more likely to discuss gender inequality
a paper about natural science→(-)a paper discusses gender inequality
Asian authors care more about inequality than other authors →(+) a paper with more asian authors is more likely to discuss gender inequality
More paper in inequality in the last 3 years →(+) There is an academia trend in doing research on gender inequality 

","The first two interaction terms are more or less as expected. I missed the third one, but it is also understandable.","If we know the paper is under the social science category, then it is likely that it talks about some kind of inequality in the paper, so the marginal effect of the popularity of research/news on inequality is smaller(which explains the first two interaction terms). If we know the paper is under the social science category, then no matter what the gender the authors are, they may have a good interest in studying some kind of inequality, so the marginal effect of gender of the authors is smaller(which explains the last interaction term). ","We can run a linear regression on these five features and check the significance of the result(R^2,...).","To support my theory that asian authors are more likely to write papers on gender inequality,  add a feature representing in which country the paper was published, and add that feature into the regression model to eliminate the possibility that some countries have larger interests in gender inequality than other countries.",Theories proposed by GenAI models after reviewing (1) the machine-learning results and (2) the revised theories of human experts who have reviewed the machine-learning results,Theories proposed by GenAI models after reviewing (1) the machine-learning results and (2) the revised theories of human experts who have reviewed the machine-learning results,Interested to see the results.,27,Female,China,United States of America,4,2026,Operations Research,,,6,Cornell University/Cornell Tech
0,Chenjun Li,"social_science,authors_race_diversity_score,country_race_diversity_score,news_inequality_mentions_3_years,paper_inequality_mentions_3_years",4,,,,,,,,,3,5,2,1,+,,,,,,,,,+,+,+,+,"Being in the social sciences or having a diverse team of authors naturally increases the focus on structural issues like racial inequality. Essentially, people study what they experience and what their field is built to analyze. Additionally, if the news and academic circles are already discussing inequality, new papers are more likely to follow that momentum because the data and public interest are already there.","1. social_science → (+) Theoretical Framework/Research Lens (mediator) → (+) paper discusses racial inequality
2. country_race_diversity_score → (+) authors_race_diversity_score → (+) Diverse Lived Experiences (mediator) → (+) paper discusses racial inequality
3. news_inequality_mentions_3_years → (+) Societal Salience/Public Interest (mediator) → (+) paper discusses racial inequality
4. paper_inequality_mentions_3_years → (+) Academic Path Dependency (mediator) → (+) paper discusses racial inequality","social_science,authors_race_diversity_score","social_science,news_inequality_mentions_3_years","authors_race_diversity_score,news_inequality_mentions_3_years",+,+,+,"These factors naturally amplify each other, which is why they all have positive signs. A diverse team is more likely to study racial inequality, but that effect really takes off if they work in the social sciences where this research is a core focus. Similarly, when inequality is all over the news, social scientists are the ones who turn that public interest into academic papers. Finally, diverse research teams are probably more sensitive to those news trends in the first place. Essentially, the right academic field, internal team perspective, and external societal timing all reinforce each other to produce this kind of research.","social_science,engineering_and_technology,female,news_inequality_mentions_3_years,paper_inequality_mentions_3_years",1,,3,,2,,,,,,,5,4,+,,-,,+,,,,,,,+,+,"social_science (+) sets a high baseline probability for this topic, while engineering_and_technology (–) has a negative weight since most venues still focus on technical systems, not social issues. The female author ratio (+) could be a good proxy for the research team's lived experience and specific interests. The time-lagged variables paper_inequality_mentions and news_inequality_mentions (both +) capture the broader environmental signal. If academia or the general public is already focused on inequality, there's strong momentum for new papers to follow that trend.","1. social_science → (+) Domain Fit (mediator) → (+) paper discusses gender inequality
2. female → (+) Research Interest & Perspective (mediator) → (+) paper discusses gender inequality
3. engineering_and_technology → (+) Technical Focus (mediator) → (–) paper discusses gender inequality
4. paper_inequality_mentions_3_years → (+) Academic Momentum (mediator) → (+) paper discusses gender inequality
5. news_inequality_mentions_3_years → (+) Societal Salience (mediator) → (+) paper discusses gender inequality","social_science,female","engineering_and_technology,female","social_science,news_inequality_mentions_3_years",+,-,+,"The interaction between social_science and female is positive (+) because social science venues actually provide the platform for female researchers to explore gender topics. Conversely, the engineering_and_technology and female interaction is negative (–) because the strict technical focus of engineering journals could override demographic effect, decreasing the chance of discussing social disparities. social_science and news_mentions reinforce each other (+) since social scientists are the ones who are trained to translate trending public interest into formal academic research.","I originally assumed the time-lagged variables (news and academic momentum) and the general mathematical diversity metric (authors_race_diversity_score) would be top predictors. Instead, the model heavily prioritizes specific demographic signals: female_score, asian, and black. The emergence of female_score as the second strongest predictor is the most surprising. From a feature engineering standpoint, this suggests that the general entropy score (authors_race_diversity_score) was likely too noisy or abstract, and the model found a much cleaner, stronger signal in specific marginalized identities and intersectional experiences.","My updated theory still has the core assumption that the academic domain is the primary filter, which is why I kept social_science as the foundational predictor. However, I removed the time-lagged momentum variables (news and paper mentions) and the general team diversity score (authors_race_diversity_score). I realized the general diversity score was too abstract, instead, I added specific demographic features: female_score, black, and asian, along with country_race_diversity_score based on the ML results. The reasoning is that direct, specific lived experiences of marginalization (whether by race or gender) provide a much stronger, clearer signal for researching systemic inequality than a generic mathematical diversity metric or broad news trends.","social_science → (+) Theoretical Framework/Research Lens (mediator) → (+) paper discusses racial inequality
female_score → (+) Intersectional Lived Experiences (mediator) → (+) paper discusses racial inequality
black → (+) Diverse Lived Experiences (mediator) → (+) paper discusses racial inequality
asian → (+) Diverse Lived Experiences (mediator) → (+) paper discusses racial inequality
country_race_diversity_score → (+) Exposure to Heterogeneous Societies (mediator) → (+) paper discusses racial inequality","I correctly anticipated that social_science would positively interact with external salience, like news mentions. It makes perfect sense that academic momentum (paper_inequality_mentions_3_years) follows the exact same pattern: the social sciences act as a multiplier for environmental trends. However, the third the prediction that female and social_science having a negative sign is highly counterintuitive at first glance. I would have expected a positive interaction where the field amplifies the demographic signal. From a modeling perspective, this negative sign suggests a ceiling or substitution effect: female authors might be such a strong independent predictor of equity research in non-social science fields (e.g., studying disparities within STEM) that their marginal predictive power actually shrinks when you move into the social sciences, where the domain itself drives the research baseline.","My updated theory divides these interactions into two clear mechanisms: how the academic domain amplifies external trends, and how it dampens demographic signals. First, the social sciences act as a massive multiplier for both public discourse (news_inequality_mentions) and academic momentum (paper_inequality_mentions). When inequality is trending in society or recent literature, social scientists are uniquely positioned to formalize that interest into new papers, meaning the domain and the environmental momentum positively reinforce each other (+). Second, technical fields outside the social sciences, a high percentage of female authors is a standout, highly predictive signal that the paper will focus on equity. However, within the social sciences, researching systemic inequality is already the baseline norm for the entire field. Because the domain itself drives the topic so strongly, the specific gender breakdown of the author team become less important for predicting the outcome.","To really test this out empirically, I'd set up a regression-based analysis, specifically a multivariate logistic regression, to pit my old assumptions against the new ones. I would start with a baseline model that predicts whether a paper discusses racial inequality using the primary filter feature, social_science, alongside the generic features I initially thought were important but later discarded: authors_race_diversity_score and news_inequality_mentions_3_years. Then, I would train a second, expanded model that introduces the specific features from my revised theory: the demographic proportions female, black, and asian, as well as the environmental metric country_race_diversity_score.

If my updated theory is correct, we should see a classic ""explaining away"" effect in the model's coefficients. The weights for the specific marginalized groups (female, black, asian) should emerge as robustly positive and statistically significant. More importantly, once these specific features are added to the regression, the predictive power and significance of the generic authors_race_diversity_score should drop off a cliff. This would validate my core assumption: a mathematically diverse team doesn't inherently drive research on systemic inequality; rather, it is the direct, specific lived experiences of marginalization that provide the actual signal.

Additionally, the results would need to show social_science maintaining a positive coefficient across all model iterations, confirming it acts as the necessary theoretical and structural filter for this type of work. Finally, seeing a stable, positive coefficient for country_race_diversity_score would empirically support the idea that early exposure to a racially heterogeneous society naturally shifts a researcher's academic focus toward structural issues, independently of their specific team makeup.","To test if specific lived experiences and localized environments drive this research, I would propose adding two new variables: an author's historical publication record on inequality (author_past_inequality_papers) and an indicator for whether their affiliation is a Minority Serving Institution, like an HBCU (institution_minority_serving). I would integrate these directly into our existing multivariate logistic regression model alongside the current demographic and country-level features to observe how the feature weights shift when these more precise proxies are introduced.

If my updated theory holds, the expected results should show these new variables absorbing a reasonable amount of predictive power from the older features. Specifically, a strong positive coefficient for author_past_inequality_papers would prove that dedicated individual research trajectories drive the outcome far more than the general academic momentum currently captured by the 3-year paper mentions feature. Furthermore, a highly significant positive weight for institution_minority_serving would validate my assumption that immediate, localized institutional environments, where structural inequality is highly salient, act as a much sharper and more accurate feature for this research than the broad, noisy proxy of a country's overall racial diversity score.","The results mostly validate my theory, but with two key surprises. First, natural_science (–) replaced engineering as the strongest negative filter, likely because its massive publication volume creates a statistically cleaner split for non-social topics. Second, asian (+) being as a top predictor is fascinating, it suggests an intersectional effect where researchers from minoritized backgrounds are more likely to study overlapping structural inequalities like gender. Finally, the model dropping news trends confirms that internal academic citations (paper_inequality_mentions) provide a much cleaner, less noisy signal than public discourse.","My updated theory maintains that the academic domain acts as a strict boundary, while lived experience drives the specific research focus. I kept social_science (+) and female_score (+) as the core positive drivers. However, I replaced engineering with natural_science (–), as its sheer volume of physical/biological research makes it a mathematically stronger negative filter. I dropped news mentions in favor of paper_inequality_mentions_3_years (+), which provides a less noisy, more direct signal of academic momentum. Finally, I added asian (+) to account for intersectionality, assuming that researchers from minoritized backgrounds bring a heightened awareness to studying structural inequalities like gender.","social_science → (+) Domain Fit & Theoretical Scaffolding (mediator) → (+) paper discusses gender inequality

female_score → (+) Direct Lived Experience & Perspective (mediator) → (+) paper discusses gender inequality

natural_science → (+) Focus on Physical/Biological Systems (mediator) → (–) paper discusses gender inequality

asian → (+) Intersectional Awareness & Minority Perspective (mediator) → (+) paper discusses gender inequality

paper_inequality_mentions_3_years → (+) Academic Momentum & Citation Precedent (mediator) → (+) paper discusses gender inequality","I correctly guessed that social_science positively amplifies external momentum like news_mentions and paper_mentions. However, I was wrong about the female * social_science interaction, which the ML shows is negative (–). I missed the ""ceiling effect"": while female authorship is a massive predictor for gender research in STEM, the social sciences already have such a high baseline for studying inequality that the demographic signal loses its marginal predictive power there.","My updated theory treats the academic domain as a non-linear filter that amplifies trends but dampens demographics. First, social_science acts as a positive multiplier for both public discourse (news_inequality_mentions_3_years) and academic momentum (paper_inequality_mentions_3_years). When gender issues trend externally, social scientists are uniquely trained to formalize that interest (+). Second, the negative interaction between female authorship and social_science is a classic ceiling effect. In rigid STEM fields, female authorship is a strong, isolated signal for equity research. In the social sciences, however, studying structural disparity is already the baseline, making the specific gender breakdown of the author team marginally less critical for prediction (–).","To test this simply, I'd run a single logistic regression model that puts my old ideas and new ideas head-to-head. I would throw in the domain flags, the demographic features, and both momentum variables (news mentions versus paper mentions) to predict if a paper discusses gender inequality.

If my updated theory is right, the model's coefficients should tell a very clear story. First, the negative weight for natural_science should completely overpower engineering_and_technology, proving it's the absolute strongest filter against this topic. Next, we should see paper_inequality_mentions_3_years stay strong and positive, while news_inequality_mentions_3_years shrinks to zero, proving that actual academic citations matter much more than noisy public news trends.

Finally, the demographic drivers need to hold their ground. Both the female and asian author percentages should show strong, independent positive weights. This would empirically confirm that direct lived experience and intersectional minority perspectives are the actual catalysts driving this research forward.","To further validate my theory, I would add two new variables to our logistic regression model: author_past_gender_papers (the author's historical publication count on gender issues) and funding_source_social (a binary flag if the research grant explicitly targets social disparities).

If my theory is correct, author_past_gender_papers will show a massive positive coefficient, absorbing some of the variance from the female feature. This would prove that a specific, dedicated individual research track record is the true catalyst, rather than just demographic identity alone. Furthermore, a strong positive weight for funding_source_social would confirm that specific institutional and financial incentives drive this output far more than general academic momentum.",Theories proposed by GenAI models after reviewing (1) the machine-learning results and (2) the revised theories of human experts who have reviewed the machine-learning results,Theories proposed by GenAI models after reviewing (1) the machine-learning results and (2) the revised theories of human experts who have reviewed the machine-learning results,"Pure ML models find non-linear patterns but lack causal reasoning, while humans provide domain intuition but miss high-dimensional interactions. Feeding expert revisions back into GenAI bridges this gap, combining AI's data processing scale with human contextual judgment. I'd expect this collaborative setup to effectively filter out the spurious correlations you typically get with pure GenAI baselines.",23,Male,China,United States of America,15,2029,Electrical and Computer Engineering,,,5,Cornell University
0,Skyler Yumeng Chen,"social_science,natural_science,engineering_and_technology,authors_race_diversity_score,paper_inequality_mentions_3_years",3,1,2,,,,,,,5,,,4,+,-,-,,,,,,,+,,,+,"First, I believe that the features that are most important to be heavily driven by the field, so I consider field-related variables to be the most important features. This can be due to how research is often incentivized, and natural_science and engineering_and_technology field fields may reward research on racial inequality less, leading to less effort spent on these topics and thus less relevant work. Specifically, I assigned negative signs to natural_science and engineering_and_technology since these areas typically focus on technical or physical problems, making these papers less likely to discuss racial inequality. I expect natural_science to be a even stronger negative predictor becuase I personally think there will be a bit more academic research in the engineering_and_technology field, and so it wouldn't be as strong a negative predictor. In addition, the reason why I ranked social_science to be the third is that I think if the paper is in natural_science and engineering_and_technology, the probability of including racial inequality is almost zero, making them stronger predictors. However, there should be more variations in the social_science category, so it feels like a weaker predictor compared to the other two, and the sign is positive because there should be more work on racial inequality in social science.

As for paper_inequality_mentions_3_years, I think it is also an important factor because it serves as a signal about what the field/journal values, and thus future researchers may spend more effort on researching the related topic. Also, past research can also be salient and inspire new research on similar topics.

I also think authors_race_diversity_score could be an important factor, since a more diverse racial composition of teams may be more likely to engage in conversations related to racial inequality. They also have more diverse view on this topic, which could also spark future collaboration.","natural_science → (–) Research Incentives to Study Racial Inequality → (–) Probability Paper Discusses Racial Inequality

engineering_and_technology → (–) Research Incentives to Study Racial Inequality → (–) Probability Paper Discusses Racial Inequality

social_science → (+) Research Incentives to Study Racial Inequality → (+) Probability Paper Discusses Racial Inequality

paper_inequality_mentions_3_years → (+) Perceived Field Interest / Topic Salience → (+) Probability Paper Discusses Racial Inequality

authors_race_diversity_score → (+) Diversity of Perspectives / Research Interests → (+) Probability Paper Discusses Racial Inequality","social_science,paper_inequality_mentions_3_years","authors_race_diversity_score,news_inequality_mentions_3_years","social_science,female",+,+,+,"social_science, paper_inequality_mentions_3_years: I think that although the social science field already provides a home for studying racial inequality, a high volume of recent academic publications on the topic signals a hot research trend/topic. This can act as a multiplier, encouraging more authors to frame their work around this topic to meet current peer-review interests. And the interaction should thus be positive.

authors_race_diversity_score, news_inequality_mentions_3_years: A racially diverse team often brings a broader range of perspectives to a project. They are more likely to possess the experience and interest to study racial inequality. When there is more news coverage, the public interest serves as a catalyst, increasing the chance for them to publish on these topics.

social_science, female: Female authors may be more likely to engage in pro-social research or studies focusing on racial in general, and this effect may be more pronounced in social science because the field encourages pursuit of such topics.","social_science,natural_science,engineering_and_technology,female,news_inequality_mentions_3_years",3,1,2,,5,,,,,,,4,,+,-,-,,+,,,,,,,+,,"Generally, I believe that whether a paper discusses a certain topic is mainly shaped by research incentives across fields, so I consider field-related variables to be the most important predictors. Social science fields generally provide stronger incentives and norms for studying social issues, so it receives a positive sign. Natural_science and engineering_and_technology often reward more technical research, so I assigned negative signs to these two fators. 

I also assign a positive sign to the female variable because I assume female authors may on average pay more attention on prosocial concerns and gender-related issues. For news_inequality_mentions_3_years, I think a greater public attention to inequality can increase topic salience and influence what researchers choose to study. ","Social Science → (+) Incentives to Study Social Inequality → (+) Probability Paper Discusses Gender Inequality

Natural Science → (-) Incentives to Study Social Inequality → (-) Probability Paper Discusses Gender Inequality

Engineering and Technology → (-) Incentives to Study Social Inequality → (-) Probability Paper Discusses Gender Inequality

Female Author Share → (+) Prosocial Orientation / Attention to Inequality → (+) Probability Paper Discusses Gender Inequality

News Inequality Mentions (3 Years) → (+) Topic Salience and Idea Generation → (+) Probability Paper Discusses Gender Inequality","social_science,female","social_science,news_inequality_mentions_3_years","social_science,paper_inequality_mentions_3_years",+,+,+,"First, I think interactions including social_science should generally be more important in predicting whether gender inequality is discussed, since the field already values inequality-related research, and factors that either increase topic salience or incentives should generally be more important in increasing the likelihood that a paper discusses gender inequality.

Also, I expect these interactions to be positive because the effects of female author, news salience, and prior academic research on inequality should all be amplified within social science. ","The ML results are quite different from my expectations. I expected field-related variables to dominate more, while the model shows that author demographics and country diversity are stronger predictors than I expected. While social_science being important fits my theory, the strong role of female, Asian, and Black author shares suggests that who conducts the research may matter more than I originally assumed. This may reflect differences in research interests, networks, or specialization that I did not fully consider.","social_science remains the strongest positive predictor because social science provides stronger incentives and for studying social inequality.

female_score appears more important than I initially assumed. I interpret this as operating through greater prosocial orientation or attention to inequality-related issues, increasing the likelihood that research involving racial inequality.

country_race_diversity_score may influence outcomes through exposure to more diverse social contexts, which could shape researchers’ ideas and make inequality-related topics more salient.

asian and black may reflect differences in lived experience, research interests, or academic networks, increasing the likelihood that research involving racial inequality.","Social Science → (+) Research Incentives to Study Racial Inequality → (+) Probability Paper Discusses Racial Inequality

Female Author Share → (+) Prosocial Orientation / Attention to Inequality → (+) Probability Paper Discusses Racial Inequality

Country Race Diversity Score → (+) Exposure to Diverse Contexts → (+) Attention to Racial Inequality → (+) Probability Paper Discusses Racial Inequality

Asian Author Share → (+) Research Interests / Lived Experience → (+) Attention to Racial Inequality → (+) Probability Paper Discusses Racial Inequality

Black Author Share → (+) Research Interests / Lived Experience → (+) Attention to Racial Inequality → (+) Probability Paper Discusses Racial Inequality","I got the three predictors correct, although the sign of female * social_science is contradictory to my expectation, but I can also see why this direction makes sense. Once researchers are already in social science, having more female authors adds less extra predictive power. Female matters more to fields other than social sciences, making the interaction negative.","social_science, paper_inequality_mentions_3_years: I think that although the social science field already provides a home for studying racial inequality, a high volume of recent academic publications on the topic signals a hot research trend/topic. This can act as a multiplier, encouraging more authors to frame their work around this topic to meet current peer-review interests. And the interaction should thus be positive.

authors_race_diversity_score, news_inequality_mentions_3_years: A racially diverse team often brings a broader range of perspectives to a project. They are more likely to possess the experience and interest to study racial inequality. When there is more news coverage, the public interest serves as a catalyst, increasing the chance for them to publish on these topics.

social_science, female: Social science already encourages inequality-related research, so the additional effect of female authorship is smaller within this field. Female may matter more outside social science, making the interaction negative.","An empirical test would be a regression-based correlation analysis predicting whether a paper discusses racial inequality using the key features. I would estimate a model where the dependent variable is whether racial inequality is mentioned, and the key predictors are social_science, female author share, country_race_diversity_score, asian author share, and black author share, while controlling for disciplinary indicators, number of authors, paper_inequality_mentions_3_years, and year_of_publication fixed effects. Results supporting my theoretical explanation would be positive coefficients for social_science, female share, country race diversity, asian share, and black share, indicating that stronger research incentives, greater prosocial orientation, and more diverse social exposure increase the likelihood of discussing racial inequality.

As for the mechanism tests, with the available data, I don't think I can directly test my proposed mediators (research incentives, prosocial orientation, lived experience/attention etc), because the dataset does not include survey measures of these constructs.","I would probably distribute surveys and collect additional data to directly capture my proposed mediators: journal-level incentives (e.g., DEI scope or inequality-focused journals), survey or measures of prosocial orientation of the authors, exposure to diverse contexts of the authors, and lived experience or research networks of the authors. 

I would run mediation models with these mediators. Support for my theory would be these variables positively predicting racial-inequality mentions, and reducing the effects of social_science, female share, country diversity, asian share, and black share.","This is largely similar to what I predicted, although there are a few additional ones that I missed. I think asian and paper_inequality_mentions_3_years are predictors that also make sense, although these seem more imporatnt than I previously expected.","Generally, I believe that whether a paper discusses a certain topic is mainly shaped by research incentives across fields, so I consider field-related variables to be the most important predictors. Social science fields generally provide stronger incentives and norms for studying social issues, so it receives a positive sign. Natural_science often rewards more technical research, so I assigned negative signs to these two fators. 

I also assign a positive sign to the female variable because I assume Asian and female authors may on average pay more attention on prosocial concerns and gender-related issues. For paper_inequality_mentions_3_years, I think a greater academic attention to inequality can increase topic salience and influence what researchers choose to study. ","Social Science → (+) Incentives to Study Social Inequality → (+) Probability Paper Discusses Gender Inequality

Natural Science → (-) Incentives to Study Social Inequality → (-) Probability Paper Discusses Gender Inequality

Female Author Share → (+) Prosocial Orientation / Attention to Inequality → (+) Probability Paper Discusses Gender Inequality

Asian → (+) Prosocial Orientation / Attention to Inequality → (+) Probability Paper Discusses Gender Inequality

Paper Inequality Mentions in the Past Three Years → (+) Topic Salience and Idea Generation → (+) Probability Paper Discusses Gender Inequality",I think this is similar to the previous case? Where I got the factors correct but the specific sign of female * social_science is in the opposite direction I expected. But this direction makes more sense.,"First, I think interactions including social_science should generally be more important in predicting whether gender inequality is discussed, since the field already values inequality-related research, and factors that either increase topic salience or incentives should generally be more important in increasing the likelihood that a paper discusses gender inequality.

Also, I expect these interactions to be positive because the effects news salience and prior academic research on inequality should all be amplified within social science. 

As for the inteaction between social_science and female, the interaction should be negative since the female factor matters more in other fields that do not already value the topic.","I would test my revised theory using a regression predicting whether a paper discusses gender inequality from the key predictors (social_science, natural_science, female, diversity measures, and Asian), controlling for other potentail fixed effects. 

Supportive results would be significant effects in the predicted directions (e.g., stronger positive effects for social_science and female share). I would also test time-based effects by interacting key predictors with year_of_publication or a post-event indicator; stronger effects over time would support the idea that increasing societal salience of gender inequality amplifies these relationships. However, my other mediators cannot be tested in this data set (incentives, prosocial orientation etc.).","I would distribute surveys to measure incentives to pubilsh gender related topics, as well as prosocial orientations of reseachers in all areas. Similar to the question before, I would run mediational models to test my proposed theory.",Theories proposed by GenAI models after reviewing (1) the machine-learning results and (2) the revised theories of human experts who have reviewed the machine-learning results,Theories proposed by human experts after reviewing the machine-learning results,"I think this is an interesting project! But one concern I have is how the ""theory"" should be handled. I’m not yet sure what the paper’s central argument will be, but I think it would be important to clearly explain whether and why revising the theory after seeing the results is legitimate (since some readers may be skeptical), since it could be perceived as post-hoc theorizing.",25,Female,China,United States of America,21,2028,Consumer behavior,0,0,2,"Haas School of Business, University of California Berkeley"
0,Yuhan Liu,"social_science,authors_race_diversity_score,country_race_diversity_score,news_inequality_mentions_3_years,paper_inequality_mentions_3_years",5,,,,,,,,,4,3,2,1,+,,,,,,,,,+,+,+,+,"First, news and papers mentioned in the past three years are a strong indicator of the main question discussed in the paper. They show the ongoing research interest of the author, and a higher percentage of race inequality citations indicates a higher likelihood of this topic.

Second, country's race diversity and author's race diversity are also correlated with the topic. If authors come from diverse background, they are more likely to be aware of this subject. Country's race diversity is stronger correlated, as the growing-up background and original culture are a stronger connection with authors. 

Third, race inequality is a research topic in social science, which is strongly correlated. Most race inequality papers are associated with a tag of social science, even if it uses computational or mathematical methods. ","news/papers mentioned in the recent three years → (+) research interest / research experience → (+) race inequality discussion

social science area → (+) social related questions → (+) race inequality discussion (But this is mainly correlation instead of causation)

Country /author race diversity → (+) research interest → (+) race inequality discussion 
","social_science,country_race_diversity_score","engineering_and_technology,paper_inequality_mentions_3_years","hispanic_and_other,paper_inequality_mentions_3_years",+,-,+,"1. If it is a social science paper from author's country with diverse race, it is likely to discuss the race diversity and race inequality. 
2. If the paper is in engineering and technology, citing inequality papers. It is more likely that the paper is in technological inequality instead of race inequality.
3. If the authors come from racial background such as hispanic and they also refer to paper inequality, it is more likely they have research interest in this area. ","social_science,female,authors_race_diversity_score,news_inequality_mentions_3_years,paper_inequality_mentions_3_years",3,,,,5,,,,,4,,2,1,+,,,,+,,,,,+,,+,+,"Firstly, news and papers mentioned in the past three years are a strong indicator of the main question discussed in the paper. They show the ongoing research interest of the author, and a higher percentage of gender inequality citations indicates a higher likelihood of discussing this topic in the paper. 

Second, gender inequality is a research topic in social science, which is strongly correlated. Most gender inequality papers are associated with a tag of social science, even if it uses computational or mathematical methods. 

Third, authors' gender and their race diversity are also correlated with the topic. If authors come from diverse background, they are more likely to be aware of this subject. But this is a weaker correlation compared to previous indicators.","news/papers mentioned in the recent three years → (+) research interest / research experience → (+) gender inequality discussion

social science area → (+) social related questions → (+) gender inequality discussion (But this is mainly correlation instead of causation)

Female/author race diversity → (+) research interest → (+) gender inequality discussion 

","social_science,paper_inequality_mentions_3_years","authors_race_diversity_score,paper_inequality_mentions_3_years","engineering_and_technology,paper_inequality_mentions_3_years",+,+,+,"Apart from the three factors I assumed the most important in the previous stage, engineering and technology domains can also associtate with gender inequality topics, as long as it is interacted with existing gender inquality papers. So I add this pair into the choice. Some tech research focuses on how to use advanced technology to solve the problem in inequality.","Asian, black and female are more interested in the race inequality studies. In my reasoning, I identified cultural diversity, but not asian or black. Maybe because the participants are not expert in the race study area, so they do not know which group of people are doing this research. But more importantly, asian/black itself is not a causing factor. Perhaps there are more important omitting variables that are related to asian/black.","Not to update.

In my opinion, asian/black itself is not a causing factor. Perhaps there are more important omitting variables related to asian/black which need to be identified.",Not to update. , Female authors are generally more likely to study race inequality.,"1. Social science is the disciplinary home of race inequality research. Citing recent academic papers on inequality signals active engagement with that specific literature. Thus, when a social science paper actively engages with recent inequality scholarship, it is highly likely to be contributing directly to the race inequality discourse.

2. Social science studies social phenomena, including current events. Citing news on inequality indicates the paper is responding to real-world gender issues. Therefore, when a social science paper grounds itself in contemporary news about inequality, it is likely addressing race inequality as a live societal concern.

3. Female authors are generally more likely to study race inequality. Social science papers already have a high baseline probability of addressing gender topics. Therefore, the ""boost"" from female authorship matters less within social science because the field itself already settles papers toward the topic. In non-social science fields, female authorship is a more critical signal.",A regression-based correlation analysis is the most suitable.,"Omitted variables: availability of new datasets with racial categories; research interest of race in funding agencies; diversity in the editors' race in the published magazines, etc. 

I expect the R-square in regression will be highly increased after adding these variable, showing these as important signals of predicting race inequality.","Most expectations align, except for the indicator asian. I chose race diversity as a main indicator for discussing gender inequality, while the ML results show asian. It may be due to the gender inequality awareness is high in asian, but not in race diverse author backgrounds. ","I still choose to keep my indicators.

First, gender inequality is attracted more attention when tied to ongoing and current events. An author citing recent news shows they are responding to this topic and have real research interest. In my opinion, this is stronger than the ""Asian authorship"" indicator, which is static and geographically vague. Being Asian does not inherently predict a focus on gender issues. 

Second, scholars from diverse backgrounds may bring perspectives shaped by intersecting inequalities, making them more likely to study the gender inequality topic. While weaker than news, it is more persuasive than the ""Nature Science journal"" indicator. The Nature journal indicator is merely a negative filter, but racial diversity offers a more convincing rationale for the inequality study.","Not choose to update

news/papers mentioned in the recent three years → (+) research interest / research experience → (+) gender inequality discussion

social science area → (+) social related questions → (+) gender inequality discussion (But this is mainly correlation instead of causation)

Female/author race diversity → (+) research interest → (+) gender inequality discussion ","female * social_science
Perhaps, females are more likely to study inequality than males in different subject domains. ","First, social science is the disciplinary home of gender inequality research. Citing recent academic papers on inequality signals active engagement with that specific literature. Thus, when a social science paper actively engages with recent inequality scholarship, it is highly likely to be contributing directly to the gender inequality discussion.

Second, social science studies social phenomena, including current events. Citing news on inequality indicates the paper is responding to real-world gender issues. Thus, when a social science paper grounds itself in contemporary news about inequality, it is likely addressing gender inequality as a live societal concern.

Third, female authors are generally more likely to study gender inequality. Social science papers already have a high baseline probability of addressing gender topics. As a result, the ""boost"" from female authorship matters less within social science because the field itself already predisposes papers toward the topic. In non-social science fields, female authorship is a more critical signal.","A regression-based correlation analysis is the most propriate for this scenario.

Run a regression of ""gender inequality discussion"" (binary) on a series of potential variables. ","There may be omitted variables: funding agency's focus on gender (binary); presence of a gender studies specialist in the author team;  release of a new gender-inequality dataset.

Method: run another regression with existing variables and these omitted variables, and see the new correlation. The three variables above are both positively correlated with the study of gender inequality.

",Theories proposed by GenAI models after reviewing (1) the machine-learning results and (2) the revised theories of human experts who have reviewed the machine-learning results,Theories proposed by human experts after reviewing the machine-learning results,"It may be better to add a link to gender/race inequality database in the survey form, so human experts have a more informed background of the researchers dynamic in the gender study field.",26,Female,China,United Kingdom of Great Britain and Northern Ireland,20,2029,Engineering,,,2,University of Cambridge
0,Ecem Yucesoy,"social_science,natural_science,engineering_and_technology,news_inequality_mentions_3_years,paper_inequality_mentions_3_years",1,2,3,,,,,,,,,5,4,+,-,-,,,,,,,,,+,+,"The domain which the paper belongs to is the most important indicator, in my opinion. A social science paper is more likely to talk about racial inequality rather than natural science or engineering and technology papers. If academic papers mention inequality in the past 3 years, that could be an indicator that the topic is getting attention in academia. And inequality being mentioned in the news for the past 3 years is a less strong indicator that academics could be interested in conducting research in this topic.","Publishing  in social sciences papers -> Includes human behavior-related topics more than other fields (e.g., psychology) (+) -> More likely to have a paper published on racial inequalities (+)

Publishing engineering or Natural sciences papers -> papers are less relevant to racial inequality related topics (-) -> Less likely to have a paper published on racial inequalities (-)

Inequality mentioned in academic papers in the past 3 years -> Racial inequality is a rising topic in academia (+) -> More likely to have a paper published on racial inequalities (+)

Inequality mentioned in news in the past 3 years -> Racial inequality is a rising issue in life (+) -> More likely to have a paper published on racial inequalities (+)","social_science,paper_inequality_mentions_3_years","social_science,news_inequality_mentions_3_years","social_science,authors_race_diversity_score",+,+,+,"If the inequality related topics are published in the past 3 years, and the paper is a social_science paper, it would be a stronger indicator that the paper could be a racial inequality paper. Similar logic for the news inequality mentions. Finally, if the paper is a social science paper, and the authors are of different races, it would be more likely that the paper could be focusing on racial inequalities because the author team could be using their strenghten networks and experiences for the publication. ","social_science,natural_science,engineering_and_technology,female,paper_inequality_mentions_3_years",1,2,3,,5,,,,,,,,4,+,-,-,,+,,,,,,,,+,"A gender inequality-related paper is more likely to be published in a social science domain, rather than natural sciences or engineering and technology. Inequality being mentioned in the past 3 years would indicate a rising interest in the topic in academia. Finally, in my opinion female authors would be more inclined to publish gender inequality related papers.","Paper published in social sciences domain -> Social sciences papers are more likely to be about gender inequality (+) -> The paper is more likely to be about gender inequality (+)

Paper published in natural sciences domain -> Natural sciences papers are less likely to be about gender inequality (-) -> The paper is less likely to be about gender inequality (-)

Paper published in engineering and technology domain -> Engineering and technology papers are less likely to be about gender inequality (-) -> The paper is less likely to be about gender inequality (-)

Inequality related topics are mentioned in academic papers in the past 3 years -> Inequality related papers are of interest of academic readers lately (+) -> The paper is more likely to be about gender inequality (+)

A paper has a female author -> Paper can be inspired by personal observations or experiences of gender inequality (+) -> The paper is more likely to be about gender inequality (+)","social_science,paper_inequality_mentions_3_years","social_science,news_inequality_mentions_3_years","social_science,female",+,+,+,"If the paper is a social science paper, and the inequality related topics are mentioned in academia in the past 3 years, it is more likely for the paper to be a gender inequality related paper. This is mostly because the if the inequality related topics are mentioned in academia, for it to be a social science paper is highly likely. Similarly, if the paper is a social science paper, and the inequality related topics are mentioned in news in the past 3 years, it is more likely for the paper to be a gender inequality related paper. The third relation is not a very strong one, but the paper being in social sciences and having female authors would amplify the probability of it being a gender inequality paper. ","I am not surprised that social science domain is a strong indicator. I am however surprised that the demographics of the authors have any role at all in predicting if a paper is on racial inequality. Especially the Asian authors being an important factor has surprised me the most, as in each field there is a majority of Asian authors publishing papers.  ","The domain which the paper belongs to is the most important indicator, in my opinion. A social science paper is more likely to talk about racial inequality rather than natural science or engineering and technology papers. If there is a Black author of the paper, the paper is more likely to be on racial inequality. And inequality being mentioned in the news for the past 3 years is a less strong indicator that academics could be interested in conducting research in this topic.","Publishing  in social sciences papers -> Includes human behavior-related topics more than other fields (e.g., psychology) (+) -> More likely to have a paper published on racial inequalities (+)

Publishing engineering or Natural sciences papers -> papers are less relevant to racial inequality related topics (-) -> Less likely to have a paper published on racial inequalities (-)

Inequality mentioned in academic papers in the past 3 years -> Racial inequality is a rising topic in academia (+) -> More likely to have a paper published on racial inequalities (+)

Paper has a Black author -> The paper can be on personal observation/experience (+) -> More likely to have a paper published on racial inequalities (+)","The first two findings are in line with my inital thoughts. However, the female and social science result is shocking. ","If the inequality related topics are published in the past 3 years, and the paper is a social_science paper, it would be a stronger indicator that the paper could be a racial inequality paper. Similar logic for the news inequality mentions. Finally, if the paper is a social science paper, and the authors are of different races, it would be more likely that the paper could be focusing on racial inequalities because the author team could be using their strenghten networks and experiences for the publication.

I am not changing my theory because I do not have a good explanation for the female x social_sciences result.","To test my importance ranking, nested models can be run sequentially, e.g.:
Model 1) black x social science + natural science + engineering and technology
Model 2) Model 1 + paper inequality mentiones
Model 3) Model 2 + news inequality mentiones
Model 4) Model 3 + author number + female + author diversity score

The results would support my theory if the largest improvement is observed in model 1, then model 2, then model 3. This would show the importance ranking is indeed discipline > academic trends > news trends","If the racially identified authors are affiliated with institutions in their birth countries or elsewhere could be an important indicator. That could inform us on whether the interest in the topic is based on personal observations/experiences, as we would not expect them to experience racial difficulties in their birth countries most of the times. ","I am not surprised by the results, as they are in line with my initial thoughts. ","A gender inequality-related paper is more likely to be published in a social science domain, rather than natural sciences or engineering and technology. Inequality being mentioned in the past 3 years would indicate a rising interest in the topic in academia. Finally, in my opinion female authors would be more inclined to publish gender inequality related papers.

I am  not changing my theory as they are all supported by the ML results. I am not adding a theory on asian author's positive effect, as I am not sure if I have a logical explanation rather than the proportion of asian authors would be high in any case. ","Paper published in social sciences domain -> Social sciences papers are more likely to be about gender inequality (+) -> The paper is more likely to be about gender inequality (+)

Paper published in natural sciences domain -> Natural sciences papers are less likely to be about gender inequality (-) -> The paper is less likely to be about gender inequality (-)

Paper published in engineering and technology domain -> Engineering and technology papers are less likely to be about gender inequality (-) -> The paper is less likely to be about gender inequality (-)

Inequality related topics are mentioned in academic papers in the past 3 years -> Inequality related papers are of interest of academic readers lately (+) -> The paper is more likely to be about gender inequality (+)

A paper has a female author -> Paper can be inspired by personal observations or experiences of gender inequality (+) -> The paper is more likely to be about gender inequality (+)

I did not change my theory. ",The last effect is exactly the opposite of what i expected. It could be that being a social science paper is already a strong indicator and female authorship does not add much to the prediction power. But I already did not think it would be a very strong indicator.,"If the paper is a social science paper, and the inequality related topics are mentioned in academia in the past 3 years, it is more likely for the paper to be a gender inequality related paper. This is mostly because the if the inequality related topics are mentioned in academia, for it to be a social science paper is highly likely. Similarly, if the paper is a social science paper, and the inequality related topics are mentioned in news in the past 3 years, it is more likely for the paper to be a gender inequality related paper. A paper having female authors outside of social sciences domain would have an amplifying effect.","Using the #MeToo movement could be a natural experiment to see if this shock increased the gender inequality related publications in the discipline (social sciences), and if female authorship became less of a predicting factor after this.","One could look at the journal's history on publishing in gender inequality related topics, and if there is a shock that can be observable (e.g., #MeToo movement taking its place in the news)",Theories proposed by human experts after reviewing the machine-learning results,Theories proposed by human experts after reviewing the machine-learning results,"No further comments, thanks!",27,Female,Turkey,France,20,2028,Technology and Operations Management,0,0,0,INSEAD
0,Gregory Lanzalotto,"social_science,natural_science,authors_race_diversity_score,news_inequality_mentions_3_years,paper_inequality_mentions_3_years",3,4,,,,,,,,5,,1,2,+,-,,,,,,,,+,,+,+,"My theory is similar to my gender inequality theory. While racial inequality has been a massive societal issue for a long time, academics seem more likely to study it when it is an issue in the gender discourse. Then, academic papers are likely to cause more academic papers on the topic. 

I think the authors race is two sided. First, more diverse authors might be more interested in this topic due to their own experience with racial inequality. Secondly, author teams might be wanting to have more diverse author teams in order to signal that they are not part of the problem that their article is discussing. This makes the effect cyclic.

Lastly, I think social science papers are going to actually study this issue, while natural sciences (and again engineering to a lesser degree), do not focus on racial inequality directly.","news_inequality_mentions →+ paper_inequality_mentions →+ discuss_racial_inequality

news_inequality_mentions →+ discuss_racial_inequality

discuss_racial_inequality →+ paper_inequality_mentions 

discuss_racial_inequality →+ authors_race_diversity

authors_race_diversity →+ discuss_racial_inequality 

natural_science →- discuss_racial_inequality 

social science →+ discuss_racial_inequality 




","natural_science,authors_race_diversity_score","natural_science,news_inequality_mentions_3_years","natural_science,paper_inequality_mentions_3_years",+,+,+,"I think all of these are likely to have a positive relationship. My theory is that natural science papers rarely discuss racial inequality, but there may be some that do. These papers are likely during the periods where racial inequality is really popular in the public/academic discourse, and they will likely have more diverse author teams discussing their own experience with racial inequality in science.","social_science,natural_science,num_authors,news_inequality_mentions_3_years,paper_inequality_mentions_3_years",3,4,,5,,,,,,,,2,1,+,-,,+,,,,,,,,+,+,"The most important characteristics are the news and paper inequality measures. They capture what people are discussing most in both the academic and public discourse. It must be true that there are papers throughout the target timeframe that discuss inequality, but during the late 2010s gender inequality became a ""hot"" topic for both news and research, spurred by the ""me too"" movement. When this became popular in the discourse, academics, specifically in social science, started writing papers about the topic. These papers address large societal questions, so I think they are likely to have more authors. Lastly, I suspect that natural science papers (and engineering to a lesser degree) do not discuss gender inequality, as it is outside of their domain of study.","paper_inequality_mentions_3_years →+ social_science →+ num_authors  →+ discuss_gender_inequality

news_inequality_mentions_3_years →+ social_science →+ num_authors→+ discuss_gender_inequality

natural_science →- discuss_gender_inequality
","natural_science,news_inequality_mentions_3_years","natural_science,paper_inequality_mentions_3_years","social_science,news_inequality_mentions_3_years",+,+,+,"The natural science papers probably never discuss gender inequality during the times when the news/academic papers are not discussing gender inequality. When gender inequality is more popular in the discourse, there's probably a few papers that discuss gender inequality in natural science itself, leading to the positive relationship. 

There's likely a similar effect in social science, but the effect is not as strong, due to the social science baseline being larger.","I'm not surprised that all of these features would have positive effects, especially after seeing the gender inequality results. However, I am surprised that the ""discourse"" variables did not have larger positive effects. ","While racial inequality has been a massive societal issue for a long time, academics seem more likely to study it when it is an issue in the gender discourse. Then, academic papers are likely to cause more academic papers on the topic. 

I think the authors' race is two sided. First, more diverse authors might be more interested in this topic due to their own experience with racial inequality. Secondly, author teams might be wanting to have more diverse author teams in order to signal that they are not part of the problem that their article is discussing. This makes the effect cyclic. Black, Asian, and Hispanic features are likely to have large positive effects for the same reason.

Lastly, I think social science papers are going to actually study this issue, while natural sciences (and again engineering to a lesser degree), do not focus on racial inequality directly.","news_inequality_mentions →+ paper_inequality_mentions →+ discuss_racial_inequality

news_inequality_mentions →+ discuss_racial_inequality

discuss_racial_inequality →+ paper_inequality_mentions 

discuss_racial_inequality →+ authors_race_diversity

black, hispanic, asian →+ authors_race_diversity →+ discuss_racial_inequality 

natural_science →- discuss_racial_inequality 

social science →+ discuss_racial_inequality 
","This is where the effects of the ""discourse"" variables comes in. Of course, they are likely to only have large effects for social science papers, as social science is the only paper that would publish on this topic in the first place. This is what I expected, although I wasn't thinking clearly about the base rate issue in interactions that don't include 'social_science'.","Interactions with the social science variable are going to have the largest effect on predicting whether a paper discusses racial inequality, due to the base rate being so much larger than the other fields. For the specific variables, the discourse variables (paper/news mentions) are likely to have large positive interactions, as they will increase the likelihood that social science papers discuss racial inequality but probably have no effect on whether papers in other fields discuss racial inequality. 

Similar to the gender inequality, the signal of female authors is much less than in the other fields - authors don't necessarily need diverse author teams to discuss inequality because they study this topic already (and it's not a special article or something). ","I'm going to use a similar test a the gender one, using a natural discontinuity. The murder of Trayvon Martin in 2012 provides, to my understanding, the best measure of when racial inequality entered the public discourse, so we can use the year variable to create a difference-in-difference approach. 

This lets us get past the discourse proxy variables and actually understand the effects of the concepts we're looking at. I'll focus only on social science papers as my unit of analysis, it seems unnecessary to include the rest of the fields when the base rates are so low. We can check if author teams makeup matters more/less over time (my theory would say it doesn't change), and check if the likelihood of a paper discussing inequality increases past the discontinuity (my theory says it would).  
","I'd think it'd be useful to know the subfield of each paper beyond social science. I'd want to hold field fixed here, it might be that the mixture of papers across the social science fields changes during the discontinuity in a way that causes confounding. For example, if a field that naturally discuss racial inequality gets more funding after the discontinuity, they might publish more papers, making it look like social science is discussing it more, but in fact, each field has the same base rate. This would be a control in the regression model, and it would support my theory if the results don't change due to adding it. ","I'm not that surprised by the results, I had three of the five correct (social_science +, natural_science -, paper_inequality_mentions_3_years +). 

The two I missed: (asian +, and female_score +). I had suspected there was a positive relationship between female authors and discussing gender inequality, but I didn't think it would be in the top 5. I'm very surprised by the Asian feature being so important, I had not even thought about that. I wonder if a larger proportion of female academics are Asian than the proportion of male academics that are Asian (leading to correlation but not causation). 

I'm most surprised that the news_equality_mentions feature wasn't in the top 5, but I'd suspect that's an artifact of the slow social science publishing timelines. There's a lag built in due to that. ","The most important characteristics are the news and paper inequality measures. They capture what people are discussing most in both the academic and public discourse. It must be true that there are papers throughout the target timeframe that discuss inequality, but during the late 2010s gender inequality became a ""hot"" topic for both news and research, spurred by the ""me too"" movement. The news inequality metric might be a bit noisy because the academic publishing timeline is so long. 

When this became popular in the discourse, academics, specifically in social science, started writing papers about the topic. These papers are likely to have more female authors, because they are directly impacted by this issue and might be more interested in the topic. 

Lastly, I suspect that natural science papers (and engineering to a lesser degree) do not discuss gender inequality, as it is outside of their domain of study.","paper_inequality_mentions_3_years →+ female_score →+ discuss_gender_inequality

news_inequality_mentions_3_years →+ female_score →+ discuss_gender_inequality

paper_inequality_mentions_3_years →+ social_science →+ discuss_gender_inequality

natural_science →- discuss_gender_inequality
","These results make perfect sense to me, although I missed them in this interaction part of the question. I was suspecting that the news/paper inequality mentions would cause a large increase in the topic, and of course that would be centered in social science because they are the fields that study this. It's interesting that female x social_science is negative, though both are large effects on their own, so it's just smaller marginals but still positive overall.

I missed the mark on including the natural science interactions, this is probably because the base rate is so low that interactions can't meaningfully compete with social_science interactions.","The vast majority of papers that discuss gender inequality are in social science, so the largest interactions will be with that feature. The two most meaningful interactions are going to be the discourse ones, paper_inequality_mentions, and news_inequality_mentions, as they will increase the odds even past the large baseline, as the increases during periods of more discourse are likely to be centered in the social science papers. Additionally, the marginal increase of female authors is likely to be less in social science (they study this anyway, don't need to signal like in the other fields), thus I'd anticipate female x social_science to be negative.
","I'd test the effect of the 'me too' movement in 2017 as a difference-in-difference model on the effect of papers focused on gender inequality. 

The main part of the my theory is that the news_inequality_mentions_3_years / paper_inequality_mentions_3_years variables are both really proxies for the ""public discourse"". This event study isolates when that takes place, using a natural discontinuity. 

To test my theory about female authors, I'd include that as a control for my study in one model, and then as an interaction with the treatment variable in another. This will help us distinguish if female authors are more likely to talk about this due to the public discourse, or if female authors are more likely to talk about the topic in baseline, and the topic just got more popular after 2017. ","I like the idea of including a ""Me too"" indicator (whether a paper specifically mentions ""Me too""), as this might be a better proxy for the ""discourse"" indicator. I'd be a bit concerned about the DiD specification due to academic publishing being so slow. ",Theories proposed by GenAI models after reviewing the machine-learning results,Theories proposed by GenAI models after reviewing (1) the machine-learning results and (2) the revised theories of human experts who have reviewed the machine-learning results,I'd suspect the GenAI models are going to be better at presenting their theories and making them sound better. But I'm not sure if they will be more accurate. They're very good at making themselves sound like they are smart.,26,Male,United States of America,United States of America,26,2028,"Operations, Information, and Decisions",1,1,,"Operations, Information and Decisions Department, University of Pennsylvania"
0,Zhanhao Zhang,"social_science,engineering_and_technology,black,news_inequality_mentions_3_years,paper_inequality_mentions_3_years",1,,2,,,,3,,,,,4,5,+,,-,,,,+,,,,,+,+,"My explanation will be very similar to the one for the gender version. Based on my limited personal experience (and most likely not representative), a large number of researchers who work on equity-related issues will touch on both gender inequality and racial inequality in their research works, though these two topics might be studies in their separate papers.","social_science --> (+) domain relevance --> (+) racial inequality mentions
engineering_and_technology --> (-) domain relevance --> (-) racial inequality mentions
news_inequality_mentions_3_years --> (+) topic popularity --> (+) racial inequality mentions
paper_inequality_mentions_3_years --> (+) topic popularity --> (+) racial inequality mentions","social_science,news_inequality_mentions_3_years","news_inequality_mentions_3_years,paper_inequality_mentions_3_years","social_science,black",+,+,+,"The first two categories are the same as for the gender version, as (social science, news mentions) determines the popularity and how timely the research is within the research community; and (news mentions, paper mentions), though a bit repetitive with the first one but I still believe will be picked up by the ML model, jointly determines the popularity of the racial-equity research within the society. Finally, (social science, black) jointly determines the relevance of the research for the scholar themselves, where the relevance is in terms of both relevance to the field and the relevance to their own social groups.","social_science,engineering_and_technology,black,news_inequality_mentions_3_years,paper_inequality_mentions_3_years",1,,2,,,,3,,,,,5,4,+,,-,,,,+,,,,,+,+,"Equity-related issues are mostly emphasized by social science domains, while much less relevant for engineering and technology related domains. Furthermore, based on personal experience when looking at research profiles across scholars around me, equity-related research works are more often conducted by scholar from a particular racial group, though its converse is generally not true, so I won't treat it as a causal feature even though I believe it will pop up as a strong ML feature. However, I believe features like male/female will likely not show up as a strong ML feature, as there have been a very large fraction of female scholars whose has never done research in equity-related research. Lastly, I believe both news_inequality_mentions_3_years and paper_inequality_mentions_3_years can be strong features, as researchers across all domains (not necessarily equity-related) tend to ""follow the trend"". Paper mentions might have a slightly longer time-lagged effect than news mentions as the peer-review cycle of academic papers is generally much longer than news articles. However, given that the gender inequality issue has been present for long enough, I would still put paper mentions as one of the strong features.","social_science --> (+) domain relevance (mediator) --> (+) gender inequality mentions
engineering_and_technology --> (-) domain relevance (mediator) --> (-) gender inequality mentions
news_inequality_mentions_3_years --> (+) topic popularity --> (+) gender inequality mentions
paper_inequality_mentions_3_years --> (+) topic popularity --> (+) gender inequality mentions","social_science,news_inequality_mentions_3_years","news_inequality_mentions_3_years,paper_inequality_mentions_3_years","social_science,female",+,+,+,"Social science domain and news inequality mentions together determine how much the research community will be interested in gender-related topics. News inequality mentions and paper inequality mentions will boost either other, they together will boost up the popularity of the research topic. Finally, this is perhaps the weakest interaction as there have been a large volume of research produced by (social science, female) that are not related to gender-equality issues. However, social science and female together determines the relevance of the research to the field and to authors' own community.","Country_race_diversity_score was a feature that I previously ignored, but I could believe that it is one of the important features, because people born in a more racially diverse country may be more sensitive to racial inequality issues and thus are more motivated to study them. However, I am surprised to find female_score and asian pop up. Again, as the reason I discussed for the gender version, I suspect these two features will disappear (and possibly be replaced by others) as you tune the hyperparameters of the random forest.","Social science is the most relevant domain for racial-equity issues so it will be a strong feature with positive correlations. Furthermore, black and country_race_diversity_score are important because racial inequality issues might be more prevalent for authors belong to black and authors whose country has a higher diversity of race.","social_science --> (+) domain relevance --> (+) racial inequality mentions
news_inequality_mentions_3_years --> (+) topic popularity --> (+) racial inequality mentions
paper_inequality_mentions_3_years --> (+) topic popularity --> (+) racial inequality mentions
black --> (+) personal relevance --> (+) racial inequality mentions
country_race_diversity_score --> (+) personal relevance --> (+) racial inequality mentions","These second-order interaction features show up exactly due to the same reasons as in the gender version. Again, I am surprised and skeptical about (female, social_science) being a feature with negative impact. I believe there might be ML overfits.","Social science, news mentions, and paper mentions jointly determine the popularity and how timely the research is within the research community. (news mentions, paper mentions) boost each other in terms of the popularity of the topic, but all are provided by the condition that the paper will be submitted to the social science domain, which is most relevant for racial-equality typed research.","I propose adding the feature year_of_publication into the ML model and bin it to 4-year levels, i.e., 2000-2003, 2004-2007, ..., 2017-2020. This will reflect whether the current administration in the US will influence the research in racial equity in the US, which will then affect researchers worldwide.","Add flags for the affiliation of the authors about whether this is left-leaned or right-leaned: university_is_left_leaned, country_is_left_leaned. Also, add the department affiliation of the authors. I believe sociology and psychology department in left-leaned universities/states/countries will produce more racial-equity based research.","Regarding natural_science, I believe it is perhaps even less relevant to gender based issues than engineering_and_technology, and I didn't know which of these two domain is less relevant to gender issues before. However, I am very surprised to see female_score and asian pop up, especially for papers with a high share of asian authors, most of which I personally came across are pure ML papers. While it might be due to my biased and limited personal experience, I also question the validity of the ML model output, as the feature importance can be heavily impacted by the goodness-of-fit. Have you tried using other metrics (e.g. shapley value instead of gini index)? Also, will you get a very different set of features after changing the hyperparameters of the random forest? Based on my personal experience with ML, gender inequality flag is a highly imbalanced data across all research papers, while most of the features are very high-level. While I believe the resulting random forest model may have a high lift score, it may not be very impressive in terms of precisions/recalls, which can then affect the interpretability of the results.","Equity-related issues are mostly emphasized by social science domains, while much less relevant for engineering and technology related domains. Furthermore, I believe paper_inequality_mentions_3_years can be a strong features, as researchers across all domains (not necessarily equity-related) tend to ""follow the trend"" in their research communities.","social_science --> (+) domain relevance (mediator) --> (+) gender inequality mentions
natural_science --> (-) domain relevance (mediator) --> (-) gender inequality mentions
news_inequality_mentions_3_years --> (+) topic popularity --> (+) gender inequality mentions
paper_inequality_mentions_3_years --> (+) topic popularity --> (+) gender inequality mentions","The first two are almost identical as the ones I predicted. However, I am surprised to see (female, social_science) having negative impact, which I suspect is due to some ML overfits.","Social science domain, news inequality mentions, and paper inequality mentions together determine how much the research community will be interested in gender-related topics. News inequality mentions and paper inequality mentions will boost either other, they together will boost up the popularity of the research topic. However, all are conditioned on the fact that the paper will be submitted to the social science domain, which is most relevant for equity-related issues.","I propose to retrain the model by taking the year_of_publication as an additional feature, binned for every 4 years (i.e. 2000-2003, 2004-2007, ..., 2017-2020), and retrain the ML model, and see how much the model will improve. This will show whether the current administrations in the US will affect the popularity of gender-equity research in the US and then worldwide.","Department affiliations of the authors: For example, I expect scholars from sociology and psychology will more likely to have gender-inequality mentions than other departments.

For US papers only, whether the authors are affiliated with public/private universities, and the state of their universities can also affect the motivations for researchers to conduct gender-based researches.",Theories proposed by GenAI models after reviewing (1) the machine-learning results and (2) the revised theories of human experts who have reviewed the machine-learning results,Theories proposed by GenAI models after reviewing the machine-learning results,"I believe the GenAI response after viewing both ML results and revised results from ""human experts"" will be most ""persuasive"" because it accounts for both the narratives of ML and humans. However, I remain skeptical about the validity of theories proposed by GenAI after viewing ML results or human responses, because GenAI can be very easily misled especially by humans. As I have been working through these survey questions, I realize how much I was previously unfamiliar with the gender/racial-based research and their popularity across research domains/demographics. It's likely that other human respondents are not reliable in predicting gender/racial mentions in papers either, and thus human's response may mislead GenAI. However, since GenAI was trained on a vast number of text articles (which might have included most of the research papers related to gender/race), it has a high potent to make accurate predictions to begin with.",28,Male,China,United States of America,20,2027,Operations Research,,,8,Cornell University
0,Jiuyao Lu,"natural_science,engineering_and_technology,country_race_diversity_score,news_inequality_mentions_3_years,paper_inequality_mentions_3_years",,1,2,,,,,,,,3,5,4,,-,-,,,,,,,,+,+,+,"I think natural_science and engineering_and_technology papers are very unlikely to study racial inequality, so they are ranked highest. Authors from countries with diverse races are more likely to study racial inequality, so country_race_diversity_score is ranked third. Paper_inequality_mentions_3_years and news_inequality_mentions_3_years signal the popularity of the topic, and can be associated with social compaigns related with racial inequality, so they are ranked fourth and fifth. Paper_inequality_mentions_3_years is a more direct signal about the trend in academia than news_inequality_mentions_3_years.","study fields like physics and chemistry → (-) discuss racial inequality
study fields like physics and chemistry → (+) natural_science
study fields like computer science and electrical engineering → (-) discuss racial inequality
study fields like computer science and electrical engineering → (+) engineering_and_technology
authors from countries with diverse races → (+) discuss racial inequality
authors from countries with diverse races → (+) country_race_diversity_score
popularity of the topic of racial inequality in academia → (+) discuss racial inequality
popularity of the topic of racial inequality in academia → (+) paper_inequality_mentions_3_years
social campaigns and events related to racial inequality → (+) discuss racial inequality
social campaigns and events related to racial inequality → (+) news_inequality_mentions_3_years","social_science,country_race_diversity_score","social_science,paper_inequality_mentions_3_years","social_science,news_inequality_mentions_3_years",+,+,+,"country_race_diversity_score, paper_inequality_mentions_3_years, and news_inequality_mentions_3_years all indicate that the paper is more likely to discuss racial inequality, but only if the paper studys social science. Therefore, social_science reinforces their effects.","social_science,natural_science,engineering_and_technology,news_inequality_mentions_3_years,paper_inequality_mentions_3_years",3,1,2,,,,,,,,,5,4,+,-,-,,,,,,,,,+,+,"I think natural_science and engineering_and_technology papers are very unlikely to discuss gender inequality, so they are ranked highest. Gender inequality is an important topic in social_science, so this is ranked third. Popularity of the research topic in recent years have a significant impact on scholars' decisions on whether to work on the topic or not. In addition, social compaigns relevant with gender inequality have a significant impact on such decisions. So paper_inequality_mention_3_years and news_inequality_mentions_3_years are ranked fourth and fifth. paper_inequality_mention_3_years is a more direct signal about the trend in academia compared to news_inequality_mentions_3_years.","study fields like physics and chemistry → (-) discuss gender inequality
study fields like physics and chemistry → (+) natural_science
study fields like computer science and electrical engineering → (-) discuss gender inequality
study fields like computer science and electrical → (+) engineering_and_technology
study human society and behavior → (+) discuss gender inequality
study human society and behavior → (+) social_science
popularity of the topic of gender inequality in academia → (+) discuss gender inequality
popularity of the topic of gender inequality in academia → (+) paper_inequality_mention_3_years
social compaigns relevant with gender inequality → (+) discuss gender inequality
social compaigns relevant with gender inequality → (+) paper_inequality_mention_3_years
social compaigns relevant with gender inequality → (+) news_inequality_mentions_3_years","social_science,female","social_science,country_race_diversity_score","social_science,paper_inequality_mentions_3_years",+,-,+,"Female authors are more likely to study gender inequality. Such effects are very low in natural science, engineering, and technology papers, and are high in social science papers. Therefore, the interaction between female and social_science is important.
In countries where races are diverse, authors focus more on race-related topics, and hence focus less on gender-related topics, especially (if not only) in social science studies. Therefore, the interaction between country_race_diversity_score and social_science is important.
If there are more papers mentioning gender inequality in recent years, that indicate the popularity of the topic, especially (if not only) in social science studies. Therefore, the interaction between paper_inequality_mentions_3_years and social_science is important.","I didn't expect that female_score, asian, and black are very important.","I think natural_science and engineering_and_technology papers are very unlikely to study racial inequality, so they are ranked highest. Authors from countries with diverse races are more likely to study racial inequality, so country_race_diversity_score is ranked third. Black authors are more likely to discuss racial inequality, so it is mentioned fourth. Paper_inequality_mentions_3_years signals the popularity of the topic, and can be associated with social compaigns related with racial inequality, so it are ranked fifth.","study fields like physics and chemistry → (-) discuss racial inequality
study fields like physics and chemistry → (+) natural_science
study fields like computer science and electrical engineering → (-) discuss racial inequality
study fields like computer science and electrical engineering → (+) engineering_and_technology
authors from countries with diverse races → (+) discuss racial inequality
authors from countries with diverse races → (+) country_race_diversity_score
popularity of the topic of racial inequality in academia → (+) discuss racial inequality
popularity of the topic of racial inequality in academia → (+) paper_inequality_mentions_3_years
social campaigns and events related to racial inequality → (+) discuss racial inequality
black authors → (+) discuss racial inequality",I didn't expect that female * social_science is important.,"country_race_diversity_score, paper_inequality_mentions_3_years, and news_inequality_mentions_3_years all indicate that the paper is more likely to discuss racial inequality, but only if the paper studys social science. Therefore, social_science reinforces their effects.","My proposal: Run different regression models, such as lasso, forward selection regression, backwrd selection regression. Then compare the selected variables and the coefficients of different variables. Also run single-variable regression models and examine the coefficients. Some variables are highly correlated and multicollinearity has to be considered. For instance, natural_science, engineering_and_technology, and social_science are multicollinear.",Individual news_inequality_mentions_3_years values from different countries can provide more information about the societal trends in the countries where the authors are from.,"I grow up in an Asian country and is not as familiar with other countries. So, it is unclear to me whether Asian authors are more likely to discuss gender inequality.
I may have underestimated the association between female and the likelihood of discussing gender inequality.","I think natural_science and engineering_and_technology papers are very unlikely to discuss gender inequality, so they are ranked highest. Gender inequality is an important topic in social_science, so this is ranked third. Female authors are more likely to discuss gender inequality, so it is ranked fourth. Popularity of the research topic in recent years have a significant impact on scholars' decisions on whether to work on the topic or not. In addition, social compaigns relevant with gender inequality have a significant impact on such decisions. So paper_inequality_mention_3_years is ranked fifth.","study fields like physics and chemistry → (-) discuss gender inequality
study fields like physics and chemistry → (+) natural_science
study fields like computer science and electrical engineering → (-) discuss gender inequality
study fields like computer science and electrical → (+) engineering_and_technology
study human society and behavior → (+) discuss gender inequality
study human society and behavior → (+) social_science
popularity of the topic of gender inequality in academia → (+) discuss gender inequality
popularity of the topic of gender inequality in academia → (+) paper_inequality_mention_3_years
social compaigns relevant with gender inequality → (+) discuss gender inequality
social compaigns relevant with gender inequality → (+) paper_inequality_mention_3_years
female authors → (+) discuss gender inequality","I expected that the interaction between female and social_science has a negative sign.
I may have overestimated the effect of the phenomena that authors from countries with diverse races focus more racial inequality and less on gender inequality.","Female authors are more likely to study gender inequality. Such effects are very low in natural science, engineering, and technology papers, and are high in social science papers. Therefore, the interaction between female and social_science is important.
If there are more papers and news mentioning gender inequality in recent years, that indicate the popularity of the topic, especially (if not only) in social science studies. Therefore, the interaction between paper_inequality_mentions_3_years / news_inequality_mentions_3_years and social_science is important.","My proposal: Run different regression-based models, such as lasso, forward selection regression, backward selection regression. Then compare the variables selected by different models and the coefficients of different variables. If different models yield different results, apply techniques like cross validation, AIC criteria, BIC criteria to select models.",Individual news_inequality_mentions_3_years values for different countries can be helpful. It can reflect the societal attention on inequality in the countries where the authors are from.,Theories proposed by GenAI models after reviewing (1) the machine-learning results and (2) the revised theories of human experts who have reviewed the machine-learning results,Theories proposed by GenAI models after reviewing (1) the machine-learning results and (2) the revised theories of human experts who have reviewed the machine-learning results,"Multicollinearity can be a real issue in the statistical analysis. For instance, the types of the papers (social science v.s. natural science v.s. engineering and technology) are highly correlated. Such property of the data can lead to unidentifiability of certain variables' effects. Without full statistical rigor, it is a bit unclear what 'important' means in the questions. For instance, it might mean the magnitude of the coefficients (assuming variables are appropriately normalized) in a model with all the variables, it might also mean the prediction power of the variable in a single-variable model.",26,Male,China,United States of America,20,2029,statistics,0,0,4,University of Pennsylvania
0,Zeyuan Li,"social_science,natural_science,female,asian,black",5,4,,,1,3,2,,,,,,,+,-,,,+,-,+,,,,,,,"Regarding the negative effects ones: I believe racial inequality is a human issue rather than a physical one, so it does not relate closely to natural science. Also, from my limited observations, Asian scientists seem to publish fewer papers on racial inequality.

Regarding the positive effects ones: As I explained earlier, social inequality stems from human interaction, which ties it directly to social science. Also, female and Black are based  on my own limited observations.",I don't see much casual relationships between the factors I chose and the presence of  racial inequality in papers. I believe they are more observational. One simple casual relationship I can think of is Social Science→(+)academic training in social science→(+)exposure of social inequality academic discussions→(+)higher awareness of social inequality problems→(+)write more papers about racial inequality; Same but opposite sign causal  chain for natural science. ,"natural_science,asian","social_science,female","social_science,black",-,+,+,"My reasoning for choosing these interactions and their signs is based on my own limited observations. While I do not have a formal theoretical explanation, I have noticed that these factors appear together very frequently.","social_science,natural_science,female,white,news_inequality_mentions_3_years",4,2,,,1,,,,3,,,5,,+,-,,,+,,,,+,,,+,,"Regarding the negative effects: I believe gender inequality is a human issue rather than a physical one, so it does not relate closely to natural science. 

Regarding the positive effects: As I explained earlier, social inequality stems from human interaction, which ties it directly to social science. My comments regarding female, white and news are mostly observational.","Similar to racial inequality case, I don't see much casual relationships between the factors I chose and the presence of gender inequality in papers. I believe they are more observational. One simple casual relationship could be Social Science→(+)academic training in social science→(+)exposure of gender inequality academic discussions→(+)higher awareness of social gender problems→(+)write more papers about gender inequality; Same but opposite sign causal  chain for natural science. ","female,white","social_science,female","social_science,white",+,+,+,"My reasoning for choosing this specific interaction and its sign is based on my own limited observations. While I do not have a formal theoretical explanation, I have noticed that these factors appear together more frequently.","I think that can be reasonable since my knowledge of racial inequality research is very limited. However, I also think some of the measures could be questionable: For example, using last names to predict someone's country can be misleading, also people can change their nationality over time. ","I think my reasoning for social science and natural science still applies. As for my other observations, since the ML evidence is also purely observational, I am willing to adjust my directions based on this new empirical evidence. However, I am not sure how to construct causal relationships or theories from it.","I still think my casual graphs for social science and natural science make sense here. Also as stated above, since the ML evidence is also purely observational, I am not sure how to construct causal relationships or theories from it.","The difference between the results and my expectations is likely due to my limited background in this area. To guess the mechanism behind ML results, it might be that social scientists are more aware of news and are more motivated by other literatures. ","Social scientists are more aware of news and are more motivated by other literatures, thus create these two positive second order interactions. ","To test my idea that social scientists are more motivated by news and literature, I would compare social science papers on racial inequality with other papers (controlling for other features). I would look at how differently they cite news and past literature, for example, by checking citation frequency and whether these sources are only mentioned in the literature review or actually embedded in the model and experiment design.","Citation frequency and whether these sources are only mentioned in the literature review or actually embedded in the model and experiment design. ""A significant difference in these two variables would support my reasoning that social scientists are more motivated by news and literature.",It can be reasonable since my knowledge of the field is very limited. Maybe scientists in this field are more motivated by related literature and asians care more about this topic than i thought. ,My reasoning for social science and natural science is consistent with the ML results. ,My reasoning for social science and natural science is consistent with the ML results. ,"Similar to the racial inequality case, maybe social scientists are also more motivated by literatures and news on gender inequality topics.",Social scientists are more motivated by literatures and news on gender inequality topics.,I would propose applying the same test used for the racial inequality section to gender inequality papers.,Same as the racial inequality part,Theories proposed by GenAI models after reviewing the machine-learning results,Theories proposed by GenAI models after reviewing (1) the machine-learning results and (2) the revised theories of human experts who have reviewed the machine-learning results,"Very interesting project! Thank you all for giving me the opportunity to be involved. I wanted to share a few quick thoughts and feedback on the study design from my perspective as a participant. These might be due to my misinterpretations of the questions or my limited knowledge of gender and racial inequalities, but I hope my response can be helpful for your analysis!

Topic sensitivity: I found the questions regarding race and gender to be quite sensitive. I worry that if participants think their identities might be known later, they could feel stressed or pressured. As a result, they might hesitate to share theories out of fear of sounding judgmental or offensive.

Answering context: Because these topics are sensitive and I lack prior knowledge in this domain, I personally struggled to provide strong theoretical explanations and relied mostly on my own observations. Additionally, I felt the information provided in the machine learning section was somewhat limited. Since it was hard to tell if the ML results were causal or purely observational, it was challenging for me to confidently build theories around them.

Question wording: Just a minor detail: I found the prompt, 'If the results diverge from your expectations...' to be slightly open to interpretation. I wasn't entirely sure if it was asking why my initial expectations were wrong, or why the actual results turned out the way they did.

Thanks again, and I wish everything goes well!",25,Male,China,United States of America,10,2031,Information Technology,,,5,MIT
0,Christina A. Nguyen,"social_science,white,authors_race_diversity_score,country_race_diversity_score,news_inequality_mentions_3_years",1,,,,,,,,2,3,4,5,,+,,,,,,,,-,+,+,+,,"Social science is more likely to do research on racial inequality (as opposed to STEM or medicine, where gender is a basic characteristic used in analysis). White might be less likely because they are less affected by racial inequality and while they recognize it might not pursue it as a research topic. The diversity of the author group and country racial composition could similarly encourage research in racial inequality. Racial inequality is more politically charged, so news inequality mentions in the last 3 years could be predictive. ","White (X1) > (-) Country_race_diversity_score (X2) > (-) Issue interest > (-) Racial inequality research (Y)
White (X1) > (-) Authors_race_diversity_score (X3) > (-) Issue interest > (-) Racial inequality research
Social science (X4) > (+) Issue awareness > (+) News_inequality_mentions_3_years (X5) > (+) Racial inequality research","social_science,news_inequality_mentions_3_years","authors_race_diversity_score,news_inequality_mentions_3_years","country_race_diversity_score,news_inequality_mentions_3_years",+,+,+,"Because race is a politically charged topic, news inequality mentions in the last 3 years may be predictive. Social science aligns with these issues and would move hand-in-hand with news inequality mentions. A more diverse author group could also be more likely to do research in this area as the news talks about it more. Similarly, a country that is overall more diverse could also play a role in having a positive interaction effect.","engineering_and_technology,female,asian,authors_race_diversity_score,paper_inequality_mentions_3_years",,,4,,1,3,,,,2,,,5,,,-,,+,+,,,,+,,,+,"Engineering and technology is a male-dominated field and would also likely be (negatively) correlated with research on gender inequality. The social sciences are composed of a high percentage of females, who may face issues in gender inequality themselves. Asians are well-represented in research jobs and particularly STEM, but face gender inequalities culturally. Papers tend to draw on current topics, so inequality mentions in the past 3 years could be predictive. A group of coauthors with high racial diversity would be exposed to more of those types of issues, which could be correlated with gender issues and thus gender inequality research.","Female (X1) > (-) engineering_and_technology (X2) > (-) Issue interest (mediator) > (-) Gender inequity research (Y)
Female (X1) > (+) paper_inequality_mentions_3_years (X3) > (+) Gender inequity research (Y)
Asian (X4) > (+) author_race_diversity_score (X5) > (+) Issue awareness (mediator) > (+) Gender inequity research (Y)","female,paper_inequality_mentions_3_years","female,authors_race_diversity_score","engineering_and_technology,female",+,+,-,"Females' interest in the topic may boost inequality mentions in the last 3 years, and the timely topic may also encourage females to discuss this topic. Gender and race diversity may both be correlated with gender inequality topics and reinforce each other's influence. Engineering and technology is a male-dominated field where it might be harder for females to pursue this type of research or talk about it, so there might be a negative relationship here.","This makes sense - I had chosen white as a catch-all for author race effects, but separating the effects of asian and black could be more meaningful and stronger. Instead of female_score, I had selected authors_race_diversity_score. Overall, I would say that the reasoning of my choices and what emerged from the ML results are not that different. Females may be more sensitive to both gender and racial topics, and I could see how this would be a top predictive feature. I thought news inequality mentions in the last 3 years would be predictive because this is a politically charged topic, but it's not in the top 5. ","Social science is more likely to do research on racial inequality (as opposed to STEM or medicine, where gender is a basic characteristic used in analysis). White might be less likely because they are less affected by racial inequality and while they recognize it might not pursue it as a research topic. The diversity of the country racial composition could indicate interest and awareness in this area and similarly encourage research in racial inequality. Racial inequality is more politically charged, so news inequality mentions in the last 3 years could be predictive. Females may be more sensitive to the topic and to research inequalities in general. ","White (X1) > (-) Country_race_diversity_score (X2) > (-) Issue interest > (-) Racial inequality research (Y)
White (X1) > (-) Issue interest > (-) Racial inequality research
Female (X3) > (+) Social science (X4) > (+) Issue awareness > (+) News_inequality_mentions_3_years (X5) > (+) Racial inequality research","These make sense - I focused on interactions with news inequality mentions in the last 3 years because my sense is that these topics are politically charged. However, it also makes sense that paper inequality mentions in the last 3 years and social science are important and have positive interactions, based on the reasoning I had from the gender inequality section. Social science is more likely to have these types of topics, and research also builds on each other, so they could amplify each other's effects. The negative interaction between female and social science is similar to the ML results on gender inequality.","Because race is a politically charged topic, news inequality mentions in the last 3 years may be predictive. Social science aligns with these issues and would move hand-in-hand with both news inequality mentions and paper inequality mentions. A more racially diverse country could also be more likely to do research in this area as the news talks about it more and have a positive interaction effect.","I would also start with a regression-based correlation analysis here, where the dependent variable is binary for whether the paper discusses racial inequality and where the key independent variable is social science, including the interactions.","Similar to the gender inequality section, racial composition of the department could be included here, but I don't think it is as important. I think the current variables cover the potential effects.","This is very similar to my expectations - the only difference is that I chose engineering_and_technology instead of natural_science. Engineering_and_technology and natural_science probably have some similarities in terms of relationships and trends, but perhaps natural_science is even farther from the topics of gender inequality, as these topics have become more prevalent in engineering_and_technology in more recent times.","Natural science is a male-dominated field and would also likely be (negatively) correlated with research on gender inequality. The social sciences are composed of a high percentage of females, who may face issues in gender inequality themselves. Asians are well-represented in research jobs and particularly STEM, but face gender inequalities culturally. Papers tend to draw on current topics, so inequality mentions in the past 3 years could be predictive. A group of coauthors with high racial diversity would be exposed to more of those types of issues, which could be correlated with gender issues and thus gender inequality research.","Female (X1) > (-) natural_science (X2) > (-) Issue interest (mediator) > (-) Gender inequity research (Y)
Female (X1) > (+) paper_inequality_mentions_3_years (X3) > (+) Gender inequity research (Y)
Asian (X4) > (+) author_race_diversity_score (X5) > (+) Issue awareness (mediator) > (+) Gender inequity research (Y)","I was initially surprised by the female x social_science effect, but it also makes sense because the higher percentage of females and research in the area of gender inequality in social science already exists. In that case, they might be more like substitutes than reinforce each other's influence. For the second-order interactions, I focused a lot more on the female feature and effect, while ML focused more on social_science.","Females may be more likely to work in this area if there have already been a lot of mentions in the last 3 years, resulting in a positive interaction. Gender and race diversity may both be correlated with gender inequality topics and reinforce each other's influence. Natural science is a male-dominated field where it might be harder for females to pursue this type of research or talk about it, so there might be a negative relationship here.","This could be tested with a simple regression where Y is binary and female is the key independent variable, with the other variables included (and potential second-order interactions).","I think this covers the necessary variables, but another potential interesting one could be composition of females in the department (though I would also be interested in seeing whether people co-author with people in their department versus outside more). Being in a female-dominated department could motivate or embolden people to do this type of research, but it could also make them less likely (if they have fewer gender inequality experiences that would inform this research).",Theories proposed by human experts after reviewing the machine-learning results,Theories proposed by GenAI models after reviewing (1) the machine-learning results and (2) the revised theories of human experts who have reviewed the machine-learning results,"Thank you for the opportunity to participate. This is a really interesting study, and I look forward to seeing how it evolves!",32,Female,United States of America,United States of America,32,2026,Strategy/economics,0,,,Massachusetts Institute of Technology
0,Abhinandan Dalal,"social_science,natural_science,black,country_race_diversity_score,news_inequality_mentions_3_years",3,1,,,,,2,,,,4,5,,+,-,,,,,+,,,,+,+,,"My interpretations are based on trying to infer the coefficients of factors in a probability of discussing racial inequality on exogenous factors. Natural science is a strong negative predictor, as racial inequality is generally considered a social science topic, and not considered under natural science purview. Hence a paper being in natural science is a strong negative cause of it discussing race. 

Between different racial groups, I think members of the black community are most likely to discuss racial inequalities as the highest recipients of racial discrimination and hate-crimes. While the Asian community also receives racial judgements, my experience suggests that Asian communities are more geared towards the mathematical and engineering sciences, and they tend to be more docile towards calling out hate. Hispanic authors are between the black and Asian communities, and it is likely that a Hispanic author may avoid writing about racial discrimination to avoid feeding into stereotypes that originate from their race. Members of the white community in academia are generally vocal about racial biases, and are dwarfed generally by their black peers. My conjecture would be, in terms of race, the magnitude of coefficients would be black > white > hispanic > Asian. In fact Asian coefficient could be negative, but I cannot conjecture that without additional empirical evidence.

If a country is relatively diverse, like the US, UK, countries in the EU, etc., then the historically privileged community in academia is likely to be vocal about these issues. Whereas if an author coming from a less diverse country, predominated by one race (historically marginalized or not, say African countries, India, China, Korea, Poland, etc.) is likely to have fewer exposure to the perils of racial inequality, and hence less likely to write about it. (I also think that based on the empirical patterns, historical immigration rates in the author's countries may also be included into this model).

While racial inequality is generally discussed in the social sciences, a paper being in the social sciences does not automatically increase the likelihood of it discussing racial inequality. The direction of association is key here: the likelihood of a paper being in social science is high given that it discusses race, but not the other way round. Thus bidirectional measures of association like correlation coefficient would still be weak, but not insignificant. 

I do not think sex, number of authors, computer science papers and historical trends in academic racial discussions have a significant effect on whether a paper discusses race. The historical trends in academic racial discussions is marginally associated, but not conditionally accounting for articles in the news media. The news media articles, on the other hand, is likely to have significant impact in discussing race (for example the George Floyd incident).","Black →(+) Paper discussing race
Asian → (-) Paper discussing race (note that black and asian are not independent, and yet uni-directional arrows cannot be drawn between them)
Black → (+) Social science → (+) Paper discussing race (this relationship can be confounded by education levels and math/engineering prowess of authors countries)
News_inequality_3 →(+) paper_inequality_3. News_inequality_3 →  (+) paper discussing race
Natural science  →(-) paper discussing race
","social_science,black","black,authors_race_diversity_score","natural_science,black",+,+,-,"Black authors in social science are more likely to discuss race than not in social science. With increasing diversity in author countries, the higher proportion of black authors are more vocal about race. Race in natural sciences is not necessarily a strong predictor of racial inequality, so the effect of race on racial inequality paper is heterogeneous based on field of the paper.","social_science,female,white,news_inequality_mentions_3_years,paper_inequality_mentions_3_years",5,,,,1,,,,4,,,2,3,+,,,,+,,,,+,,,+,+,"Gender inequality papers generally have female authors and are generally in the social sciences (other side direction is weak for the latter). Their academic prevalence are also influenced by historical discussion trends, both in academia and popular media. Natural science and engg-tech papers generally do not discuss gender bias, but they have similar coefficients, and their total negative effect would already be captured by a positive coefficient in the social sciences. Gender inequality is generally more predominantly discussed in more privileged communities, and hence white would be significant. ","Female → Paper discussing gender
Female → Social science → Paper discussing gender
White → Paper discussing gender (white is a proxy for non-gender privilege)
News → Paper discussing gender
Previous academic paper → Paper discussing gender","female,white","social_science,female","female,authors_race_diversity_score",+,+,+,"Females in social science are more likely to discuss gender inequality than not in social science. More privileged female authors are more likely to discuss gender inequality (as less privileged classes are more vocal about other issues), and white and author_race_diversity scores are both positive proxies of privilege. ","Social science and black results are not surprising. Country_race_diversity_score is consistent with expectations (I may have confused the definitions of country_race and author_race, I do not remember). I am surprised by asian and female being significant, and natural sciences not being negatively significant. That means that fear of feeding into stereotypes is not as strong among the asian community than the need for voicing their concerns. While females being more vocal about racial inequality than males make sense, I misjudged its significance over natural_science. It would have been the sixth on my list.","My interpretations are based on trying to infer the coefficients of factors in a probability of discussing racial inequality on exogenous factors. Social science is an important factor, but among not social sciences, natural vs engg-tech does not vary too much. This is an interesting finding. 

Across racial groups, blacks are more likely to discuss race. I expected Asian and Hispanic-other effects to be the same, but it seems that hate across Asians is significantly discussed in academic papers. This of course depends on the corpus of papers analyzed, and I need more context to update my beliefs on this aspect. 

Diversity in authors countries is, as expected, a strong predictor, as it raises the exposure to the perils of racial hate. 

I still think that news media articles would have an effect on discussing racial hate, but it maybe dwarfed by multiple races being included in the top-five. ","Black →(+) Paper discussing race
Asian → (+) Paper discussing race
Black → (+) Social science → (+) Paper discussing race 
News_inequality_3 →(+) paper_inequality_3. News_inequality_3 →  (+) paper discussing race
","I underestimated the effect of discussion outlets on social science papers, and instead clubbed them in main effects. The explanation however is consistent with expectations. 

I do not understand why female*social_science interaction is negative. While females in social science are likely to discuss gender issues, I do not understand why the effect of females in social sciences would be different from that in natural sci/tech.","I decide to not update on my theory without further scrutiny. I still think race is important, and it is unclear why media discussions would not be counted for in main effects and rather interaction effects. Also, I do not understand the female*social science negative coefficient.","Among non social science papers, is the effect of natural sciences and engg/tech same on discussing race? A regression based analysis.

Algorithmic bias papers are tech papers that discuss racial inequality. Are engg/tech authors choosing to publish in social science venues when they discuss race? (can be checked by mapping authors in publications, whether the same author publishes in different venues when their paper discuss race. This would lead to a consistency violation in causal interpretation). 

Do papers talk about anti Hispanic-other hate? Is the rate of Asians discussing Asian hate differ from Hispanics discussing anti Hispanic hate? (Regression based analysis) 

Consider natural experiments like the George Floyd incident. Is the main effect of media outlet really insignificant? Consider a difference in papers discussing race here. ","I think economic issues generally take precedence over racial issues. Consider author country poverty/employment/GDP per capita PPI etc scores, and consider its effect on racial issues. I think countries with lower income are generally less likely to discuss racial disparity. Also, relationship between income-inequality of author countries and racial disparity discussion is interesting, as these two relationships are heavily associated. Even the interaction effects here are interesting to consider. ","Natural science being negative is unsurprising, but its difference with engg and tech is interesting and surprising (otherwise would have been included by social sciences). 

I am surprised by Asian being significant and not white. I do not understand this association. 

Academic trends influencing academic gender disparity discussions is not surprising, but I am surprised that popular media does not have top 5 significance. ","I do not update my theory without further scrutiny. I think the 5 factors are not adequate in gender disparity discussions, and other coefficients need to be considered.",No updates to the causal DAG. Need more scrutiny of coefficients.  ,"The first two effects are consistent with expectations, but I would have guessed past discussions' significance would have been considered in a main effect. I have no intuition of why the interaction effects of female*social science is strong. I would have expected it to be insignificant and all effects would be captured by main effects. ","I do not understand the ML results, and I need more scrutiny of the results.","How does females on discussing gender inequality vary by the fields? Is the differing rates because non- engg/ non natural sciency papers hardly discuss gender inequality (in which case even considering that arm is pretty insignificant)? 

Why is white not significant in discussing gender disparity? I have a privilege hypothesis, that economic issues precede social issues, and racial issues precede gender issues (as family ties reduces the adverse effects of gender disparities, but racial disparities are not similarly mitigated). Do later career female authors reduce discussing gender disparities (controlling on their reputation as a women's rights advocate)?
","Marital status of authors, if available. I think male authors start becoming more vocal after being married, and females less, controlling on their reputation as a gender rights advocate? Is there a regression to the mean visible? How are the career stage of academics affect their vocality on gender disparities?",Theories proposed by GenAI models after reviewing (1) the machine-learning results and (2) the revised theories of human experts who have reviewed the machine-learning results,Theories proposed by GenAI models after reviewing (1) the machine-learning results and (2) the revised theories of human experts who have reviewed the machine-learning results,"I think you should also include the option of collaborators talking to each other to propose theories, otherwise Option 3 - Gen AI allowing to review ML results and human theories gives them an incomparable edge. ",27,Male,India,United States of America,20,2026,Statistics,0,0,9,University of Pennsylvania
0,Mert Kobas,"social_science,black,hispanic_and_other,authors_race_diversity_score,paper_inequality_mentions_3_years",1,,,,,,4,5,,2,,,3,+,,,,,,+,+,,+,,,-,"I think, social_science feature positively related to racial inequality because racial inequality is a social science topic, so there must be more articles/papers published in social science journals than others. As a guess, black and hispanic_and_other variables might be positively related since racial inequality research is more popular in the western countries where authors from these identities live and produce. Also, since these groups are historically disadventagous groups, the authors from these groups might interest in racial inequality research more than other groups. The variable of authors_race_diversity_score  has the same logic behind. Since this research mostly requires to contact people from different groups, the diverse group of authors might be more common, so there is a positive correlation. Lastly, paper_inequality_mentions_3_years is negatively associated because if there are more papers in an area, the interest in that research might decline; but if it's relatively a new area, it should be more.","black (X1) → (+) authors_race_diversity_score (X2) → (+) social_science (mediator) →(+) Racial Inequality (Y)

hispanic_and_other (X3) → (+) authors_race_diversity_score (X2) → (+) social_science (mediator) →  (+) Racial Inequality (Y)

paper_inequality_mentions_3_years (X4) →  (-) Racial Inequality (Y)

","social_science,authors_race_diversity_score","social_science,white","social_science,paper_inequality_mentions_3_years",+,-,-,"First of all, I think the social_science is the key factor here because there must be a huge difference for the number of racial inequality studies between social science journals and other ares. Therefore, the interaction between social_science and authors_race_diversity_score is positive because when the diversity for authors is positively related to racial inequality research and this association should be more obvious in social science area. Social_science and white has the author diversity logic behind. In social science there should be more racial inequality reserach and probably these research was done by non-white authors mostly, so the interaction is negative. Similarly, if there are more papers in this area in social science before the published studies, the number of published studies decreases.","social_science,natural_science,female,news_inequality_mentions_3_years,paper_inequality_mentions_3_years",1,5,,,2,,,,,,,4,3,+,+,,,+,,,,,,,+,-,"I think the most important factor is the social_science because gender inequality research is mainly the social science area topic. The second important factor is female because female authors might interest in gender disequality topic more than others due to historical disadvantages related to gender inequality in the social life. Paper mentioning inequality is the third because if more papers publish before, the gender inequality research area might be getting shrinked, so the number of papers decrease. News mentioning inequality is the forth because news increase the interest and take attention to the topic, so there might be more research after the news. Fifth variable is natural science because gender_inequality topic might be interesting for biologists from the biological perspectives, so there might be more research in this area more than the other areas.","female (X1) → (+) social_science (X2) → (+) gender inequality (Y)
female (X1) → (+) natural_science (X3) → (+) gender inequality (Y)
news_inequality_mentions_3_years (X4) → (+) gender inequality (Y)
paper_inequality_mentions_3_years (X5) → (-) gender inequality (Y)","social_science,female","female,news_inequality_mentions_3_years","natural_science,female",+,+,+,"The social science and female interaction is the most important interaction, more female authors in a paper in the social science increases the chance that the paper is about gender inequality research. If the news are common before the paper, it might attract historically disadvantaged groups, so the interaction between female and news_inequality_mentions_3_years is the second one. The third one is the natural science and female because female authors in biology might produce gender inequality research more than others.","I expected black and social_science, but asian and female_score variables suprised me especially. I thought authors_race_diversity_score might be more effective than country_race_diversity_score but I guess they are close indicators, so that's not suprising. Female_score might be the case like social_science, as a general indicator, female authors might interest in racial_inequality more than other authors. I thought hispanic_and_other variable might be effective, but asian seems more effective, the reason might be related to the number of authors from these groups in the area. ","Social_science feature positively related to racial inequality because racial inequality is a social science topic, so there must be more articles/papers published in social science journals than others. Related to this, female variable is important because in social science, there might be more female authors and these authors interest in racial inequality more than others because they might interest in inequality topics generally.  Black and asian variables might be positively related since racial inequality research is more popular in the western countries where authors from these identities live and produce research. Also, since these groups are historically disadventagous groups, the authors from these groups might interest in racial inequality research more than other groups. The variable of country_race_diversity_score is also important because this research mostly requires to contact people from different groups, so if the diverse group of people might be more common, racial inequality research might be more important in that country and authors might interest in this research more than others. ","social_science (X1) → (+) female_score (X2) → (+) paper_inequality_mentions_3_years (mediator) →  (+) Racial Inequality (Y)
social_science (X1) → (+) black (X3) → (+) paper_inequality_mentions_3_years (mediator) →  (+) Racial Inequality (Y)
social_science (X1) → (+) asian (X4) → (+) paper_inequality_mentions_3_years (mediator) →  (+) Racial Inequality (Y)","I expect the negative direction for the interaction between social_science and paper_inequality_mentions_3_years but when think about it again, it makes sense because people interest in a popular topic in the social area more than other areas. A similar logic can be found behind social_science * news_inequality_mentions_3_years, so it's not suprising. The interaction between female and social_science is also suprising but it might be related to a general picture for preferences and priorization, something like female authors interest in gender inequality more than race inequality, so the direction is negative here.","First of all, I think the social_science is the key factor here because there must be a huge difference for the number of racial inequality studies between social science journals and other ares. Therefore, the interaction between social_science and paper_inequality_mentions_3_years and the interaction between social_science and news_inequality_mentions_3_years  are positive because when the popularity increases about this research, there should be more papers in social science area. Social_science and female has another logic behind. In social science, female authors might prioritize gender inequality than racial inequality research.","The empirical test might be more like structural equation model, which is a regression-based correlation analysis because the whole model is a single model, starting with social_science to author characteristics as three seperate branches (female, black and asian) and then connected into the paper_inequality_mentions_3_years as a mediator to gender_inequality. ","I guess categorizing the papers if they mention about historical changes like pandemic (e.g., racial inequality in pandemic), might be effective because these kind of events might take attention to the topic just like news and papers before the research, and might be helpful to understand the trends in the area.","I didn't suprise most of them but I thought positively about natural science, I guess biology was not enough and other areas have dominance. I also didn't think about Asian authors, so it's also suprising. I thought  paper_inequality_mentions_3_years as negatively, but I guess it was wrong, paper_inequality_mentions_3_years is related to popularity probably.","I think the most important factor is the social_science because gender inequality research is mainly the social science area topic. The second important factor is female because female authors might interest in gender disequality topic more than others due to historical disadvantages related to gender inequality in the social life. Natural science is the third because gender inequality topic might be less interesting for the scientists in this area, so there might be less research in this area more than the other areas. The other variable is paper mentioning inequality because if more papers publish before, the gender inequality research area might be getting popular, so the number of papers increases.","female (X1) → (+) social_science (X2) → (+) paper_inequality_mentions_3_years (mediator) → (+) gender inequality (Y)
female (X1) → (-) natural_science (X3) → (-) gender inequality (Y)
asian (X4) → (+) social_science (X2) → (+) paper_inequality_mentions_3_years (mediator) → (+) gender inequality (Y)
asian (X4)  → (-) natural_science (X3) → (-) gender inequality (Y)
","I expected a positive interaction between female and social science but I guess it's also not correct, that's very suprising because I thought female authors in social science should interest more than others due to their identities. For other interactions, I didn't suprise, I expected one of them. If popularity increases for a topic, the research increases, this is the same for gender inequality in social science.","The interaction between social_science and paper_inequality_mentions_3_years, and social_science and news_inequality_mentions_3_years are the important positive interactions because they reflect the popularity of gender inequality topic in social science area, so the research increases, when these variables increase. ","I still think a regression-based correlation analysis as a SEM model might work here because female and asian are the first independent factors as the demographic characteristics of the authors. Then, science areas (social and natural) are the second factors depend on these. The variable of paper_inequality_mentions_3_years is the mediator for these relations before the gender_inequality.",I don't have any further variables that come to my mind,Theories proposed by GenAI models after reviewing the machine-learning results,Theories proposed by human experts after reviewing the machine-learning results,"The female variable as a predictor (both main effect and interaction) seems very interesting, I would like to understand if there is any empirical results or reasoning behind that result. It was difficult to interpret it with intuitive reasoning. Except that, everything seems great, I really like the guidance thorughout the study, thank you!",31,Male,Turkey,United States of America,13,2026,Psychology,0,0,8,New York University
0,Cyrille Grumbach,"natural_science,engineering_and_technology,num_authors,black,paper_inequality_mentions_3_years",,2,1,5,,,3,,,,,,4,,-,-,-,,,+,,,,,,+,"My reasoning is similar to my previous long explanations.
The only difference here is that I believe that ""black"" plays a significant role (I use the word ""black"" as in your study; if you had used ""African-American"" or something else, I would have used that), as most race studies focus on black individuals in Western countries. The concerns for asian, Hispanic, white, etc., and other geographies are seen as much less important. Also, with affirmative action programs, many positions have been created to focus on the inequalities faced by black individuals. Often, such positions have been filled in by black individuals, so I believe there is a very strong positive association between ""black"" and ""race inequality"", although not 100% as not all black authors focus on racial inequalities. Thus, it is not as strong as natural_science and engineering_and_technology, where such discussions are totally absent.","'- social_science → (+) racial
- natural_science, engineering_and_technology → (-) racial
- natural_science, engineering_and_technology → (+) num_authors → (-) racial
- female → (+) social_science → (+) racial
- asian → (+) natural_science, engineering_and_technology, (-) social_science→ (-) racial
- black → (+) racial
- news_inequality_mentions_3_years → (+) racial
- paper_inequality_mentions_3_years → (+) racial","natural_science,num_authors","engineering_and_technology,num_authors","natural_science,black",-,-,+,"Similar reasoning to previously. 
- Papers in natural_science and engineering_and_technology with large consortia of authors are often focused on hard science topics, and perhaps the only papers that discuss racial inequalities are commentaries with few authors.
- Perhaps natural_science X black is positive as the only papers in natural science discussing about racial inequalities are commentaries from predominantly black authors

","natural_science,engineering_and_technology,num_authors,asian,paper_inequality_mentions_3_years",,2,1,4,,5,,,,,,,3,,-,-,-,,-,,,,,,,+,"Note: Although my answer is long, it is purely my reasoning, not genAI to help. I write long to help your papers have the best insights possible. I also do experiments, so I suspect not all participants of this experiment will do so (although I wish more did so in my experiments!)

Using my reasoning, my first step was to separate ""positively associated"" and ""negatively associated"" features. I believe that ""negatively associated"" features will have strong predictive power in this specific task. For each, I provide an explanation of why.

First, I believe that those features are positively associated with ""gender inequality"":
- social_science: The majority of scholarly discussions on gender will be in social science journals. But I believe this will be a ""weak"" feature, as many papers in social science are not necessarily about gender.
- female: A great proportion of papers on gender are from female-only teams. But this doesn't mean that females primarily write papers on gender. In fact, they don't. Thus, I believe this will also be a ""weak"" feature.
- white: From my experience, it appears that it is mostly white authors who discuss gender inequality. This issue seems particularly important for them. But most papers written by white authors do not focus on ""gender"" per se, so it will be a very ""weak"" feature.
- paper_inequality_mentions_3_years: I believe this will be a ""strong"" feature with great predictive power, as scholars often draw on prior, recent works to advance their contributions. Hence, this feature is in my top 5.
- news_inequality_mentions_3_years: I believe this can also be useful, but scholars often draw from academic papers, not news. I also feel that news is a late-comer, in that academic papers often discuss topics that news covers many years later (especially for long-term social topics such as race, gender, etc).

Second, I believe that those features are negatively associated with ""gender inequality"":
- natural_science: I myself studied physics before, and those social topics are not appropriate for such journals. Thus, this will be a very ""strong"" feature with immense predictive power. This is also in my top 5.
- engineering_and_technology: same reason as above, also in my top 5.
- num_authors: natural science and engineering papers often have a very long list of authors (e.g., all master students who helped are added in the author list). So, the longer the list of authors, the higher the probability that it is not a social_science paper. So this will have a great predictive power, but lower than natural_science and engineering_and_technology, so also in my top 5.
- asian: This might sound weird, but as an asian myself and with good knowledge of the asian community, I have the feeling that gender is not a topic that is seen as central (in particular, many asian females I know think this focus on gender is ridiculous). If you look at CWTS Leiden Ranking, you will find that the majority of natural science top publications now are coming from East Asia (especially China). So asians seem to focus strongly on maths, physics, engineering, etc., and much less on discussions related to gender or race. Furthermore, asians who are in social science also focus less on such topics. Thus, this feature is also in my top 5, as I think it can have great predictive power.

Finally, I believe some features are very ""weak"", so weak that it is unclear to me if they are positively or negatively associated: black, hispanic_and_other, authors_race_diversity_score, country_race_diversity_score","'- social_science → (+) gender
- natural_science, engineering_and_technology → (-) gender
- natural_science, engineering_and_technology → (+) num_authors → (-) gender
- female → (+) gender
- female → (+) social_science → (+) gender
- asian → (+) natural_science, engineering_and_technology, (-) social_science→ (-) gender
- white → (+) gender
- white → (+) social_science → (+) gender
- news_inequality_mentions_3_years → (+) gender
- paper_inequality_mentions_3_years → (+) gender","natural_science,num_authors","engineering_and_technology,num_authors","natural_science,female",-,-,+,"'- natural_science X num_authors: large consortia of authors (e.g., think of particle physics paper with so many authors) are very rarely about gender. I think the only papers in those journals about gender would be ""comments"" made by few authors.
- engineering_and_technology X num_authors: same reasoning as above.
- natural_science X female: I believe this becomes positive, perhaps the only natural_science papers about gender are written by female authors.","Interesting results! It is again unsurprising but I didn't think that social_science and female_score would be so important (similar to previous case).

The biggest surprise is again Asian!","I update my theory by adding:
- country_race_diversity_score: While it is unsurprising that it is positively associated, I didn't think it would make it top 2.
- asian is the biggest update in my theory, still very hard for me to comprehend. Have I perhaps missed studies that focus on racial inequalities related to Asian? Perhaps it would help to define ""Asians"", are we talking about central asians, indians, chinese, etc? This term is too vast to actually conclude much.","'- social_science → (+) racial
- natural_science, engineering_and_technology → (-) racial
- natural_science, engineering_and_technology → (+) num_authors → (-) racial
- female → (+) social_science → (+) racial
- asian → (+) racial
- black → (+) racial
- country_race_diversity_score → (+) racial
- news_inequality_mentions_3_years → (+) racial
- paper_inequality_mentions_3_years → (+) racial","The results are very similar as for the gender case. I am unsurprised by the positive/negative, but surprised by how high the first 2 are, a kind of reinforcing loop.","Again, would have been great to see the other interactions as I am curious to see if mine were correct (albeit not the strongest).
I revise accordingly to:
- social_science * paper_inequality_mentions_3_years: the more there are mentions in the last 3 years, the more social_science papers are about inequalities.
- social_science * news_inequality_mentions_3_years: same reasoning
- female * social_science: natural_science and engineering papers about race are primarily written by women. This is the same, albeit phrased differently, as the interaction I identified.","I would really adopt the same approach as for gender, relying on regression-based correlation analysis since I assume all archival data is already available. Experiments are difficult and costly (I am an experimentalist myself).

Similarly I would do:
- Model 1 with all variables and no interactions
- Model 2,3,4,5: removing some variables to see the effects
- Model 6,7,8,9,10: adding interactions to Models 1,2,3,4,5","The ""West"" variable I introduced previously would help a lot for the same reason.
I would also like to separate ""Asian"" into different variables, as this continent is 60% of world population, so not much can be said...
Also ""proportion of racial minorities in country of authors"" would help as well","I wasn't expecting social_science and female_score to be so positive, and engineering_and_technology to be absent from the ranking.

The biggest surprise is asian authors! That's interesting and shows the bias I might have!!I would be interested to know if it's ""","I revise my theory by giving a stronger predictive power to social_science and female_score. This indicates to me there is an enormous focus in social science and female authors on gender inequalities... I was aware of that focus, but this is even more so than I thought...

The biggest revision in the theory comes from ""asian""; this is a huge surprise, and I'd be curious to see if it's ""asian"" in the West that creates this effect.","Almost the same model, just asian changes sign:

- social_science → (+) gender
- natural_science, engineering_and_technology → (-) gender
- natural_science, engineering_and_technology → (+) num_authors → (-) gender
- female → (+) gender
- female → (+) social_science → (+) gender
- asian → (+) gender
- white → (+) gender
- white → (+) social_science → (+) gender
- news_inequality_mentions_3_years → (+) gender
- paper_inequality_mentions_3_years → (+) gender","Interesting results, it is unsurprising, but I wouldn't have placed those as the ""top"" effects. female * social_science would have been my fourth choice, so this makes sense.","It would have been great to see if the interactions I predicted also hold (despite not being the strongest one) as I find that the top 3 the ML model is showing makes a lot of sense, although I wouldn't have placed them in top 3.","If all the data are already available, I would simply perform a regression-based correlation analysis and check which cases have a p-value < 0.05. I don't think natural experiments would make sense if archival data on publications, authors' gender/race, etc are available.

I would do many models with different variables, and then additional models that account for interactions.

So I do: Y: whether a paper discusses gender inequality (binary)

- Model 1 (base model): Y ~ social_science + natural_science + engineering_and_technology + num_authors + female + asian + white + news_inequality_mentions_3_years + paper_inequality_mentions_3_years
- Model 2, 3, 4, 5: here I would just do Model 1 where I remove some features (e.g., num_authors)
 - Model 6,7,8,9,10: here I would add interactions terms to model 1,2,3,4,5 based on the strongest interactions the ML models found","I think a ""West"" variable would help, as I suspect some effects are primarily driven by scholars based in the West, whose beliefs on gender are in striking contrast with those of other regions of the world.
I also believe ""GDP growth over last 10 years"" would be a good variable to add as well.",Theories proposed by human experts after reviewing the machine-learning results,Theories proposed by human experts after reviewing the machine-learning results,"Many thanks for inviting me to participate in this wonderful study! It was very interesting!

Overall, here are some of my thoughts:
- For the last question, what do you mean by ""Theories"", if it's just simple causal relationships then I would have chosen ""theories proposed by GenAI after reviewing ML + human"" but if it's about actually writing a paper that contributes to the literature, I believe theories written by humans would outperform significantly. This is why I ended up choosing ""theories proposed by human after reviewing ML""
- The biggest surprise for me came from ""asian"", I would have suspected a negative association. I think it would have helped to clarify what ""asian"" meant (even better to separate asian in multiple categories) as for me ""asian"" primarily meant ""east asian"".
- I would also have loved to see a larger ranking of the features + the interactions (instead of just the top 5) to see whether my predictions were actually correct in being positive versus negative (albeit perhaps weaker effect).
- My last point, it would have helped to know how many variables we had to put when making the causal relationships? I put all of those I thought were relevant, but I was unsure if you wanted us to create simple, small models focused only on the most important ones.

Overall a fantastic study!! Impatient to see the results!! Great work",28,Male,Italy,Switzerland,15,2028,management (strategy and innovation),0,0,5,ETH Zurich
0,Jacob Xiangyu JIN,"social_science,female,black,news_inequality_mentions_3_years,paper_inequality_mentions_3_years",2,,,,4,,3,,,,,5,1,+,,,,+,,+,,,,,+,+,"1. I hypothesize that paper_inequality_mentions_3_years has the strongest positive relationship with the probability that a paper discusses racial inequality. Academic research often follows a ""lead-follow"" pattern. When specific topics become trending, an increasing number of researchers will shift their focus and follow this trend.

2. However, I only rank news_inequality_mentions_3_years fifth since there is typical a significant time lag between general social awareness (media coverage) and the eventual peer-review publication.

3. I rank social_science as the second most important variable regarding subject characteristics and publication practices. Firstly, because racial inequality is a societal issue, social science researchers have more training and higher sensitivity toward these topics.  Secondly, racial inequality can be more naturally integrated into social science framework than into STEM fields.

3. I rank black as the third most important variables since black people may have a live understanding of racial discrimination. Such kind of individual identity will increase their their interests and social responsibility towards this issue; on the other hand, their research will be  naturally justified, which will give them more credits to do such kind of research.

4. I rand female fourth. Female researchers may also experience potential discrimination in daily life, not restricted to racial discrimination. Shared experience may increase their tendency and awareness of racial inequality.


","paper_inequality_mentions_3_years(X1) -> (+) Incentive to follow the trend -> (+) probability that a paper discusses racial inequality.

Social science (X2) -> (-) Difficulty to integrate the topic into research -> (-)  probability that a paper discusses racial inequality.

Social science (X2) -> (-) sensitivity towards to this topic -> (+)  probability that a paper discusses racial inequality.

Black -> (+) research credits (premium) -> (+)  probability that a paper discusses racial inequality.

black -> (+) awareness /living experience -> (+)  probability that a paper discusses racial inequality.

female -> (+) shared experience -> (+)  probability that a paper discusses racial inequality.

female -> (+) shared experience -> (+)  probability that a paper discusses racial inequality.


Black -> (+) more research credits -> (+)  probability that a paper discusses racial inequality.

news_inequality_mentions_3_years -> (+) topic popularity /public attention -> (+)  probability that a paper discusses racial inequality.","social_science,black","social_science,paper_inequality_mentions_3_years","social_science,female",-,+,-,"1. Social science researchers have more interests and tendency to talk about the racial issue (not restricted in black guys), which will weaken the black variable's effect on Y. 

2. Social science researchers will focus more on ""trendy"" social issues (they have more concentrated common interests), which will strengthen  paper_inequality_mentions_3_years on Y.

3. The reason is the same to point 1.
","social_science,female,white,news_inequality_mentions_3_years,paper_inequality_mentions_3_years",2,,,,3,,,,4,,,5,1,+,,,,+,,,,+,,,+,+,"1. I rank social science first regarding the subject characteristics and publication practices. The researchers have more sensitivity towards such topics and it's much easier for them to integrated this topic into their research.

2. Female as the second most important features. They would have more interests/motivation/social responsibility because of the individual identity.

3. White as the third one. The awareness of gender inequality is highly related to the economic status.

4.  News_inequality_mentions_3_years demonstrated the social awareness or social common value. The increased social awareness /value will give researchers more incentive to do such kind of research.

5. Also, research always follow a lead-follow pattern. Paper_inequality demonstrated the interests from the academic side, which can strongly predict the researchers' propensity to include it in their paper.","Social science -> (+) Research Sensitivity -> (+) Y
Social science -> (-) Difficulty to include the topic into research -> (-) Y

Female -> (+) Social responsibility -> (+) Y

White -> (+) Economic status -> (+) Y
White -> (+) Universal value -> (+) Y

News_inequality_mentions_3_years -> (+) Social awareness -> (+) Y

Paper_inequality_mentions_3_years -> (+) Popularity in academia -> (+) Y








","female,white","social_science,news_inequality_mentions_3_years","social_science,white",+,+,+,"1. White will increase the possibility of female the possibility of mention since compared with other women, white women often occupy a specific position of privilege about race, which allows them focus more singularly on gender as the main oppression.

2. Social science will increase the news' effect on Y since they are more responsive to the social hot topics.

3. Social science will increase the white effect on Y since fields in social science are more white-dominant compared with STEM fields.

","Not shocked about the result.

For asian_variable, I think there are two reasons. One is the sample reason: maybe Asian researchers appear more in this sample, leading to the sample imbalance. Another reason is the mechanism reason, maybe because Asian researchers think that they experienced significant racial discrimination in academia.","1. I hypothesize that paper_inequality_mentions_3_years has the strongest positive relationship with the probability that a paper discusses racial inequality. Academic research often follows a ""lead-follow"" pattern. When specific topics become trending, an increasing number of researchers will shift their focus and follow this trend.

2. I rank social_science as the second most important variable regarding subject characteristics and publication practices. Firstly, because racial inequality is a societal issue, social science researchers have more training and higher sensitivity toward these topics.  Secondly, racial inequality can be more naturally integrated into social science framework than into STEM fields.

3. I rank Asian third. Asian may involve the majority of the sample. Meanwhile,  asian researchers may think that they experienced significant racial discrimination in academia and increase their motivation to include this issue in their research.

4. I rank black as the fourth most important variables since black people may have a live understanding of racial discrimination. Such kind of individual identity will increase their their interests and social responsibility towards this issue; on the other hand, their research will be  naturally justified, which will give them more credits to do such kind of research.

5. I rank female fifth. Female researchers may also experience potential discrimination in daily life, not restricted to racial discrimination. Shared experience may increase their tendency and awareness of racial inequality.


","paper_inequality_mentions_3_years(X1) -> (+) Incentive to follow the trend -> (+) probability that a paper discusses racial inequality.

Social science (X2) -> (-) Difficulty to integrate the topic into research -> (-)  probability that a paper discusses racial inequality.

Social science (X2) -> (-) sensitivity towards to this topic -> (+)  probability that a paper discusses racial inequality.

Black -> (+) research credits (premium) -> (+)  probability that a paper discusses racial inequality.

black -> (+) awareness /living experience -> (+)  probability that a paper discusses racial inequality.

female -> (+) shared experience -> (+)  probability that a paper discusses racial inequality.

female -> (+) shared experience -> (+)  probability that a paper discusses racial inequality.


Black -> (+) more research credits -> (+)  probability that a paper discusses racial inequality.

Asian -> (+) shared experience -> (+)  probability that a paper discusses racial inequality.",Not shocked. Seems that it highly overlaps with my prediction.,"I choose not to change it. Even though I added the interaction between black and social science and miss the interaction between social science and news, my explanation towards the machine learning results exactly follow the same logic with me.

Besides, I have some concerns about how RF gives the result in this section. Researchers put all second order interaction as well as the first order features in the model? It's a common/theoretically-justifiedway to study the importance of second order interaction?","First, it depends on the research goal. If we need a casual interpretation, seems that it's not feasible to consider so many features at one batch and compared their relative importance.

Second, if we restricted our research goal to evaluate the prediction power toward Y. Regression based or advanced ML are acceptable. But need pay attention that if do regression, our main focus is to do model selection/variance decompostion instead of the coefficient analysis.



","Detailed researcher's background characteristics, including institutions, history citation, etc.

Including this control is to make the result robust. So if the result keep same with more control, I will believe more in it.
",Not shocked. Quite similar to my expectation except my asian.,"I choose not to change my predictions, Now I strongly suspect that Asian feature importance is due to the imbalanced sample.",No change. ,"Make sense.

female * social_science's sign is negative since everyone in the social science will care more about gender inequality, not limited to female (that's their established research topics).","
1. Social science will increase the news' effect on Y since they are more responsive to the social hot topics.

2.  Social science will decrease the female' effect on Y since social science researchers care about the gender inequality in a general way. ","I choose do ANOVA test to just document this fact across time. I don't think it's a clean setting to investigate any underlying mechanism.

",No need data to do if I only do variance analysis.,Theories proposed by GenAI models after reviewing the machine-learning results,Theories proposed by GenAI models after reviewing (1) the machine-learning results and (2) the revised theories of human experts who have reviewed the machine-learning results,I have to say I enjoy the survey process! It's a very interesting and thoughtfully research design (: ,26,Male,China,United Kingdom of Great Britain and Northern Ireland,7,2030,Management Science,,,1,London Business School
0,Shun Yiu,"social_science,black,hispanic_and_other,white,country_race_diversity_score",5,,,,,,1,2,3,,4,,,+,,,,,,+,+,-,,+,,,"Social science is again the primary field in which racial diversity is studied. 
In my experience, black and minority race individuals are much more likely to focus on conducting research on topics of racial inequality. While individuals, on the other hand, is much less likely to do that given the lack of knowledge on the issue. 
Country race diversity score is an important factor as racial inequality is much less of an issue in countries that lack diversity to begin with, e.g. China. ","social_science --> (+) racial_inequality
black --> (+) social_science --> (+) racial_inequality
hispanic_and_other --> (+) social_science --> (+) racial_inequality
white --> (-) racial_inequality
country_race_diversity_score --> (+) racial_inequality","black,country_race_diversity_score","black,news_inequality_mentions_3_years","black,paper_inequality_mentions_3_years",+,+,+,"for black individuals to pursue a project in racial inequality, they probably need to be in a country with strong racial diversity, and they are much more likely to pursue that when inequality issue is very prominent and when there are well-established literature that enable them to build upon.","social_science,natural_science,engineering_and_technology,num_authors,female",2,3,4,5,1,,,,,,,,,+,-,-,+,+,,,,,,,,,"Social science as a field contains subfields like sociology and economics that have been focused on understanding gender inequality. In contrast, natural science and engineering and technology fields tend to not research topics related to gender inequality. This field-level distinction should be a very strong predictor. Number of authors could matter as I expect projects with more coauthors tend to focus less on issues related to social justice. Female of course matters as the gender inequality issue is directly relevant to the authors. ","social_science --> (+) female --> (+) gender_inequality
natural_science --> (-) female --> (+) gender_inequality
engineering_technology --> (-) female --> (-) gender_inquality
num_authors --> (-) gender_inequality","female,country_race_diversity_score","female,authors_race_diversity_score","female,news_inequality_mentions_3_years",-,+,+,"female authors who are in countries with high racial diversity scores are much less likely to pursue projects on gender inequality because they do not see that as an urgent need for society. 
female authors with racially diverse coauthors are more likely to pursue a gender inequality paper as their social interaction is more pro-diversity. 
News_inquality_mentions reflects how much inequality is emphasized in the society, and should prompt female authors to pursue research project in this area. ",Interesting that female_score is highly correlated and even more so than black. Asian result is also interesting. Others are as expected. ,"Social science is again the primary field in which racial diversity is studied. 
In my experience, black and minority race individuals are much more likely to focus on conducting research on topics of racial inequality. While individuals, on the other hand, is much less likely to do that given the lack of knowledge on the issue. 
Country race diversity score is an important factor as racial inequality is much less of an issue in countries that lack diversity to begin with, e.g. China.

Other factors like female and Asian might also be predictive as there could be intersectionality effects. I guess racial inequality with asian is also a prominent issue. 
","social_science --> (+) racial_inequality
black --> (+) social_science --> (+) racial_inequality
asian --> (-) racial_inequality
female --> (-) racial_inequality
country_race_diversity_score --> (+) racial_inequality",This is the same story as the gender inequality results. ,This is basically a Kuhnian science story where if there are more editors and support in the journals it's more likely to get something published. ,"Similar regression test as the gender inequality results, we basically look at whether more published paper predicts downstream papers. Snowball effects essentially. ","similar to the gender inequality ones, data on paper submissions, editors' published papers. 
I would expect these to have a positive effect on racial inequality papers. ","I think 1, 2, and 3 make a lot of sense. 5 too. 4 is a bit surprising as I would not think that Asian is such a strong predictor of doing research in gender inequality. ","Social science as a field contains subfields like sociology and economics that have been focused on understanding gender inequality. In contrast, natural science and engineering and technology fields tend to not research topics related to gender inequality. This field-level distinction should be a very strong predictor. Number of authors could matter as I expect projects with more coauthors tend to focus less on issues related to social justice. Female of course matters as the gender inequality issue is directly relevant to the authors. I also expect the number of papers that mention inequality in the last 3 years to have a strong impact as that determines if there is a well-established literature. Asian should also be a strong characteristics of predicting this as maybe in Asian society there is also a high level of gender inequality. ","social_science --> (+) female --> (+) gender_inequality
natural_science --> (-) female --> (+) gender_inequality
num_authors --> (-) gender_inequality
asian --> (+) gender_inequality
paper_inequality_mentions_3_years --> (+) gender_inequality","Makes a lot of sense. This is basically describing a story where if there is an established literature in social science, then there will be more papers published on that topic. Interaction 3 doesn't make sense to me. ","Gender inequality is primarily studied in the social sciences. In that field, if there are more papers on the topic being published and there are more news on that topic, it validates the importance of the topic. ","I would do a panel difference in difference analysis that compares months where a paper or news article came out and look at how that predicts submission of papers and the subsequent publishing of relevant papers. So more papers published in a year should predict higher number of papers subsequently published. If we see a positive relationship here, it confirms my theory that this is basically a story of a Kuhnian science. ","papers submitted, papers published by editors. 
I would be able to confirm that prior publication drive further research by looking at submissions rather than just papers published. 
Also if there are editors who specialize in this topic, more papers will get published. ",Theories proposed by GenAI models after reviewing (1) the machine-learning results and (2) the revised theories of human experts who have reviewed the machine-learning results,Theories proposed by human experts after reviewing the machine-learning results,"I think the study is very well thought-out and very interesting. I think to facilitate the experience, you can consider using drag and drop boxes in representing the theoretical relationship. Much easier to construct theoretical relationships that way. ",29,Male,Hong Kong (S.A.R.),United States of America,23,2026,Management ,,,1,Indiana University
0,Randol Yao,"social_science,black,authors_race_diversity_score,country_race_diversity_score,paper_inequality_mentions_3_years",3,,,,,,4,,,5,1,,2,+,,,,,,+,,,+,+,,+,"I believe two components are important: 1) a general trend of research, and 2) the identity of the authors. So I think the trend in academic publications and the country's racial inequality background are the most important, followed by their own races and racial composition of the author team. Social science is important as I assume inequality is rarely discussed outside of social science.","Paper inequality Mentions → (+) Motivation to Publish in This Topic → (+) Racial Inequality Papers

Country Race Diversity → (+) Paper inequality Mentions → (+) Racial Inequality Papers

Black → (+) Willingness to Promote Racial Equality → (+) Racial Inequality Papers

Author Racial Diversity → (+) Willingness to Promote Racial Equality → (+) Racial Inequality Papers

Social Science → (+) Research Relevant to Races → (+) Racial Inequality Papers","social_science,black","country_race_diversity_score,paper_inequality_mentions_3_years","black,country_race_diversity_score",+,+,+,"These interaction terms are probably all positive because, combined, they become stronger indicators of interest in studying racially related problems, though the main effects already have a positive effect on the likelihood of a racial inequality paper. I think black people studying social science is a very strong signal, followed by the overall trends in the country and the academics, and by the trend and the author's own identity.","social_science,female,black,news_inequality_mentions_3_years,paper_inequality_mentions_3_years",2,,,,1,,5,,,,,4,3,+,,,,+,,+,,,,,+,+,"Social science is a strong indicator, as I think gender is barely relevant outside of social science. The authors' own gender (female) is the next most important, as my intuition is that female authors are much more likely to be interested in gender related problems, followed by general trends in the country media and in academia. I think black people are also much more likely to promote gender inequality.","Female → (+) Willingness to Promote Racial Equality → (+) Racial Inequality Papers

Black → (+) Willingness to Promote Racial Equality → (+) Racial Inequality Papers

Social Science → (+) Research Relevant to Races → (+) Racial Inequality Papers

Paper inequality Mentions → (+) Motivation to Publish in This Topic → (+) Racial Inequality Papers

Media inequality Mentions → (+) Paper inequality Mentions → (+) Racial Inequality Papers","social_science,female","female,black","female,paper_inequality_mentions_3_years",+,+,+,"I believe the interactionsare probably all positive, as combined they are stronger indicators that the paper will be about gender inequality. I include Female in all the choices as I think this is ""decisive"". So a female studying social science, a black female, and a female in academia, where there is an increasing trend in this topic, are more likely to publish a paper about gender inequality.","Mostly reasonable, though 2 things surprise me: 1) author gender composition (female share) is more important than author racial composition in predictive racial inequality papers, and 2) asian authors are very interested in writing racial inequality papers, even outranking black people.","I believe two components are important: 1) a general trend of research, and 2) the identity of the authors. So I think the authors' own races (asian or black) and the racial composition of the author team are very important, followed by the trend in the country's racial inequality background. Social science is important, as I assume inequality is rarely discussed outside of social science. I modified to include asian indicator and remove the general academic trend.","Country Race Diversity → (+) Paper inequality Mentions → (+) Racial Inequality Papers

Black → (+) Willingness to Promote Racial Equality → (+) Racial Inequality Papers

Asian → (+) Willingness to Promote Racial Equality → (+) Racial Inequality Papers

Author Racial Diversity → (+) Willingness to Promote Racial Equality → (+) Racial Inequality Papers

Social Science → (+) Research Relevant to Races → (+) Racial Inequality Papers","This is surprising as two less important variables (paper inequality mentions and news inequality mentions) appear here. My intuition is that the variables need to be strong themselves to possibly have a stronger interaction. Though I do understand why social science is very important, I cannot understand why female interacted with social science is negative.","I think black people studying social science is a very strong signal, followed by the overall trends in the country and the academics interacting with the social science indicator. I include social science in my choices, but a bit hesitant to trust the other ML recommendations, especially why the interaction between female and social science is negative.","As we focus only on the main effects, I will want to test trends in 1) author racial composition and 2) academic trend in these topics, which are the variables I selected but not in the top5 from ML results.

In terms of author's racial composition, I think some massive migration events will help as a natural experiment, i.e., there are papers about how migration after the fall of the Soviet Union affect producitvity, author team composition, etc. Such relative exogenous changes in the author team's racial composition could be helpful to identify if there is a causal relationship. Note that a single shock of only one race is probably not enough to conclude, as it may be mainly the race-specific effect. 

In terms of academic trends, I think some unexpected announcements of journal special issues regarding racial inequality will be good academic trend shocks. Hopefully, we can see a sudden increase in papers from these issues, but also outside of these issues, hinting that the academic trend is a signal of where fruits are and authors will go for it.",A very predictive variable will be the authors' prior publications regarding racial inequality: either the share of authors who published about racial inequality before or the total number of racial inequality papers published by this author team would be a very strong indicator of whether they will write a paper about racial inequality.,"I agree that natural science is a significant negative sign, but it's kinda trivial and not interesting. I almost think only social science is relevant to this topic, so that the whole analysis could be limited to only social science publications. And it is surprising that asian authors are also very interested in gender inequality.","Social science is a strong indicator, as I think gender is barely relevant outside of social science. The authors' own gender (female) is the next most important, as my intuition is that female authors are much more likely to be interested in gender related problems, followed by general trends in the country media and in academia. I think black people are also much more likely to promote gender inequality. My top choices align well with the ML results, and I do not really buy the other ML results, so I will not make any change here.","Female → (+) Willingness to Promote Racial Equality → (+) Racial Inequality Papers

Black → (+) Willingness to Promote Racial Equality → (+) Racial Inequality Papers

Social Science → (+) Research Relevant to Races → (+) Racial Inequality Papers

Paper inequality Mentions → (+) Motivation to Publish in This Topic → (+) Racial Inequality Papers

Media inequality Mentions → (+) Paper inequality Mentions → (+) Racial Inequality Papers

I decide not to make any change here.","I can expect, at this point, that social science will appear in all top choices, but I do think that the whole analysis could be limited to only social science publications so that we can focus more on other features. It is surprising that the interaction between social science and female is negative.","I would agree to update my theory to include social science in all my choices, so it will be female * social science,  social science * academic trend (paper_inequality_mentions_3_years), and social science * black. I still think the interaction of all these should be positive, as they are more likely than alone to indicate a paper about gender inequality. ","The most surprising main effect to me is why Asian is the top choice, so I'm wondering if it's driven by some other trends, like Asians are publishing more, they publish more especially in social science, and Asian females are especially more likely to publish in social science, etc. Some descriptive trends about this would be very helpful to determine if it's actually a good predictor or is mostly affected by other features.","Similarly, I think a strong predictor would be the number of publications the authors have done in the past regarding gender inequality. It will be significanlty positive indicator of the likelihood that they will write another paper about gender inequality.",Theories proposed by GenAI models after reviewing the machine-learning results,Theories proposed by human experts after reviewing the machine-learning results,"1. Depending on the overall framing of this project, I do think we can only focus on social science so that more attention can be put on other, more interesting attributes when social science does not exist in all top interactions. 2. I think other variables like the publication history are easily retrievable from sources like Dimensions and can be very help in predicitng the results. 3. Beyond correlational analysis, I'm very interested in a natural experiment to causally test some of the aspects.",27,Male,China,United States of America,16,2029,Strategy,,,6,Massachusetts Institute of Technology
0,Khai Nguyen,"social_science,num_authors,black,authors_race_diversity_score,paper_inequality_mentions_3_years",1,,,5,,,4,,,3,,,2,+,,,+,,,+,,,+,,,+,"I rank social_science as the most important predictor with a positive sign because racial inequality is a core topic within many social science disciplines, such as sociology, political science, and economics. Journals in these fields are structurally more likely to publish work that explicitly engages with race and inequality. Second, I rank paper_inequality_mentions_3_years positively because research tends to follow ongoing academic conversations. When inequality has recently been widely discussed in scholarly publications, new papers are more likely to build on those themes, including racial inequality.

Third, I assign a positive sign to authors_race_diversity_score because a more racially diverse research team may bring a wider range of perspectives, experiences, and research interests, potentially increasing the likelihood that racial inequality is addressed. Fourth, I expect the share of Black authors to have a positive association, under the assumption that lived experiences and identity can influence research interests and sensitivity to racial inequality topics. Finally, I assign a modest positive effect to num_authors, as larger teams may be more interdisciplinary or include broader viewpoints, though I expect this effect to be weaker and more indirect compared to disciplinary focus and recent academic trends.","social_science → (+) paper discusses racial inequality

paper_inequality_mentions_3_years → (+) paper discusses racial inequality

authors_race_diversity_score → (+) paper discusses racial inequality

black → (+) paper discusses racial inequality

num_authors → (+) paper discusses racial inequality

social_science → (+) paper_inequality_mentions_3_years → (+) paper discusses racial inequality

authors_race_diversity_score → (+) num_authors → (+) paper discusses racial inequality","social_science,black","social_science,authors_race_diversity_score","black,paper_inequality_mentions_3_years",+,+,+,"I expect all three interactions to be positive because, in each case, the two predictors likely reinforce rather than weaken each other’s influence on whether a paper discusses racial inequality. First, the interaction between social_science and black should be positive because the influence of Black representation among authors is likely stronger in disciplines where race and inequality are already central research themes. In social science contexts, a higher share of Black authors may more strongly translate into explicit engagement with racial inequality topics than it would in fields where such issues are less central.

Second, I expect a positive interaction between social_science and authors_race_diversity_score because team racial diversity may be especially consequential in fields that are already normatively and intellectually oriented toward inequality. In these disciplines, diverse perspectives may be more likely to shape topic selection toward racial inequality, whereas in other fields diversity may not affect research focus as directly.

Finally, I expect a positive interaction between black and paper_inequality_mentions_3_years. When racial or broader inequality topics are already salient in recent academic publications, the presence of more Black authors may further increase the likelihood of directly engaging with racial inequality. In periods when inequality is less prominent in scholarship, the marginal effect of author composition may be weaker. Overall, these interactions reflect the idea that disciplinary context, author identity, and broader academic momentum can amplify one another in shaping research topics.","social_science,num_authors,female,news_inequality_mentions_3_years,paper_inequality_mentions_3_years",1,,,5,3,,,,,,,4,2,+,,,+,+,,,,,,,+,+,"I think the disciplinary field matters the most. Papers published in social science journals are simply more likely to engage with topics like inequality, discrimination, and gender issues because those themes are central to those fields. That is why I rank social_science first and assign it a positive effect. Next, I consider paper_inequality_mentions_3_years important because research tends to follow ongoing conversations. If inequality has been frequently discussed in recent academic work, it seems reasonable that new papers will continue to address related topics, including gender inequality.

I also believe that the share of female authors could matter. Researchers’ backgrounds and experiences can shape the kinds of questions they are motivated to study, so a higher proportion of female authors may be associated with a greater likelihood of discussing gender inequality. Similarly, when inequality is widely covered in the broader media (news_inequality_mentions_3_years), that broader social attention might influence what scholars choose to focus on. Finally, I assign a small positive effect to num_authors, since larger teams may bring a wider range of perspectives or interdisciplinary input, though I expect this factor to be weaker and more indirect compared to field and recent academic trends.","social_science → (+) paper discusses gender inequality

paper_inequality_mentions_3_years → (+) paper discusses gender inequality

female → (+) paper discusses gender inequality

news_inequality_mentions_3_years → (+) paper discusses gender inequality

num_authors → (+) paper discusses gender inequality

news_inequality_mentions_3_years → (+) paper_inequality_mentions_3_years → (+) paper discusses gender inequality

social_science → (+) paper_inequality_mentions_3_years → (+) paper discusses gender inequality","social_science,female","social_science,paper_inequality_mentions_3_years","female,paper_inequality_mentions_3_years",+,+,+,"I expect all three interactions to be positive because in each case the two factors likely reinforce each other rather than offset each other. First, the interaction between social_science and female is likely positive because the influence of female representation on research topics should be stronger in fields where inequality is already a central concern. In social science disciplines, where gender and inequality are common subjects, a higher share of female authors may further increase the likelihood that gender inequality is discussed. In other fields, that same increase in female representation may have a weaker effect.

Second, I expect a positive interaction between social_science and paper_inequality_mentions_3_years because recent academic attention to inequality likely has a stronger impact within disciplines already oriented toward social issues. When inequality is prominent in recent scholarship, social science journals may amplify that trend more than other disciplines.

Third, the interaction between female and paper_inequality_mentions_3_years is also likely positive. When inequality is already salient in the academic environment, teams with a higher share of female authors may be especially responsive to that momentum and more likely to engage directly with gender inequality. In contrast, when inequality is less prominent in recent scholarship, the effect of author gender composition may be more muted. Overall, these interactions reflect the idea that disciplinary context, author composition, and broader academic trends can mutually reinforce one another in shaping whether a paper discusses gender inequality.","Overall, the results are mostly consistent with my expectations. I expected social_science to be the strongest predictor, since racial inequality is a core topic in many social science fields. The positive effects of black and country_race_diversity_score also make sense, as author background and broader societal context may shape research interests and awareness of racial issues.

I was somewhat surprised that female_score ranked so highly. This suggests that gender composition may be linked more broadly to engagement with inequality topics, not just gender issues. The positive effect of asian was also less expected, but it may reflect institutional or geographic patterns rather than a direct causal mechanism. Overall, the results reinforce the importance of disciplinary context and author composition.","I choose not to modify my initial theory.

After reviewing the ML results, I believe my original theoretical explanation still holds. The prominence of social_science as the strongest predictor aligns directly with my view that disciplinary context fundamentally structures whether racial inequality is discussed. The positive effects of black and broader diversity-related measures are also consistent with my assumption that author background and lived experience can shape research interests.

Although the ML results highlight female_score, country_race_diversity_score, and asian more strongly than I initially emphasized, these findings do not contradict my core framework. My original theory centered on disciplinary orientation, author composition, and broader contextual influences, and the ML evidence reinforces rather than undermines those mechanisms. Therefore, I maintain my initial theoretical explanation without modification.","I choose not to update my diagram.

After reviewing the ML results, I believe my initial diagram still adequately represents my theoretical understanding of how disciplinary context, author composition, and broader contextual diversity influence whether a paper discusses racial inequality. The key mechanisms I proposed remain consistent with the empirical findings, so no modifications are necessary.","My reaction is similar to what I observed for gender inequality: two of the interactions align with my expectations, while one diverges.

The positive interactions between social_science × paper_inequality_mentions_3_years and social_science × news_inequality_mentions_3_years are consistent with my reasoning. They support the idea that disciplinary context amplifies broader academic and societal attention to inequality. When racial or general inequality becomes more salient in scholarship or media, social science fields appear especially responsive, which fits my view that disciplinary norms reinforce momentum effects.

The surprising result is the negative interaction between female × social_science. I would have expected either a positive interaction or a weaker effect. The negative sign suggests that the marginal effect of female authorship is smaller within social sciences. One possible explanation is a ceiling effect: in social science disciplines, the baseline likelihood of discussing racial inequality is already relatively high, so additional female representation adds less marginal impact. In contrast, in non-social-science fields, where racial inequality is less institutionally central, the presence of more female authors may play a stronger role in bringing such topics into the research agenda.","My theory is that whether a paper discusses racial inequality is primarily shaped by disciplinary context, broader inequality attention, and author background. Social science fields are structurally more oriented toward studying race, discrimination, and stratification, so papers in these disciplines are inherently more likely to engage with racial inequality. In addition, periods of heightened academic or media attention to inequality increase the overall likelihood that scholars address racial issues, and this effect is especially strong within social sciences because these fields are more responsive to inequality-related debates.

Author composition also plays a meaningful role. A higher share of Black authors or authors from more racially diverse countries may increase the probability of discussing racial inequality, as lived experience and social context can influence research interests and topic selection. However, the impact of certain author characteristics, such as female representation, may depend on the disciplinary setting. In fields where racial inequality is already widely studied, additional demographic diversity may have a smaller marginal effect, while in fields where the topic is less common, author background may exert a stronger influence. Overall, research topics emerge from the interaction between institutional norms, societal attention to inequality, and the perspectives that scholars bring to their work.","Using year_of_publication, I could define an indicator variable marking the period after a major racial justice event (for example, large-scale public racial justice movements in the mid-to-late 2010s). I would then compare papers published before and after this period.

A difference-in-differences style design would compare:

- social_science vs. non-social-science fields

- before vs. after the event

Supporting evidence would be:

- A larger post-event increase in the probability of discussing racial inequality within social_science fields relative to other fields.

Such a pattern would support the idea that disciplinary context amplifies broader societal momentum in shaping research topics.","To further test my theory, I would introduce additional variables that better capture institutional structures, author trajectories, and broader social context.

First, I would include journal-level characteristics, such as whether the journal has an explicit focus on racial inequality, race studies, or social justice. If my theory is correct, papers published in such journals should be significantly more likely to discuss racial inequality, even after controlling for broad disciplinary categories.

Second, I would add author-level publication history, such as whether the authors have previously written about race or inequality. A positive association would support the idea of path dependence and stable research agendas at the individual level.

Third, I would incorporate country-level measures, such as national racial diversity, racial inequality indicators, or major race-related policy changes. If societal context shapes research priorities, papers from countries with higher racial salience should be more likely to address racial inequality.

Finally, I would include funding information, particularly whether the research was supported by grants emphasizing diversity, equity, or race-related issues. A positive effect would support the idea that institutional incentives influence topic selection.","Overall, the ML results are broadly consistent with my initial expectations, especially regarding the importance of social_science, female_score, and paper_inequality_mentions_3_years, all of which have positive effects. I also find the negative association for natural_science intuitive, as these fields are generally less focused on social inequality topics.

The main unexpected finding for me is the prominence and positive sign of asian. I did not originally anticipate that the estimated share of Asian authors would emerge as one of the top predictors. This suggests that author demographic composition may play a more nuanced role than I initially assumed, possibly reflecting cross-national academic networks, institutional environments, or differing patterns of engagement with gender-related discourse.","After reviewing the ML results, I find that they largely confirm my original reasoning. The top predictors, social_science, female_score, and paper_inequality_mentions_3_years, align closely with my expectations about the importance of disciplinary orientation, author gender composition, and academic momentum. The negative effect of natural_science is also consistent with my broader assumption that disciplinary context strongly structures research topics.

Although the positive effect of asian was not something I explicitly anticipated, I do not believe it fundamentally challenges my initial theoretical framework. My core argument centered on discipline, author composition, and temporal academic trends as primary drivers, and the ML results reinforce those mechanisms. Therefore, I maintain my original theory without modification.","After reviewing the ML results, I believe my original causal diagram still accurately represents my theoretical understanding of how disciplinary context, author composition, and academic momentum influence whether a paper discusses gender inequality. The main predictors identified by the machine-learning analysis are consistent with the causal structure I initially proposed, so no changes are necessary.","Two of the interactions match my expectations. The positive effects for social_science × paper_inequality_mentions_3_years and social_science × news_inequality_mentions_3_years make sense to me. They suggest that disciplinary context amplifies broader academic and societal attention to inequality, which aligns with my prior belief that social sciences are especially responsive to inequality-related momentum.

The surprising result is the negative interaction between female × social_science. I had expected this to be positive. A possible explanation is a ceiling effect: in social sciences, the baseline likelihood of discussing gender inequality is already high, so the additional effect of female authorship is smaller. In non-social-science fields, female authorship may have a stronger marginal impact because the topic is less institutionally embedded.","I choose not to revise my initial theory on second-order interactions.

Although one of the ML results (the negative interaction between female × social_science) differs from my expectation, I still believe my original theoretical reasoning is plausible. My initial argument was based on the idea that disciplinary context, author composition, and broader academic momentum mutually reinforce one another in shaping research topics. The positive interactions between social_science × paper_inequality_mentions_3_years and social_science × news_inequality_mentions_3_years are consistent with this logic.

Regarding the negative female × social_science interaction, I interpret this as a possible empirical nuance rather than strong evidence against my broader theoretical intuition. Therefore, I maintain my original framework without modification.","Using year_of_publication, I could define indicator variables around major global gender-related events (e.g., the rise of large-scale public gender equality movements in the mid-to-late 2010s). I would compare papers published before and after such periods.

A difference-in-differences style test could compare:

- social_science vs. non-social-science fields

- before vs. after the event

Supporting evidence would be:
A larger post-event increase in the probability of discussing gender inequality within social_science fields.

This would support the idea that disciplinary context amplifies societal momentum.","To further test my theory, I would add variables that better capture institutional context, author background, and societal environment.

First, I would include journal-level indicators, such as whether the journal explicitly focuses on gender, inequality, or social justice. If my theory is correct, papers in such journals should be significantly more likely to discuss gender inequality, even within the same broad discipline.

Second, I would add author-level history, such as whether authors have previously published on gender or inequality topics. A positive association would support the idea of path dependence and stable research agendas.

Third, I would incorporate country-level variables, such as national gender equality indices or major policy reforms. If broader societal context matters, papers from countries with higher gender-equality salience should be more likely to address gender inequality.

Finally, I would include funding source information, especially whether grants emphasize diversity or gender issues. A positive effect would support the idea that institutional incentives shape topic selection.",Theories proposed by GenAI models after reviewing (1) the machine-learning results and (2) the revised theories of human experts who have reviewed the machine-learning results,Theories proposed by GenAI models after reviewing (1) the machine-learning results and (2) the revised theories of human experts who have reviewed the machine-learning results,"I genuinely enjoyed participating in this human–AI collaborative framework. It felt intellectually engaging in a way that is different from typical surveys. I appreciated how the structure encouraged me to articulate my reasoning clearly before seeing the machine-learning results. That separation made me more aware of my own assumptions and how I react to empirical evidence.

One thing I found especially interesting was noticing where the ML results confirmed my expectations and where they surprised me. The moments of surprise were actually the most valuable, because they forced me to think more carefully about alternative explanations rather than simply defending my initial beliefs. I think this reflective element is a real strength of the framework.

If I had one suggestion, it would be to explore how confident participants feel about their predictions, both before and after seeing the ML outputs. It might be insightful to see not only whether people revise their theories, but also how their confidence changes. Another interesting direction could be experimenting with different ways of presenting the ML results, since the format of explanations likely shapes how people interpret them.

Overall, I found this process thoughtful and intellectually stimulating. It feels like a promising way to study how humans and AI systems can complement each other in building and refining theory.",27,Male,Viet Nam,United States of America,10,2030,computer science,,,1,Massachusetts Institute of Technology
0,shuang cai,"social_science,natural_science,country_race_diversity_score,news_inequality_mentions_3_years,paper_inequality_mentions_3_years",4,1,,,,,,,,,5,2,3,+,-,,,,,,,,,+,+,+,"Being in natural science means to me means the study/research will not be related to racial difference at all because we have moved beyond the era that differentiate human races with eugenics perspectives. 
Social sciences is listed at least important to be concerned with the racial issue and discussion, but only partially, there are a large number of social science study that does not relate to inequalities at all.
news and paper mentioned should be positively correlated because if it is mentioned, there are some relationship between the argument the paper is making and the news/paper mentioned. If the news/paper is related to inequality, the argument is likely to be related.
The diversity scores is not necessarily related, but I think if there is a categorical data, there may be a pattern in researcher from certain country may be more/less interested in the topic.",I don't understand this task? What theory am I representing with this diagram?,"social_science,paper_inequality_mentions_3_years","social_science,news_inequality_mentions_3_years","news_inequality_mentions_3_years,paper_inequality_mentions_3_years",+,+,+,"If the paper is in social science and mention other papers about inequality in 3 years, more likely it is about racial inequalities.
If the paper is in social science and mention news articles about inequality in 3 years, more likely it is about racial inequalities.
If the paper has both news and papers about  racial inequality more likely it is about racial inequalities.
Others looks less relavent. Authors' positionalities in theory should play little to no roles in whether their view is progressive or not.","social_science,num_authors,female,news_inequality_mentions_3_years,paper_inequality_mentions_3_years",1,,,5,2,,,,,,,3,4,+,,,-,+,,,,,,,+,+,"Social sciences is to be concerned with the gender issue and discussion, but only partially, there are a large number of social science study that does not relate to the topic.
news and paper mentioned should be strongly positively correlated as if it is mentioned, there are some relationship between the argument the paper is making and the news/paper mentioned. If the news/paper is related to inequality, the argument is likely to be related.
female could be positively correlated as there are more female feminist researcher than there are male feminist researcher.
Num_authors may be loosely negatively correlated as I am under the impression it is less likely to see larger number of author arguing about gender inequalities from my impression. ",I don't understand this question.,"social_science,news_inequality_mentions_3_years","social_science,paper_inequality_mentions_3_years","news_inequality_mentions_3_years,paper_inequality_mentions_3_years",+,+,+,I still think these are the most important second order interactions. Authors' positionalities in theory should play little to no roles in whether their view is progressive or not.,"Not so surprised about black and social science. 
Surprise to see how female is important, but I could see how female authors may be more progressive and vocal about their progressiveness than male authors.
I thought race/country diversity should be categorical to show difference, not to think that more diverse the team the more likely it is about racial justice.
I think Asian authors may be because there are a lot of Asian authors? I am not sure if that is contributing or no, because culturally speaking it is less likely for an Asian person to be vocal about their ""progressive"" view. ",I still think natural science should be negatively correlated to the topic of racial injustice. ,I don't understand this question,female * social_science interaction is surprising. I am not sure why that is. Both female and social science are positively correlated to the mentioning of racial injustice. The only way this is the result is because we see a huge raise of male authors in social science (so much that could over thrown the influence of female authors in all the other domains) that is concerned with racial injustice. I found this very hard to believe.,I don't understand why news and papers does not have positive interaction there. ,"We could compute: percentage of natural science papers mentioning racial inequality,  percentage of social science papers mentioning racial inequality, and percentage of engineering papers mentioning racial inequality. Then, conduct a difference-in-means test. 

This test could be supporting evidence to how natural science percentage is significantly lower  if the gap is statistically significant. 

Time based indicator. There could be some potential influence of post-2020 indicator (George Floyd protests).","Funding source could be a indicator of impact, certain funding bodies (e.g., NSF diversity initiatives) encourage equity-related research.
By comparing regression or mean comparison, it could show certain funding may yield more research in racial justice discussions?
 
","I'm actually surprise that natural science is negatively correlated to gender topics, as I know someone who is interested queer study and plant genetics.
Everything else is similar to what I explained in the racial section. ","I want to understand the ML model more before changing my results. There are elements in this that I think ML model is quite overkill for seeing correlations. For instance, Num_authors are numbers that can be directly mapped with whether the paper discuss gender justice in a regression model. ",I still don't understand this question,"Similar to what I was saying in racial. The female x social science interaction is caused by how the # of male researchers increased by a lot in comparison to male researchers in the rest of the field who does gender justice related studies. 
The rest is within my expectation and justified from previous input.",No modification.,"As mentioned in the race section. there could be a mean test. 
",funding body again to see if there certain funding body support gender justice related studies.,Theories proposed by GenAI models after reviewing (1) the machine-learning results and (2) the revised theories of human experts who have reviewed the machine-learning results,Theories proposed by human experts after reviewing the machine-learning results,"From doing this survey, I know very little about what any of the models (ML results or GenAI) trained based on, how is the model tuned, what are the logic behind the construction of the model. As there is a prescreening process for the survey asking if I am someone with experience of ML/AI, I think the lack of context on what the model actually does is quite confusing. For what I know, it could be a highly biased model or a simple regression model that is mathematical. Not knowing where the magic answers came from, I am a bit uncomfortable changing my answers based on that.

Additionally, I can see how knowing the probabilities via these indicators may show certain insight about sciences, but I am interested in what the main authors are arguing designing the experiment this way. Why is these indicator picked out to design around? Is categorizing authors on biographical information really ethical in understanding people's scientific practices? 

I want to understand how are AI-human collaboration defined in this study. From my experience as a survey taker, I do not feel like I have collaborated with a machine learning model. I only read textual information that is presented to me as results of machine learning model. Saying that I have collaborated with the model would be like show me a book and claiming I have collaborated with the books' writer. To me, collaboration should be bi-directional or at least communicative.
",27,Non-binary,China,United States of America,24,2028,Human Centered Design and Information Science,0,1,4,"Cornell University, Ithaca, New York, USA"
0,Allen Zang,"social_science,black,country_race_diversity_score,news_inequality_mentions_3_years,paper_inequality_mentions_3_years",1,,,,,,5,,,,2,4,3,+,,,,,,-,,,,+,+,+,"First of all, racial inequality is a topic that should be categorized under social sciences, so papers published in a social science-related journal should have a higher probability to address racial inequality. While authors from countries which do not have high racial diversity can still study racial inequality because they can become aware of the issue itself through books and papers (and general media), for authors who live in countries with high racial diversity it is easier for them to become aware of the issue of racial inequality, and get the incentive to write papers to address it. As mentioned above, texts and media coverage can serve as the source of problem awareness, so if papers or news mentioned racial inequality, some researchers may realize that racial inequality can become the topic of their future studies, thus leading to paper production in the future. Among news and academic papers, I think academic papers have a higher impact, because we focus on academic papers. Researchers may tend to lean more on academic literature to determine their research topics. Lastly, I believe racial profile of the author list does have correlation with the probability to address racial inequality. According to the description of [black] variable, if its value is higher, it means that the authors are more likely to come from African countries. For African countries, in terms of race the population is mostly black, so it should lead to lower [country_race_diversity_score], thus lower probability to view racial inequality as an important issue to address.","Social Science Journal (X1) → (+) Topic Relevance (mediator) → (+) Racial Inequality Discussion (Y)

Country Racial Diversity (X2) → (+) Problem Awareness (mediator) → (+) Racial Inequality Discussion (Y)

Paper Mention (X3) → (+) Perceived Problem Importance (mediator) → (+) Racial Inequality Discussion (Y)

News Mention (X4) → (+) Perceived Problem Importance (mediator) → (+) Racial Inequality Discussion (Y)

Black Author (X5) → (-) Country Racial Diversity (X2) → (+) Problem Awareness (mediator) → (+) Racial Inequality Discussion (Y)","news_inequality_mentions_3_years,paper_inequality_mentions_3_years","black,country_race_diversity_score","hispanic_and_other,country_race_diversity_score",+,+,+,"While news mentions and paper mentions of racial inequality can both serve as the source of researcher's perceived importance of this issue, I think if both news and paper mentions of racial inequality in previous years are higher, it suggests that both the academia and the public are interested in and care about this issue. Therefore, I would think that this will add additional incentive to researchers' study of the topic, thus the production of relevant papers. For the other two interactions, my considerations are mainly based on observations that the racial inequality discussion is mainly focused on black and hispanic groups. If the black or hispanic authors demonstrate higher share, while the authors are likely to come from countries with high racial diversity, I think the author list will care more about the issue of racial inequality, so the probability to produce relevant papers should be further higher.","social_science,female,country_race_diversity_score,news_inequality_mentions_3_years,paper_inequality_mentions_3_years",1,,,,2,,,,,,3,4,5,+,,,,+,,,,,,+,+,+,"First of all, similar to the previous discussion on racial inequality, gender inequality is also a topic that should be categorized under social sciences, so papers published in a social science-related journal should have a higher probability to address gender inequality. For gender inequality, I think it is more about generally non-male, especially female, groups experiencing unpleasant and unfair treatment. Therefore, female groups have their natural sources of gender inequality facts through their daily life. Such observations will cultivate the awareness of the problem of gender inequality, and only with awareness of the problem can the researchers address the problem through writing papers. While we discuss gender inequality right now, I think a country with higher racial diversity is more likely and easier to develop a social environment that care more about individuals and their representative groups. Non-male and other minor genders can be viewed as counterparts to minor races, so in a country with higher racial diversity people will more likely be aware of the problem of inequality in other aspects, especially gender, and be willing to address such problems. Lastly, as mentioned previously, texts and media coverage can also serve as the source of problem awareness, so if papers or news mentioned gender inequality, some researchers, even not female, may realize that gender inequality can become the topic of their future studies, thus leading to paper production in the future. Among news and academic papers, I think academic papers have a higher impact, because we focus on academic papers. Researchers may tend to lean more on academic literature to determine their research topics. This belief is unchanged from previous explanation for racial inequality, and the reason can be elaborated as that I think academics care more about academia's perception of their work.","Social Science Journal (X1) → (+) Topic Relevance (mediator) → (+) Gender Inequality Discussion (Y)

Female Author (X2) → (+) Problem Awareness (mediator) → (+) Gender Inequality Discussion (Y)

Country Racial Diversity (X3) → (+) Problem Awareness (mediator) → (+) Gender Inequality Discussion (Y)

Paper Mention (X4) → (+) Perceived Problem Importance (mediator) → (+) Gender Inequality Discussion (Y)

News Mention (X5) → (+) Perceived Problem Importance (mediator) → (+) Gender Inequality Discussion (Y)","female,country_race_diversity_score","news_inequality_mentions_3_years,paper_inequality_mentions_3_years","num_authors,female",+,+,+,"As mentioned previously, I think the higher racial diversity in the country will be positive for a society that is aware of and willing to address problems of inequalities, including gender inequalities. For female researchers in such countries, I think the awareness of the problem and the willingness to address it via paper writing will be enhanced. While news mentions and paper mentions of gender inequality can both serve as the source of researcher's perceived importance of this issue, I think if both news and paper mentions of gender inequality in previous years are higher, it suggests that both the academia and the public are interested in and care about this issue. Therefore, I would think that this will add additional incentive to researchers' study of the topic, thus the production of relevant papers. For the last interaction, my consideration is that if the author list is dominated by female researchers, while the number of authors is also high, then the awareness of gender inequality issue, and the willingness to address it can be collectively enhanced.","I was initially surprised by the fact the female author share is having a high rank in terms of positive correlation with the racial inequality papers. However, after some thought I think this makes sense, and sort of explainable by what I mentioned in the discussion on racial inequality. I did not consider asian author share seriously enough at the beginning, but after seeing its appearance in the ranking I realized that asian authors may also be more aware of the issue of racial inequality, because asian is also minor in many western countries. I initially thought that black author share negatively correlates with the discussion of racial inequality, and now I think it might be some overthinking, and the ML result is acceptable.","I would like to update my discussion on the black author share, and add discussion on female author share, and asian author share, as follows.

Black group's experiencing of racial inequality should be one of the most significant demonstrations of racial inequality, so the higher black author share implies higher awareness of the racial inequality issue and willingness to address it, thus higher probability of writing the papers on this issue. For asian authors it is actually similar, as asian is minor in many Western countries, so that they also experience racial inequality in person, which also gives them higher awareness and willingness to address racial inequality. Moreover, if the black author share is higher, the authors are also more likely to come from countries with higher racial diversity, thus instances of racial inequality. For female author share, I would consider that this is a result of racial inequality being a counterpart of gender inequality. Female's awareness of gender inequality also develops their awareness of racial inequality, and the willingness to address racial inequality. In addition, I think when female author share is higher, the paper is also more likely to be a social science paper.","I would like to update my diagram on the black author share, and add diagram on female author share, and asian author share, as follows.

Black Author (X5) → (+) Problem Awareness (mediator) → (+) Racial Inequality Discussion (Y)

Black Author (X5) → (+) Country Racial Diversity (X2) → (+) Problem Awareness (mediator) → (+) Racial Inequality Discussion (Y)

Asian Author (X6) → (+) Problem Awareness (mediator) → (+) Racial Inequality Discussion (Y)

Female Author (X7) → (+) Problem Awareness (mediator) → (+) Racial Inequality Discussion (Y)

Female Author (X7) → (+) Research Preference (mediator) → (+) Social Science Journal (X1) → (+) Topic Relevance (mediator) → (+) Racial Inequality Discussion (Y)","I think the first two interactions make sense easily. The third interaction being a negative is surprising at least at the beginning. However, after some thinking I guess this divergence from my expectation might be a result of some inaccurate or wrong intuition about the interactions. Also, I guess the ranking has something to do with the definition of the variables, as some are continuous while others are binary.","Researchers who publish papers in social science journals generally have more care about social science topics, including racial inequality. Therefore, when both academic papers and news mention inequality issues more, they will become more aware and sensitive, and likely write more papers to address this topic that are published in social science journals. In other words, social science journals will have higher positive response to mentions of inequality issues. Relatedly, researchers who publish papers on social science journals are generally aware of racial inequality, and willing to address it in papers, as they are already in the community of high awareness and willingness, and they are exposed to such discussions. Therefore, it does not matter much if the authors of social science papers are dominated by female. Similarly, if the author list is already dominated by female, the author group is generally aware of the inequality issue, and it is more likely to address it even if the paper is not published in social science journals.","For black author share, I think one can test the correlation between [black] and [country_race_diversity_score], and if there is positive correlation, it supports my reasoning. For female author share, one can test the correlation between [female] and [social_science], and if there is positive correlation, it supports my reasoning. For asian author share, honestly I am not sure how to use existing features to test my reasoning, but perhaps one can still try to test the correlation between [asian] and [country_race_diversity_score], and if there is positive correlation, it would support my reasoning. However, I do not expect so, as countries where asians are more likely to be born in do not have high racial diversity.","I think it would be very useful to add variables that describe the countries where the authors' affiliations are located at, and the racial diversity of authors' *working countries*, instead of countries of birth, because it might be an important factor to determine the research topic of the researchers. ","I did not expect [natural_science] to have such a high ranking, but it makes sense. At first glance I was a bit surprising to see asian author share to have such a high ranking, but soon I realized that in asian countries where asian people are more likely to be born in, gender inequality as an issue has gained increasing discussion.","I would like to add discussion on natural science papers, and asian author share, as follows.

Natural science journals typically do not consider gender inequality as directly within their scopes, so natural science papers should naturally be less likely to address gender inequality. Also, natural science papers may have less female author share, thus indirectly reducing the probability of addressing gender inequality. When asian author share is higher, as asian countries are demonstrating increasing awareness of the issue of gender inequality, asian authors are thus more likely to be willing to address this topic in research papers.","I would like to add diagrams for natural science paper, and asian author share, and add an additional chain for female author share, as follows.

Natural Science Journal (X6) → (-) Topic Relevance (mediator) → (+) Gender Inequality Discussion (Y)

Asian Author (X7) → (+) Problem Awareness (mediator) → (+) Gender Inequality Discussion (Y)

Female Author (X2) → (+) Social Science Journal (X1) → (+) Topic Relevance (mediator) → (+) Gender Inequality Discussion (Y)","This is different from what I discussed previously. However, it makes sense, as the pattern is the same as for racial inequality. Therefore, the explanation is also very similar to the previous one.","The updated explanation will be very similar to the previous one for racial inequality. Researchers who publish papers in social science journals generally have more care about social science topics, including gender inequality. Therefore, when both academic papers and news mention inequality issues more, they will become more aware and sensitive, and likely write more papers to address this topic that are published in social science journals. In other words, social science journals will have higher positive response to mentions of inequality issues. Relatedly, researchers who publish papers on social science journals are generally aware of gender inequality, and willing to address it in papers, as they are already in the community of high awareness and willingness, and they are exposed to such discussions. Therefore, it does not matter much if the authors of social science papers are dominated by female. Similarly, if the author list is already dominated by female, the author group is generally aware of the inequality issue, and it is more likely to address it even if the paper is not published in social science journals.","The main update in my reasoning is regarding natural science papers and asian author share, and additional factors related to female author share.

For asian author share, I think it might be meaningful to evaluate the trend/dynamics of the predictiveness of asian author share with respect to the meta-feature of [year_of_publication]. This is motivated by the fact that there are asian countries that are fast developing during this period, which may cause the emergence of gender inequality issues therein. If the predictiveness of asian author share demonstrates obvious change over time in this period, it should likely support my reasoning, but further evaluation of the feature in the dynamics is needed. For female author share, one can test the correlation between [female] and [social_science], and if there is positive correlation, it supports my reasoning. For natural science papers, I think one may test the conditional predictiveness of other features, among the papers that are labeled natural science. If the predictiveness weakens in comparison to the total predictiveness of these features, such as [female_score], [asian], etc. it should support my reasoning, as it suggests that natural science papers being less likely to discuss gender inequality is mainly due to being natural science papers, i.e. scope mismatch.","Similar to the previous discussion on racial inequality, I hope there can be additional variables such as the country where authors' affiliations are. Then one can examine the predictiveness of other features when the author list's working country representations change. This is to test the awareness of issue, as I think that for researchers working in countries which are developing and revealing more and more gender inequality instances, it might make researchers more motivated to study gender inequality. Such evaluation may need news mentions of inequality issues from the media run in the authors' working countries. If there is correlation between increase in ""country-specific"" mention of inequality issues and the increase of predictiveness of features, over time in the chosen period of 20 years, it should support my reasoning.

In addition, I want to add that I accidentally proceed before I finished Q Race. 17. I think it would be meaningful to examine the interaction between [black], [asian], or [female], and the authors’ working countries’ racial diversity. If the interaction is positive, it should support my reasoning therein.",Theories proposed by GenAI models after reviewing (1) the machine-learning results and (2) the revised theories of human experts who have reviewed the machine-learning results,Theories proposed by GenAI models after reviewing (1) the machine-learning results and (2) the revised theories of human experts who have reviewed the machine-learning results,"Thank you very much for the opportunity to participate in this interesting project, and my apologies for being late in finishing it. I think the research is interesting both in its topic and in its methodology. Meanwhile, it is my personal impression that the theory-building part is very qualitative. For instance, while we are asked to rank the features in terms of anticipated predictiveness, the later theory-building part seems hard to represent the ranking, but this can be a biased view that emerges from the limitation in myself. Also, some features are continuous while others are binary/discrete, and have different ranges. I think this can affect the quantitative results, e.g. the exact ranking of predictiveness. Seeing the ML results, major surprises come from the ranking: I never thought that they were not important, but did not expect them to be that important.",27,Male,China,United States of America,18,2026,quantum science and engineering,,,,University of Chicago
0,Ning Liu,"social_science,black,authors_race_diversity_score,news_inequality_mentions_3_years,paper_inequality_mentions_3_years",2,,,,,,3,,,4,,5,1,+,,,,,,+,,,+,,+,+,"These features are ranked based on how directly they capture substantive engagement with inequality and how strongly theory suggests they shape topic selection. paper_inequality_mentions_3_years is most important because it reflects path dependence: scholars already working on inequality are most likely to produce work on racial inequality, hence a strong positive effect. social_science is next because racial inequality is a central topic in disciplines such as sociology, political science, and economics, making a positive association highly likely. The proportion of black authors is ranked third because scholars’ lived experiences and identities may shape research agendas, increasing attention to racial inequality. authors_race_diversity_score follows, as more diverse teams may be more attuned to race-related issues and structural disparities. Finally, news_inequality_mentions_3_years is also positive but ranked slightly lower because media salience can stimulate research attention, though its effect is more indirect than disciplinary orientation or prior research focus.","Social_Science → (+) Paper_Inequality_Mentions_3_Years → (+) Discusses Racial Inequality (Y)

News_Inequality_Mentions_3_Years → (+) Paper_Inequality_Mentions_3_Years → (+) Discusses Racial Inequality (Y)

Black (Authors) → (+) Discusses Racial Inequality (Y)

Authors_Race_Diversity_Score → (+) Discusses Racial Inequality (Y)

Social_Science → (+) Discusses Racial Inequality (Y)","social_science,black","social_science,news_inequality_mentions_3_years","black,paper_inequality_mentions_3_years",+,+,+,"These interactions reflect the idea that research on racial inequality is shaped by both disciplinary context and researcher identity, as well as responsiveness to societal conditions. The positive social_science × black interaction assumes that Black scholars may be more likely to study racial inequality, and this tendency is strongest in social science fields where race is a central and legitimate topic of inquiry. The positive social_science × news_inequality_mentions_3_years interaction reflects the assumption that social sciences are especially responsive to public debates, so increased media attention to inequality amplifies their likelihood of producing racial-inequality research. Finally, the positive black × paper_inequality_mentions_3_years interaction reflects path dependence: when researchers are already engaged in inequality-related work, the presence of Black authors further reinforces attention to racial inequality, making the combined effect stronger than either factor alone.","social_science,female,authors_race_diversity_score,news_inequality_mentions_3_years,paper_inequality_mentions_3_years",2,,,,5,,,,,3,,4,1,+,,,,+,,,,,+,,+,+,"If a paper (or closely related work by the authors) has recently mentioned inequality, it is highly predictive that the current paper may also discuss gender inequality. Gender inequality research is much more common in social sciences (e.g., sociology, political science, gender studies) than in natural sciences or engineering. More diverse author teams may be more likely to engage with inequality-related topics, including gender inequality. If inequality has been prominent in the media recently, scholars may respond with research addressing inequality topics, including gender inequality. Research shows that female scholars are more likely to study gender-related issues, making this feature predictive.","Social Science → (+) Paper Inequality Mentions (Past 3 Years) → (+) Discusses Gender Inequality (Y)

Social Science → (+) Discusses Gender Inequality (Y)

News Inequality Mentions (Past 3 Years) → (+) Paper Inequality Mentions (Past 3 Years) → (+) Discusses Gender Inequality (Y)

News Inequality Mentions (Past 3 Years) → (+) Discusses Gender Inequality (Y)

Female (Authors) → (+) Paper Inequality Mentions (Past 3 Years) → (+) Discusses Gender Inequality (Y)

Female (Authors) → (+) Discusses Gender Inequality (Y)

Authors’ Race Diversity Score → (+) Paper Inequality Mentions (Past 3 Years) → (+) Discusses Gender Inequality (Y)

Authors’ Race Diversity Score → (+) Discusses Gender Inequality (Y)","social_science,female","social_science,news_inequality_mentions_3_years","female,paper_inequality_mentions_3_years",+,+,+,"These interactions reflect the idea that gender-inequality research depends on both disciplinary context and researcher characteristics. The positive social_science × female interaction assumes that female authors are more likely to study gender issues, and this tendency is amplified in social science fields where such topics are institutionally supported. The positive social_science × news_inequality_mentions_3_years interaction assumes that social sciences are especially responsive to public debates, so media attention to inequality strengthens their likelihood of producing gender-inequality research. Finally, the positive female × paper_inequality_mentions_3_years interaction reflects path dependence: when researchers are already working on inequality topics, female authorship further reinforces attention to gender-specific inequality.","The ML results are partly consistent with my expectations but also introduce some important refinements. I expected social_science to be the strongest predictor, and its top rank confirms the central role of disciplinary context in shaping whether papers address racial inequality. I also anticipated a positive effect for black authorship, so its presence among the top predictors aligns with my assumption that researcher identity and lived experience can influence topic selection.

However, two results are somewhat surprising. First, the strong positive effect of female_score suggests that gender composition of the author team plays a broader role in inequality-related research than I initially theorized. I did not expect female authorship to be as central for racial inequality as for gender inequality. This may indicate that female scholars are more engaged in broader structural inequality research, not only gender-focused topics. Second, the importance of country_race_diversity_score highlights the role of macro-level context. This suggests that being embedded in more racially diverse societies may increase scholarly attention to racial inequality, possibly due to greater exposure to racial stratification or more active public discourse. The positive effect of asian authorship was not strongly anticipated in my initial ranking and may reflect regional academic trends, collaboration networks, or broader demographic correlates rather than a direct causal mechanism.

Overall, the results reinforce the importance of disciplinary structure and author composition but suggest that contextual and cross-cutting demographic factors play a larger role in racial inequality research than I initially emphasized.","In light of the ML evidence, I would revise my theory to place greater emphasis on disciplinary structure and demographic/contextual composition, while reducing the centrality of short-term academic or media salience. The results confirm that social_science is the strongest predictor, reinforcing the idea that racial inequality is institutionally embedded in disciplines such as sociology, political science, and related fields. However, the prominence of female_score, country_race_diversity_score, asian, and black suggests that racial inequality research is strongly shaped by both individual-level and macro-level demographic contexts. Rather than viewing racial inequality research primarily as path dependent on prior inequality attention, the updated theory emphasizes that scholars’ social identities and the diversity of their national contexts systematically influence topic selection. A higher share of Black authors likely reflects lived experience and community engagement mechanisms. The positive effect of female authorship suggests that female scholars may disproportionately engage in broader structural inequality research, not only gender-related topics. The importance of country_race_diversity_score indicates that being embedded in more racially diverse societies may heighten awareness of racial stratification and stimulate related research. Finally, the positive association for Asian authorship may capture regional academic contexts, transnational inequality debates, or collaboration patterns linked to diversity. Overall, the revised theory shifts from a primarily path-dependence explanation to one that foregrounds disciplinary institutions and demographic context as the main drivers of racial inequality research.","Social_Science → (+) Discusses Racial Inequality (Y)

Female_Score → (+) Discusses Racial Inequality (Y)

Black → (+) Discusses Racial Inequality (Y)

Asian → (+) Discusses Racial Inequality (Y)

Country_Race_Diversity_Score → (+) Discusses Racial Inequality (Y)

Country_Race_Diversity_Score → (+) Black

Country_Race_Diversity_Score → (+) Asian

Social_Science → (+) Female_Score

Social_Science → (+) Black","The first two interactions are broadly consistent with a disciplinary amplification logic. The positive social_science × paper_inequality_mentions_3_years and social_science × news_inequality_mentions_3_years effects suggest that academic and media salience of inequality translate more strongly into racial-inequality research within social sciences than in other fields. This aligns with the idea that social sciences are institutionally oriented toward studying structural inequality and are more responsive to both scholarly trends and public discourse.

The negative female × social_science interaction is more surprising. I initially expected female authorship to reinforce the effect of social science, not weaken it. The negative sign suggests a ceiling effect: because social science already has a high baseline probability of addressing racial inequality, the additional marginal contribution of female authorship is smaller there. In contrast, in non-social-science fields—where racial inequality is less institutionally embedded—the presence of female authors may have a stronger marginal influence on topic choice. This indicates that author gender may matter most in contexts where racial inequality is not already a dominant disciplinary theme, refining my earlier assumption about how identity and field context interact.","In light of the ML evidence, I would revise my theory to emphasize disciplinary amplification of inequality salience while reconsidering how author identity interacts with field context. The positive social_science × paper_inequality_mentions_3_years interaction suggests that path dependence operates most strongly within social science: when academic attention to inequality is already high, social science fields are especially likely to channel that momentum into racial-inequality research. Similarly, the positive social_science × news_inequality_mentions_3_years interaction indicates that social sciences are particularly responsive to public discourse, so media attention to inequality disproportionately increases racial-inequality research in those disciplines. However, the negative female × social_science interaction revises my earlier expectation that identity and field context reinforce one another. Instead, it suggests a diminishing marginal effect: because social science already has a high baseline probability of addressing racial inequality, the additional influence of female authorship is smaller there. In contrast, in non-social-science fields where racial inequality is less institutionally embedded, female authorship may play a stronger role in shifting research attention toward racial inequality. Thus, the updated theory highlights disciplinary structure as the main amplifier of inequality salience while recognizing that the influence of author gender is context-dependent and relatively stronger outside social science.","My revised theory emphasizes disciplinary structure and demographic/contextual composition as the main drivers of racial-inequality research. This can be tested using regression-based models and time-based quasi-natural experiments with the available variables.

First, I would estimate a logistic regression predicting whether a paper discusses racial inequality (Y) using the key predictors: social_science, female_score, black, asian, country_race_diversity_score, and include year fixed effects based on year_of_publication. This directly tests whether disciplinary context and demographic composition independently predict racial-inequality mentions. Results supporting my theory would include: (1) a strong positive coefficient for social_science; (2) positive and significant coefficients for black and asian; (3) a positive effect of female_score; and (4) a positive coefficient for country_race_diversity_score, even after controlling for year.

Second, to examine whether country context operates beyond individual author composition, I would include both country_race_diversity_score and the individual race shares (black, asian) in the same model. If country context remains significant, this would support the macro-level exposure mechanism in my theory. If the coefficients for black or asian attenuate but remain positive, this would indicate partial mediation through contextual exposure.

Third, I would implement a time-based quasi-natural experiment using year_of_publication. For example, I could define a post-2013 or post-2016 indicator (capturing periods of heightened public debate about racial inequality). I would then test whether the probability of discussing racial inequality increases in the post period, especially within social_science fields. Supporting evidence would include a statistically significant increase after the event period and stronger effects within social science disciplines.

Overall, consistent positive main effects for disciplinary context, author demographics, and country-level diversity—robust to time controls—would provide empirical support for my revised theoretical explanation.","To test my theory more convincingly, it would help to add variables that capture (1) institutional/geographic context more precisely, (2) authors’ prior research trajectories, and (3) publication and funding incentives—mechanisms that the current features only proxy for.

Useful additional variables include: author affiliations (institution + country) and region indicators, which would let us test whether the positive effects of asian and country_race_diversity_score are really driven by geographic context; support for my theory would be that affiliation region and country-level diversity/policy context predict racial-inequality mentions and that the asian coefficient shrinks after controlling for them. Adding national context measures (e.g., indices of ethnic fractionalization, immigration levels, or anti-discrimination policy changes over time) would enable quasi-natural-experiment tests using policy shocks; supporting results would show increases in racial-inequality papers after salient policy changes or racial-justice events, especially among scholars based in affected countries. Adding authors’ prior publications and topic history (counts of past papers on race/inequality; topic-model similarity to racial-inequality themes) would directly test path dependence and agenda-setting; supporting evidence would show strong persistence—authors with more prior race/inequality work are much more likely to publish new papers mentioning racial inequality, even within the same discipline and year. Finally, adding journal/venue and subfield classifications plus funding source (e.g., grants targeted at equity or social justice) would help separate selection into outlets from true topic preference; supporting results would show higher racial-inequality mentions in race-relevant subfields and equity-funded work, with social-science and demographic effects partly mediated through venue choice but remaining directionally consistent.","The machine-learning results are largely consistent with my expectations, particularly the strong positive effects of social_science, female_score, and paper_inequality_mentions_3_years. I expected disciplinary context and female authorship to be central predictors, and the fact that social science ranks first reinforces the idea that institutional field norms strongly shape topic choice. The negative effect of natural_science also aligns with the assumption that technical fields are less likely to engage with gender inequality topics.

One somewhat unexpected result is the positive association for asian authorship. I did not initially rank this as a top predictor. This may reflect contextual factors such as regional research priorities, demographic patterns in academia, or cross-national differences in gender discourse. It could also capture correlated characteristics (e.g., institutional location or collaboration networks) rather than a direct causal effect. Overall, the ML results strengthen the importance of disciplinary and author-composition factors while suggesting that some demographic effects may be more nuanced than my original theory assumed.","In light of the machine-learning evidence, I would refine my theory while preserving its core structure. The results strongly confirm that disciplinary context is the most powerful predictor: papers in social science fields are substantially more likely to discuss gender inequality, while those in natural sciences are less likely to do so. This reinforces the idea that institutional norms, theoretical traditions, and journal expectations within disciplines shape topic selection. The positive effect of female authorship also aligns with my original assumption that researcher identity influences research agendas, likely through lived experience, professional networks, and substantive interests. The continued importance of paper_inequality_mentions_3_years supports the role of path dependence: scholars embedded in inequality-related research streams are more likely to produce further work on gender inequality.

However, I would revise my theory to more explicitly incorporate author demographic composition beyond gender, given the positive effect of the Asian author share. This suggests that demographic patterns may proxy for broader institutional, geographic, or intellectual contexts in which gender inequality is more actively studied. Rather than assuming only female authorship matters, the updated theory recognizes that multiple dimensions of author composition can shape topic choice, possibly through regional research priorities or collaboration networks. Overall, my revised theory emphasizes disciplinary structure as the primary driver, reinforced by author gender and broader demographic composition, and sustained by path-dependent research trajectories.","Social_Science → (+) Discusses Gender Inequality (Y)

Natural_Science → (–) Discusses Gender Inequality (Y)

Female_Score → (+) Discusses Gender Inequality (Y)

Asian → (+) Discusses Gender Inequality (Y)

Paper_Inequality_Mentions_3_Years → (+) Discusses Gender Inequality (Y)

Social_Science → (+) Paper_Inequality_Mentions_3_Years → (+) Discusses Gender Inequality (Y)

Female_Score → (+) Paper_Inequality_Mentions_3_Years → (+) Discusses Gender Inequality (Y)

Asian → (+) Paper_Inequality_Mentions_3_Years → (+) Discusses Gender Inequality (Y)","The first two interaction results are largely consistent with my expectations. I anticipated that social_science × paper_inequality_mentions_3_years and social_science × news_inequality_mentions_3_years would be positive because social science fields are structurally oriented toward studying inequality and are more responsive to both academic and societal attention to inequality. The positive signs reinforce the idea that disciplinary context amplifies the influence of both prior scholarly focus and media salience.

However, the negative interaction for female × social_science diverges from my initial expectation. I had predicted a positive interaction, assuming that female authorship would have a stronger effect within social sciences. The negative sign instead suggests that the marginal effect of female authorship is weaker in social science compared to other fields. One possible explanation is that social science already has a high baseline probability of discussing gender inequality, regardless of author gender. In that context, female authorship adds less incremental predictive power. By contrast, in non-social-science fields where gender inequality is less common, the presence of female authors may make a larger difference. This suggests that author gender may matter most in contexts where the topic is otherwise less institutionally embedded.","In light of the ML evidence, I would revise my theory of second-order interactions while retaining its core emphasis on disciplinary amplification. The positive social_science × paper_inequality_mentions_3_years interaction reinforces a path-dependence mechanism that is strongest within social science: when inequality is already salient in the academic literature, social science fields are especially likely to translate that momentum into gender-inequality research. Similarly, the positive social_science × news_inequality_mentions_3_years interaction supports the idea that social sciences are particularly responsive to societal and media attention, so external inequality salience amplifies their tendency to produce gender-focused work. However, I revise my earlier expectation regarding female × social_science. The negative interaction suggests that female authorship has a weaker marginal effect within social science than outside it. This implies a ceiling or saturation effect: because social science already has a high baseline probability of addressing gender inequality, author gender adds less incremental influence there, whereas in non-social-science fields—where gender topics are less institutionally embedded—the presence of female authors may play a more decisive role. Thus, the updated theory emphasizes disciplinary context as the primary amplifier of inequality salience, while recognizing that the influence of female authorship is context-dependent and relatively stronger in fields where gender inequality is not already normative.","My revised theory can be tested using a combination of regression-based analyses and time-based quasi-natural experiments within the 2000–2020 dataset.

First, I would estimate a logistic regression model predicting whether a paper discusses gender inequality (Y) using the key main effects: social_science, natural_science, female_score, asian, paper_inequality_mentions_3_years, and year fixed effects (based on year_of_publication). This directly tests whether disciplinary context, author composition, and path dependence independently predict gender inequality mentions. Results that would support my theory include: (1) a strong positive coefficient for social_science, (2) a strong negative coefficient for natural_science, (3) positive coefficients for female_score and asian, and (4) a positive coefficient for paper_inequality_mentions_3_years, even when controlling for publication year.

Second, to test the path-dependence mechanism more directly, I would examine whether increases in paper_inequality_mentions_3_years over time predict increases in gender inequality discussions within the same discipline. This could be implemented using discipline-by-year variation and including year fixed effects. If path dependence holds, years with higher inequality attention in the academic literature should show a higher probability of gender inequality papers, particularly within social sciences.

Third, I would leverage temporal shocks as a quasi-natural experiment by coding post-event indicators using year_of_publication—for example, defining a post-2017 indicator (e.g., after the rise of global gender equality movements). I would then test whether the probability of discussing gender inequality increases after such periods, especially in social science fields. Supporting evidence would include a statistically significant post-period increase, particularly concentrated in social science disciplines.

Together, consistent positive effects for disciplinary context, author demographics, and prior inequality attention—robust to time controls and temporal shifts—would provide empirical support for my revised theoretical explanation.","To test my theory more sharply, it would help to add variables that measure (a) the paper’s topical content beyond simple keywords, (b) the authors’ prior research trajectories and positions, and (c) the institutional and geographic context that may be proxied only imperfectly by current features.

Key additional variables include: (1) journal/venue and subfield codes (e.g., gender studies journal, sociology vs. economics within social science), which would allow tests of whether the “social_science” effect is driven by specific subfields or outlets; support for my theory would be that gender-inequality mentions concentrate in gender-relevant subfields/venues and that the female-score effect shrinks once outlet/subfield is controlled (consistent with selection into venues). (2) author seniority and career stage (e.g., years since PhD, rank, first/last author position), since gender-inequality work may be more common among early-career scholars or in certain authorship roles; supporting results would show systematic differences by seniority and stronger effects when female authors are in lead positions. (3) authors’ prior publication history on gender/inequality topics (e.g., count of past gender-inequality papers, topic-model-based similarity to gender inequality), which would enable a cleaner test of path dependence; supporting evidence would be that prior gender/inequality topic history strongly predicts current gender-inequality discussion even after controlling for discipline and year. (4) country/institution identifiers and gender-equality context measures (e.g., author affiliations, national gender-equality indices or policy changes), which would let us test whether the “Asian share” effect is actually capturing regional or institutional context; support would be that once affiliation region or national gender-equality context is included, the Asian coefficient attenuates and the contextual variables explain the association. (5) funding source and grant-topic indicators (e.g., whether funded by agencies prioritizing equity research), which would test whether external incentives drive publications; supporting results would show higher likelihood of gender-inequality discussion among equity-funded work, especially in social sciences. Together, these added variables would allow stronger causal and mechanism tests by separating discipline effects, selection into outlets, individual research trajectories, and geographic/institutional context.",Theories proposed by GenAI models after reviewing (1) the machine-learning results and (2) the revised theories of human experts who have reviewed the machine-learning results,Theories proposed by human experts after reviewing the machine-learning results,"Thank you — I really appreciate being part of this process.

Overall, the human–AI framework is very strong because it forces a clear sequence: theory first, then ML evidence, then revision. This reduces hindsight bias and mirrors real scientific reasoning. The interaction stage is especially valuable, as it reveals non-intuitive patterns (e.g., ceiling effects) that challenge initial assumptions.

One suggestion would be to more clearly distinguish predictive importance from causal interpretation, and possibly provide information about effect sizes or uncertainty to strengthen interpretation.

Overall, this is an innovative and thoughtful design that meaningfully integrates human reasoning with machine-learning insights.",36,Male,China,United States of America,13,2025,Math,0,,10,Johns Hopkins University
0,Wanteng Ma,"social_science,white,authors_race_diversity_score,country_race_diversity_score,paper_inequality_mentions_3_years",1,,,,,,,,3,4,2,,5,+,,,,,,,,-,+,+,,+,"1. ""social_science"" is an important sign as most of the studied focusing on racial inequality are published in social science journals.
2. ""country_race_divsersity_score"" gives positive impact on the prediction. When the team is from a country with more diverse backgrounds, they may show better awareness of the racial inequality.
3. ""white"" is a negative sign for prediction as the more ratio of white people, the more likely that they focus on other traditional topics rather than racial inequality.
4.  ""author_race_diversity_score"" When the team is more diverse, the authors respect and aware more about the diversity, and thus they tend to work on racial inequality.
5. ""paper_inequality_mentions_3_years"" gives a time feature in the sense that when there is a trend in studying racial inequality, it is more possible that the paper is focused on the racial inquality.","Social science  → (+) More people focusing on racial inequality
Country_race_divsersity_score → (+) diverse cultural backgrounds → (+) racial inequality
White → (+) Traditional topic → (-) racial inequality
Author_race_diversity_score  → (+) team with diversity → (+) racial inequality
Paper_inequality_mentions_3_years → (+) Trend of discussion → (+) racial inequality","num_authors,country_race_diversity_score","num_authors,white","num_authors,authors_race_diversity_score",+,-,+,"1. number of authors x country_race_diversity_score measures the total impact of diverse culture on the team. A higher score leads to a higher possibility of the team working on diversity-related issues.
2. number of authors x white shows the total number of white people in the author team. More white people may give a sign on working on more traditional studies.
3.  number of authors x author_race_diversity_score shows the total racial diversity of the team. A larger and more diversity team may work on topics that is more related to racial inequality","social_science,female,country_race_diversity_score,news_inequality_mentions_3_years,paper_inequality_mentions_3_years",1,,,,2,,,,,,3,5,4,+,,,,+,,,,,,+,+,+,"1. The ""social science"" label is strongly related to gender inequality as most of the researches focusing on gender inequality can be categorized as the social science field.
2. ""female"" label indicates more female authors are involved in the paper. More female authors may lead to more possibility of dicussing discrimination or stereotypes against women.
3.  ""contry_race_diversity_score"" measures the race divesity of the country that the authors belongs to. Higher score leads to higher average social awareness of the general inequality, which brings more focus on gender inequality.
4. News and paper mentioned in recent 3 years are also a positive signal as these suggest more social awareness of gender inequality, and thus it is more possible that the paper is related to gender inequality.","Social Science  → (+) Chance of discussing gender inequality → (+) Gender Inequality
Female → (+) Woman-related Gender Inequality
contry_race_diversity_score   → (+)  Social awareness of inequality   → (+) Gender Inequality
News and paper mentioned in recent 3 years  → (+)  Trend/awareness of studying gender inequality → (+) Gender Inequality","num_authors,female","num_authors,country_race_diversity_score","num_authors,authors_race_diversity_score",+,+,+,"1. Num_author x female reflects total number of female authors, which is a meaningful signal as more female authors may lead to higher possibility of discussing female inequality.
2. Num_author x country_race_diversity_score shows the total diversity background of the author team. It reflects the total awareness of inequality and therefore gender inequality.
3. Num_author x author_race_diversity_score gives a combined measure of team size and diversity. A larger and more diverse team tends to hold gender inequality as a common interest.","The feature 1,3 are reasonable to me. However, I did not anticipate female_score can still be helpful in the racial topic. Also, I thought the ""white"" factor might give strong negative impact on the racial inequaliy. It turns out that the algorithm detect the reverse side: the non-white group gives strong positive impact on the prediction.","1. ""social_science"" is an important sign as most of the studied focusing on racial inequality are published in social science journals.
2 & 3. ""asian"" and ""black"" gives positive impact on the prediction. Since they are non-white groups and may suffer from the racial inequality in western sociality, they are more likely to study the  racial inequality.
4. ""white"" is a negative sign for prediction as the more ratio of white people, the more likely that they focus on other traditional topics rather than racial inequality.
5.  ""author_race_diversity_score"" When the team is more diverse, the authors respect and aware more about the diversity, and thus they tend to work on racial inequality.
","Social science  → (+) More people focusing on racial inequality
Aisan & Black → (+) Suffer from racial inequality → (+)  Study racial inequality
White → (+) Traditional topic → (-) racial inequality
Author_race_diversity_score  → (+) team with diversity → (+) racial inequality
","Still, this is the same case as I mentioned in the previous gender inequality analyses. Due to the selection of dataset, social science is treated as a too important factor, leading to its higher order term also way too impactful than other factors.",I will not modify my theory as the second order term in the regression model is heavily impacted by the first order term itself.,"Consider running a logistic regression with racial inequality label as the response variable. If the mentioned coefficients are statistically significant, then the theory is justified. ","1. Summarize the distribution of author groups for racial inequality papers. If the distribution is highly biased with non-white scholars accounting for  a large majority of the total, then the theory is explained
2. additional analyses on the second order impact is related by isolating too strong factors like ""social science""","My point of view is that the factor 1,2,3,5 is reasonable as there is clear connection between these features and the gender inequality (as I expected)
However, I am surprised that the ""asian"" factor appears as an important feature. It might be important because in asian countries and cultural background, the gender inequality is more severe than western countries, leading to more scholars with asian background to study gender inequality.","1. The ""social science"" label is strongly related to gender inequality as most of the researches focusing on gender inequality can be categorized as the social science field.
2. ""female"" label indicates more female authors are involved in the paper. More female authors may lead to more possibility of dicussing discrimination or stereotypes against women.
3.  ""Asian"" measures how many Asian scholars, where they are more likely to discuss gender-related issue since gender problem is more concerned in Asian countries and cultural background.
4 & 5. ""News"" and ""paper"" mentioned in recent 3 years are also a positive signal as these suggest more social awareness of gender inequality, and thus it is more possible that the paper is related to gender inequality.","Social Science  → (+) Chance of discussing gender inequality → (+) Gender Inequality
Female → (+) Woman-related Gender Inequality
Aisan   → (+) author team with Aisan background   → (+) Gender Inequality
News and paper mentioned in recent 3 years  → (+)  Trend/awareness of studying gender inequality → (+) Gender Inequality","I believe this is simply because the factor ""social_science"" is too strong for the trained classified. When the training data is ""too balanced"" across different fields, the factor ""social_science"" will be a very strong indicator for prediction, leading to all the higher order factors that related to it very important in the regression & classification.","I do not revise my theory since the factors identified by the tree classification algorithm is overfitting to the training sample. If the data is slightly unbalanced and we narrow the scope of training samples, the impact of the factor ""social_science"" will reduce a lot.","Run a logistic regression with the ""gender inequality"" as the response variable, and conduct correlation analysis. if the coefficients of the mentioned variables are significant, we can say that the theory is corroborated.","We may consider: 1. summarizing the distribution of author groups for all the gender inequality paper, and check whether the distribution is significantly biased. If there is certain group that accounts for a large proportion (e.g., aisan group), then the theory of reasoning is justified.
2. To check the evidence of other factors that is weaker than some strong factors (like ""social science"") We can conduct analysis by isolating these strong factors. To isolate the impact of a certain factor, we can run regression conditional on the data where this factor is fixed. Then, more results can be found based on the conditional regression.",Theories proposed by GenAI models after reviewing (1) the machine-learning results and (2) the revised theories of human experts who have reviewed the machine-learning results,Theories proposed by GenAI models after reviewing (1) the machine-learning results and (2) the revised theories of human experts who have reviewed the machine-learning results,"1. Simple regression & classification model tends to overfit strong factors. In this regard, proper regularization or rescaling may lead to better explainable results.

2. the statistical significance of a classifier & regression model does not necessarily means ""reasoning"". To explore reasoning, it might be better to consider causality. By some causal inference approaches (e.g., inverse propensity score), the  causality shown in results can lead to more trustworthy relationship of reasoning ",26,Male,China,United States of America,13,2028,Statistics,,,5,"Department of Statistics and Data Science, The Wharton School, University of Pennsylvania"
0,Zhehang Du,"social_science,natural_science,engineering_and_technology,news_inequality_mentions_3_years,paper_inequality_mentions_3_years",1,3,2,,,,,,,,,4,5,+,-,-,,,,,,,,,+,+,"I ranked social_science first because I believe racial inequality is widely studied in social science research, so the association should be strongly positive. Next, I placed engineering_and_technology and natural_science, since these fields tend to focus more on scientific facts and phenomena and therefore are less likely to explicitly discuss racial inequality (so the relationship may be weaker or negative). I then chose paper_inequality_mentions_3_years because I think research on racial inequality emerges at certain times and gains prominence over time, which should make this a strong positive predictor. Finally, I selected news_inequality_mentions_3_years, since I expect news coverage to follow (lag behind) academic discussion, but still remain strongly correlated. I consider the remaining features too noisy to show a clean or consistent relationship.","Social_science → (+) Likelihood paper discusses racial inequality (Y)

Engineering_and_technology → (–) Likelihood paper discusses racial inequality (Y)

Natural_science → (–) Likelihood paper discusses racial inequality (Y)

Paper_inequality_mentions_3_years → (+) News_inequality_mentions_3_years → (+) Likelihood paper discusses racial inequality (Y)","social_science,paper_inequality_mentions_3_years","social_science,news_inequality_mentions_3_years","news_inequality_mentions_3_years,paper_inequality_mentions_3_years",+,+,+,"I would focus on interactions that combine the strongest first-order factors: social_science × paper_inequality_mentions_3_years and social_science × news_inequality_mentions_3_years (since both variables are strong positive indicators in the first-order setting). I would also include a trend–trend interaction, paper_inequality_mentions_3_years × news_inequality_mentions_3_years. However, this may not be fully accurate, because some feature combinations could be quite rare. As a result, the usefulness of second-order interactions may depend heavily on the modeling approach and the amount of regularization.","social_science,natural_science,engineering_and_technology,news_inequality_mentions_3_years,paper_inequality_mentions_3_years",1,2,3,,,,,,,,,5,4,+,-,-,,,,,,,,,+,+,"I ranked social_science first because I believe gender inequality is widely studied in social science research, so the association should be strongly positive. Next, I placed engineering_and_technology and natural_science, since these fields tend to focus more on scientific facts and phenomena and therefore are less likely to explicitly discuss gender inequality (so the relationship may be weaker or negative). I then chose paper_inequality_mentions_3_years because I think research on gender inequality emerges at certain times and gains prominence over time, which should make this a strong positive predictor. Finally, I selected news_inequality_mentions_3_years, since I expect news coverage to follow (lag behind) academic discussion, but still remain strongly correlated. I consider the remaining features too noisy to show a clean or consistent relationship.","Social_science → (+) Likelihood paper discusses gender inequality (Y)

Engineering_and_technology → (–) Likelihood paper discusses gender inequality (Y)

Natural_science → (–) Likelihood paper discusses gender inequality (Y)

Paper_inequality_mentions_3_years → (+) News_inequality_mentions_3_years → (+) Likelihood paper discusses gender inequality (Y)","social_science,paper_inequality_mentions_3_years","social_science,news_inequality_mentions_3_years","social_science,female",+,+,+,"I would focus on interactions that combine the strongest first-order factors: social_science × paper_inequality_mentions_3_years and social_science × news_inequality_mentions_3_years (since both variables are strong positive indicators in the first-order setting). For the final interaction, I would include social_science × female, since many fields are still male-dominated, and I expect papers with a higher share of female authors to be more likely to discuss gender inequality. However, this may not be fully accurate, because some feature combinations could be quite rare. As a result, the usefulness of second-order interactions may depend heavily on the modeling approach and the amount of regularization.","I expect the definition of “more likely to discuss racial inequality” to mean P(discuss racial inequality | condition). My prediction for social_science matches the ML model, and since social_science, natural_science, and engineering_and_technology are mutually exclusive, the highest probability for one category implies the other two should come after it and be strongly negatively correlated with it. Also, I think P(discuss racial inequality | female, black) should be quite noisy compared to the trend over time, so I placed the time-lagged measures after these. However, in the ML results, female/Black/Asian also appear predictive. In conclusion, the main discrepancy comes from how the model and “more likely” are defined, since P(discuss racial inequality | condition) is different from “top predictive features” identified by Random Forest via the Gini index, with the sign of association estimated by Logistic Regression.","I ranked social_science first because I believe racial inequality is widely studied in social science research, so the association should be strongly positive. Next, I placed engineering_and_technology and natural_science, since these fields tend to focus more on scientific facts and phenomena and therefore are less likely to explicitly discuss racial inequality (so the relationship may be weaker or negative). Then, I selected female, since female authors may be more prevalent in social science fields (i.e., the proportion of female authors in social science may be higher than the proportion of male authors). I also expect minoritized groups, such as Asian and Black authors, to be positively related.","Social_science → (+) higher proportion of female authors compared to other fields → (+) Likelihood paper discusses racial inequality (Y)

Engineering_and_technology → (–) Likelihood paper discusses racial inequality (Y)

Natural_science → (–) Likelihood paper discusses racial inequality (Y)

Asian/Black → (+) greater attention to minority-group representation → (+) Likelihood paper discusses racial inequality (Y)",The top two factors are the same as my prediction. The third is different for the same reason as in the first-order results: I mainly underestimated that the proportion of female authors in social science may be higher than the proportion of male authors.,"I would focus on interactions that combine the strong first-order factors: social_science × paper_inequality_mentions_3_years and social_science × news_inequality_mentions_3_years (since both variables are strong positive indicators in the first-order setting). Finally, I chose social_science × female, since the proportion of female authors in social science may be higher than the proportion of male authors.","For the tests above, I want to focus on the first row, since the other three rows are more straightforward:
Social_science → (+) higher proportion of female authors compared to other fields → (+) Likelihood paper discusses racial inequality (Y).

My main concern is that the “female” signal may arise simply because the share of female authors is higher in social science than in other fields, so the first-order female_score effect may reflect association rather than a causal effect on the likelihood of discussing racial inequality.

The simplest approach is stratification. The idea is: if female only matters because social_science has more women, then within the same field female should not predict Y strongly. I would run the model within social_science papers only. If the effect of female is much smaller within social_science, and similarly close to 0 within other fields, that would support the interpretation that female is mainly a proxy for field composition rather than a causal driver of Y.

Other causal inference methods could also be applied.","My question is that I ranked paper_inequality_mentions_3_years and news_inequality_mentions_3_years as first-order factors, but they only appear as second-order factors in the ML results. So, can we make a simple plot of these two variables against the probability of discussing racial inequality to evaluate how this relationship changes over time? I think this pattern may still hold.","I expect the definition of “more likely to discuss gender inequality” to mean P(discuss gender inequality | condition). My prediction for social_science matches the ML model, and since social_science, natural_science, and engineering_and_technology are mutually exclusive, the highest probability for one category implies the other two should come after it and be strongly negatively correlated with it. Also, I think P(discuss gender inequality | female, black) should be quite noisy compared to the trend over time, so I placed the time-lagged measures after these. However, in the ML results, female/Asian also appear predictive. In conclusion, the main discrepancy comes from how the model and “more likely” are defined, since P(discuss gender inequality | condition) is different from “top predictive features” identified by Random Forest via the Gini index, with the sign of association estimated by Logistic Regression.","I ranked social_science first because I believe gender inequality is widely studied in social science research, so the association should be strongly positive. Next, I placed engineering_and_technology and natural_science, since these fields tend to focus more on scientific facts and phenomena and therefore are less likely to explicitly discuss gender inequality (so the relationship may be weaker or negative). Then, I selected female, since female authors may be more prevalent in social science fields (i.e., the proportion of female authors in social science may be higher than the proportion of male authors). I also expect minoritized groups, such as Asian authors, to be positively related. However, since my prediction for paper_inequality_mentions_3_years in top5 is correct, I expect the features ranked 4–7 to be fairly similar (e.g., news_inequality_mentions_3_years might be ranked 6th or 7th), so I am relatively indifferent about the exact order among 4–7.","Social_science → (+) not only a higher proportion of female authors compared to other fields, but also greater attention to gender inequality among female authors → (+) Likelihood paper discusses gender inequality (Y)

Natural_science → (–) Likelihood paper discusses gender inequality (Y)

Asian → (+) greater attention to minority-group representation → (+) Likelihood paper discusses gender inequality (Y)

Paper_inequality_mentions_3_years → (+) News_inequality_mentions_3_years → (+) Likelihood paper discusses gender inequality (Y)",The results are the same.,"I would focus on interactions that combine the strongest first-order factors: social_science × paper_inequality_mentions_3_years and social_science × news_inequality_mentions_3_years (since both variables are strong positive indicators in the first-order setting). For the final interaction, I would include social_science × female, since many fields are still male-dominated, and I expect papers with a higher share of female authors to be more likely to discuss gender inequality.","In the previous racial inequality section, my main concern was that the “female” signal may arise simply because the share of female authors is higher in social science than in other fields, so the first-order female_score effect may reflect association rather than a causal effect on the likelihood of discussing racial inequality.

However, here I suspect it may be a genuine factor for gender inequality. We can re-do the same evaluation mentioned previously in the racial part to test whether the causal effect holds.","My question is that I ranked paper_inequality_mentions_3_years and news_inequality_mentions_3_years as first-order factors, but only paper_inequality_mentions_3_years appears among the top five factors. So, is news_inequality_mentions_3_years likely to follow shortly after that in the ranking?",Theories proposed by GenAI models after reviewing (1) the machine-learning results and (2) the revised theories of human experts who have reviewed the machine-learning results,Theories proposed by GenAI models after reviewing (1) the machine-learning results and (2) the revised theories of human experts who have reviewed the machine-learning results,"1. About second-order effects: this dataset is already noisy enough that it is hard to quantify the first-order contributions, and considering second-order effects may introduce additional noise and make the results less plausible or convincing. For example, I predicted most of the order-2 effects correctly (social_science × 3_year measures), BUT WE ARE NOT ABLE TO TELL IF THEY ARE TRULY ORDER-2 EFFECTS, OR ONLY A RESULT OF THE MODEL + REGULARIZATION CHOSEN.

For instance, consider a very simple model: y = a x1 + b x2 + c x1 x2, with x ~ N(1,1), and ground truth a = b = 1. If we do linear regression, we would expect to recover a = b = 1 and c = 0. However, if very strong regularization is applied, we may see c > 0 as well. That is, the model may be learning association rather than a true second-order effect; if variables are positively related, interaction terms may be included as “order-2 results” simply due to artifacts of model choice. Therefore, I suggest we better not emphasize second-order results, or at least be very cautious, because we are not sure whether they reflect genuine second-order effects or only positive association learned through an artifact of the chosen model/regularization. For example, if you add L1 regularization, many effects would shrink to 0, including many second-order terms, which may better represent the ground truth.

2. Black researchers are generally much more underrepresented than Asian researchers, but in both results, Asian ranked higher than Black. In theory, I would expect Black authors to care more about racial inequality than Asian authors. This also points to a data imbalance issue: Black authors are likely fewer than Asian authors in the dataset, so the learning algorithm may downweight the importance of Black, even if the “true” relationship is stronger.

Overall, I believe many of these rankings/results are very sensitive to model choice. It would be better to use multiple models (or multiple regularization settings) to report results; otherwise, from a statistician’s perspective, some results may not seem plausible enough.",24,Male,China,United States of America,18,2029,Statistics,0,0,,University of Pennsylvania
0,Chanwoo Park,"social_science,black,authors_race_diversity_score,news_inequality_mentions_3_years,paper_inequality_mentions_3_years",1,,,,,,5,,,4,,3,2,+,,,,,,+,,,+,,+,+,"I expect that papers in the social sciences are more likely to discuss racial inequality because this topic is central to disciplines such as sociology, political science, and social psychology. Therefore, the feature social_science should have the strongest positive effect. I also expect that teams with a higher proportion of Black authors may be more likely to study racial inequality because researchers’ backgrounds and lived experiences can influence their research interests. Similarly, a higher authors_race_diversity_score may increase the probability that racial inequality is studied, as diverse teams may be more attentive to issues related to race and discrimination. In addition, broader social and academic attention to inequality should shape research agendas. When inequality is frequently mentioned in recent academic publications (paper_inequality_mentions_3_years) or in public discourse such as news coverage (news_inequality_mentions_3_years), scholars may be more likely to investigate related topics. For these reasons, I expect all selected features to have positive effects, with social_science being the most important predictor, followed by academic and news trends, and then the demographic composition of the author team.","social_science → (+) Probability that a paper discusses racial inequality

paper_inequality_mentions_3_years → (+) Research attention to inequality → (+) Probability that a paper discusses racial inequality

news_inequality_mentions_3_years → (+) Public attention to inequality → (+) Research attention to inequality → (+) Probability that a paper discusses racial inequality

black → (+) Author interest in racial inequality topics → (+) Probability that a paper discusses racial inequality

authors_race_diversity_score → (+) Sensitivity to racial issues in research teams → (+) Probability that a paper discusses racial inequality","social_science,paper_inequality_mentions_3_years","social_science,news_inequality_mentions_3_years","black,authors_race_diversity_score",+,+,+,"First, when a paper belongs to the social sciences, the effect of recent academic attention to inequality (paper_inequality_mentions_3_years) should become stronger, since social science disciplines are more responsive to ongoing scholarly debates about inequality.

Similarly, the interaction between social_science and news_inequality_mentions_3_years should be positive because social science research often responds to issues that receive increased public and media attention. When inequality becomes a prominent topic in the news, scholars in social science fields are more likely to study and publish work on related topics such as racial inequality. 

Finally, the interaction between the proportion of Black authors and the authors_race_diversity_score is expected","social_science,female,authors_race_diversity_score,news_inequality_mentions_3_years,paper_inequality_mentions_3_years",1,,,,2,,,,,5,,3,4,+,,,,+,,,,,+,,+,+,"Gender inequality is primarily studied in the social sciences, so social_science should have the strongest positive effect. Papers with more female authors may be more likely to study gender inequality. Diverse research teams may also be more attentive to inequality topics. Finally, when inequality receives more attention in recent news and academic publications, scholars are more likely to publish work related to gender inequality.","social_science → (+) Probability that a paper discusses gender inequality

female → (+) Probability that a paper discusses gender inequality

authors_race_diversity_score → (+) Probability that a paper discusses gender inequality

news_inequality_mentions_3_years → (+) Research attention to inequality → (+) Probability that a paper discusses gender inequality

paper_inequality_mentions_3_years → (+) Probability that a paper discusses gender inequality","social_science,female","social_science,paper_inequality_mentions_3_years","female,news_inequality_mentions_3_years",+,+,+,"These interactions are positive because the predictors reinforce each other. Gender inequality research is more common in the social sciences, and this effect is stronger when there are more female authors who may be more interested in gender-related topics. Similarly, when inequality is frequently discussed in recent academic papers, social science research is more likely to address gender inequality. Finally, increased news attention to inequality combined with higher female representation among authors may further increase the likelihood that gender inequality becomes a research topic.
","The ML results are broadly consistent with my expectations that social science papers are more likely to discuss racial inequality. However, I did not expect female_score and country_race_diversity_score to appear among the top predictors. This may reflect that research teams with more female authors or authors from more racially diverse countries may be more attentive to social inequality topics.
",no update -- I think result is understandable but I want to maintain my theory,no update -- I think result is understandable but I want to maintain my theory,"I find the negative interaction between female authorship and social science somewhat surprising. One possible explanation is that female authors may study inequality topics across a broader range of disciplines, so the relationship between female authorship and racial inequality research may be weaker specifically within social science papers.",I remain my theory ,"One way to test my theory is to run a regression where the dependent variable is whether a paper discusses racial inequality, and the main predictors include social_science, black, authors_race_diversity_score, news_inequality_mentions_3_years, and paper_inequality_mentions_3_years.","Additional variables could include the specific discipline of the paper (such as sociology or political science) and the country where the authors’ institutions are located. These variables could be added to a regression model predicting whether a paper discusses racial inequality. If my theory is correct, papers from social science disciplines and from countries where racial inequality is widely discussed should be more likely to focus on racial inequality.",The ML results are largely consistent with my expectations.,"After reviewing the ML results, I do not change my initial theoretical explanation.","After reviewing the ML results, I do not change my initial theoretical explanation.","the negative interaction between female authorship and social science is somewhat interesting. One possible explanation is that female authors study gender inequality across many disciplines, not only in the social sciences, which could reduce the marginal effect of female authorship specifically within social science papers.","My main expectation remains that social science papers are more likely to discuss gender inequality, and that this relationship becomes stronger when inequality receives more attention in academic publications or the news",run a regression where the dependent variable is whether a paper discusses gender inequality. ,"Additional variables could include the specific discipline of the paper (such as sociology, political science, or gender studies) and the country where the authors’ institutions are located.",Theories proposed by GenAI models after reviewing (1) the machine-learning results and (2) the revised theories of human experts who have reviewed the machine-learning results,Theories proposed by GenAI models after reviewing (1) the machine-learning results and (2) the revised theories of human experts who have reviewed the machine-learning results,"This study is a very interesting example of human–AI collaboration in theory generation. Combining human intuition with machine learning patterns and GenAI reasoning may lead to stronger and more creative theoretical insights than either humans or AI alone.
",28,Male,South Korea,United States of America,10,2026, computer science,0,,3,MIT EECS
0,Linnea Gandhi,"social_science,female,black,news_inequality_mentions_3_years,paper_inequality_mentions_3_years",1,,,,4,,3,,,,,2,5,+,,,,+,,+,,,,,+,+,"My theory is that first and foremost, articles on inequality are published in social science journals. That's just a base rate -- the topic of social science journals are social topics, and diversity / racial inequality is more a a social topic than anything else. The mechanism here isn't anything psychological but statistical so I am not including a mediator.

Second, inequality being part of the ""zeitgeist"" (via news articles) will increase its salience and permissibility/popularity (i.e., it is ""OK"" to write about) in the minds of all researchers -- much like ""AI"" is all over the news these days. Trends in publications follow trends in what is important in society (e.g., intros and discussion sections usually refer to these, researchers get ideas from everyday life, etc.).

Third, I believe that one's own racial identity may motivate one to research in equality, partly due to a salience argument (as above - if you experience it in your everyday life, you will have more inspiration to research it and tackle it) and partly due to motivation (you likely want to help reduce it for future generations, your kids, your family, your friends, etc.). I have a lay intuition that personal motivation may appear higher for people who identify as Black and Asian, because a larger percentage of published research comes from the US, UK, and China. Since I could only list five factors though, I chose to focus on Black as it seems that is a more dominant racial identity studied in the literature (at least based on my narrow reading/memory of it). I also didn't include Hispanic/Other merely from a statistical prevalence and time standpoint. While that ethnicity surely has faced terrible discrimination recently under the Trump administration with deportations, any motivational or salience mechanism won't appear in the published literature until maybe late 2026 or 2027, which is later than this survey. Further, that population is smaller so it may not have enough power to get picked up on in models.

Fourth, I included Female partly due to my own ""sampling"". I have no idea if this is true in the population, but it seems that people studying diversity of any kind in my network tend to be female. Sometimes they study gender diversity but often they also study racial diversity. I think the mechanism is actually quite similar to race though: Women may feel more discriminated against (Salience) and want to change that (Motivation) including for social categories not their own (Prosocial).

Finally, I ranked publication prevalence lower than news prevalence because my hunch is the former lags behind the latter -- i.e., researchers' interests are inspired by the news more than the news is inspired by researchers' interests. That said, once a theme becomes popular in publications, it does tend to create a trend (e.g., how we talk about in every job market cycle there are ""hot"" topics - diversity was ""hot"" a few years ago, AI is hot now). So it does have influence - just lagged and less so than the news, I think. Here I think the mediator is salience, permissibility / popularity, and motivation (ie if past articles were published on this future articles like mine will be too).

In terms of interaction effects, I believe that news and publication trends will heighten the mechanisms with one's own race (or gender). I.e., in a causal diagram, and arrow would flow from each (news, publication) to the arrow between race (black) or gender (female) to the Y variable. ","Main effects:
Social science journal (X1) → (+) A paper discusses racial inequality (Y)

Past news articles on racial inequality (X2) → (+) Salience (mediator) → (+) A paper discusses racial inequality (Y)
Past news articles on racial inequality (X2) → (+) Permissibility / Popularity (mediator) → (+) A paper discusses racial inequality (Y)

Past publications on racial inequality (X3) → (+) Salience (mediator) → (+) A paper discusses racial inequality (Y)
Past publications on racial inequality (X3) → (+) Permissibility / Popularity (mediator) → (+) A paper discusses racial inequality (Y)
Past publications on racial inequality (X3) → (+) Motivation (mediator) → (+) A paper discusses racial inequality (Y)

Higher percent of authors identifying as Black (X4) → (+) Salience (mediator) → (+) A paper discusses racial inequality (Y)
Higher percent of authors identifying as Black (X4) →  (+) Motivation (mediator) → (+) A paper discusses racial inequality (Y)

Higher percent of authors identifying as Female (X5) → (+) Salience (mediator) → (+) A paper discusses racial inequality (Y)
Higher percent of authors identifying as Female  (X5) →  (+) Motivation (mediator) → (+) A paper discusses racial inequality (Y)
Higher percent of authors identifying as Female  (X5) →  (+) Prosociality (mediator) → (+) A paper discusses racial inequality (Y)

Interaction effects:
Past news articles on racial inequality (X2) →  (+) The arrow between Black (X4) and Salience (mediator)
Past news articles on racial inequality (X2) →  (+) The arrow between Female (X5) and Salience (mediator)
Past news articles on racial inequality (X2) →  (+) The arrow between Black (X4) and Motivation (mediator)
Past news articles on racial inequality (X2) →  (+) The arrow between Female (X5) and Motivation (mediator)

Past publications on racial inequality (X3) →  (+) The arrow between Black (X4) and Salience (mediator)
Past publications on racial inequality (X3) →  (+) The arrow between Female (X5) and Salience (mediator)
Past publications on racial inequality (X3) →  (+) The arrow between Black (X4) and Motivation (mediator)
Past publications on racial inequality (X3) →  (+) The arrow between Female (X5) and Motivation (mediator)","news_inequality_mentions_3_years,paper_inequality_mentions_3_years","black,paper_inequality_mentions_3_years","female,paper_inequality_mentions_3_years",+,+,+,"I'm less certain here, but I thought publication lag would be incredibly important merely because of the utilitarian aspect of research. If we can't get published, we can't get jobs / tenure. Therefore it is smart to publish on something that you KNOW can probably get published, based on current trends. (I also don't believe the literature on diversity is anywhere near saturated, so in this causal model I don't take into account a backward slide because there are ""too many"" diversity pubs.) That said, I may be too bullish since the recent administration is negative on diversity; I'm influenced again here by local stories in my network, where researchers are pursuing diversity irrespective of the current administration's preferences.

I interacted it with black and female -- the personal characteristics I identified as main effects. I think just because people are publishing on diversity doesn't make just anyone start publishing on it -- it is a pretty personal topic, either to oneself or one's beliefs, so I think it would interact especially with one's own identity.

I also interacted the two time trends together. I don't think they are fully independent, but I believe that news would impact pubs and moderate (inflate) its effect.

I noted all of these as positive interactions. (Interestingly - I am meta-noticing right now that what came easiest to mind for me were positive main effects and positive interactions; I wonder if that is just the way minds work!)","social_science,female,white,news_inequality_mentions_3_years,paper_inequality_mentions_3_years",1,,,,2,,,,4,,,3,5,+,,,,+,,,,+,,,+,+,"My theory will be quite similar to my theory for racial inequality.

First, these types of topics are social science topics so will be more likely to be published in a social science journal. Main effect with no mechanism really, besides base rates.

Second, I think as with race one's own gender plays a role here. I ranked this higher than zeitgeist because of my lay belief that talking about gender inequality is a more 'open' or common discussion than racial inequality. So identifying as a woman yourself, and having that lived experience, persists beyond news trends (more than it does from identifying as black yourself). Also, a base rate argument: especially in social science it is more likely to be a woman than to be black. So if lived experience influences you to research inequality (Salience, Motivation) then it will motivate a larger proportion of individuals, and more people on the paper are likely to be women. Relatedly, if you're a senior female researcher researching gender inequality, you probably try to raise up other female researchers and would have them on the paper. (No doubt this happens for race as well, but there is a far smaller pool to draw on, so I didn't include it as a main effect for racial inequality). I'll call this mechanism ""Talent Availability"".

Third, I rated white as higher. This is mostly my lay theory that if you are of a minority ethnicity, that minority ethnicity might be more salient to you than your gender identification, if you're going to use one or the other to motivate what you study. So white women may be more likely to research gender inequality than Black or Asian women, for instance. The mechanism therefore is something like crowding out, or ""absence"" of other motivation. I'll call this ""Non-Competing Motivation"".

Fourth, as with my other theory on racial inequality, I believe that what we research and write on is impacted by news trends, or the ""zeitgeist"" in the world. It makes topics more top of mind (Salience) and OK or even attractive to write about (Permissibility / Popularity).

Fifth, again as with my theory on racial inequality, I believe that what is popular to research becomes a trend that we can jump on - via salience, permissibility / popularity, and motivation. Motivation being that if it already got published, it will be more likely to get published again -- there is reviewer/editor appetite for it. But again I think it is less important that the news as an influence.

In terms of interactions, I believe past news articles and past publications will increase the relationship between Female and Salience, Female and Motivation.
","Main effects:
Social science journal (X1) → (+) A paper discusses gender inequality (Y)

Higher percent of authors identifying as female (X2) → (+) Salience (mediator) → (+) A paper discusses gender inequality (Y)
Higher percent of authors identifying as female (X2) → (+) Motivation (mediator) → (+) A paper discusses gender inequality (Y)
Higher percent of authors identifying as female (X2) → (+) Talent availability (mediator) → (+) A paper discusses gender inequality (Y)

Higher percent of authors identifying as white (X3) → (+) Non competing motivation (mediator) → (+) A paper discusses gender inequality (Y)

Past news articles on gender inequality (X4) → (+) Salience (mediator) → (+) A paper discusses gender inequality (Y)
Past news articles on gender inequality (X4) → (+) Permissibility / popularity (mediator) → (+) A paper discusses gender inequality (Y)

Past publications on gender inequality (X5) → (+) Salience (mediator) → (+) A paper discusses gender inequality (Y)
Past publications on gender inequality (X5) → (+) Permissibility / popularity (mediator) → (+) A paper discusses gender inequality (Y)
Past publications on gender inequality (X5) → (+) Motivation (mediator) → (+) A paper discusses gender inequality (Y)

Interaction effects:
Past news articles on gender inequality (X4) → (+) The arrow between Female (X2) and Salience (mediator)
Past news articles on gender inequality (X4) → (+) The arrow between Female (X2) and Motivation (mediator)

Past publications on gender inequality (X5) → (+) The arrow between Female (X2) and Salience (mediator)
Past publications on gender inequality (X5) → (+) The arrow between Female (X2) and Motivation (mediator)","female,paper_inequality_mentions_3_years","female,white","news_inequality_mentions_3_years,paper_inequality_mentions_3_years",+,+,+,"I followed a similar logic as to my racial two-way interactions.

If something is getting published more often - gender inequality papers - then we will surely focus on it as researchers. We need publications to get jobs and tenure, so my hunch is that publication trends really can moderate (positively) what we research. If we already have a predilection to research something based on our personal identity (a white female - ie with no competing identify motivations) then yes, we're probably going to do it MORE if we see editors and reviewers and conferences viewing it positively.

I interacted white and female for the same reason as my main effects. If you are a white female, you likely have fewer competing identity topics that may drive you to research another type of inequality.

And finally I am guessing that if something is popular in the news historically AND publications historically, that will create a virtuous cycle making researchers study it more going forward.

They all take positive signs -- i.e., these all boost the probability that gender inequality will be in the title of the research.","Interesting! I am partly surprised. 

On personal characteristics, I missed on Asian but only because I could select 5 items -- it would have been the next item I picked. 

I am surprised by is country-race diversity score; perhaps it is because if you were born in a country that is diverse but then work as a researcher in a less diverse country, inequality becomes more salient to you.

I am surprised that news and publication trends don't influence anything.","Overall - why wouldn't I update? You've provided far more empirical evidence than my belief set. I'd be shocked if no one updated.

My theory is that first and foremost, articles on inequality are published in social science journals. That's just a base rate -- the topic of social science journals are social topics, and diversity / racial inequality is more a a social topic than anything else. The mechanism here isn't anything psychological but statistical so I am not including a mediator. [this remains the same as before]

Second, I believe that one's own racial identity may motivate one to research in equality, partly due to a salience argument (as above - if you experience it in your everyday life, you will have more inspiration to research it and tackle it) and partly due to motivation (you likely want to help reduce it for future generations, your kids, your family, your friends, etc.). I have a lay intuition that personal motivation may appear higher for people who identify as Black and Asian, because a larger percentage of published research comes from the US, UK, and China. I will update now to focus on both Black and Asian, not just Black, given the evidence from ML.

Third, I included Female partly due to my own ""sampling"" -- I will continue to include it now because of the ML evidence. It seems that people studying diversity of any kind in my network tend to be female. Sometimes they study gender diversity but often they also study racial diversity. I think the mechanism is actually quite similar to race though: Women may feel more discriminated against (Salience) and want to change that (Motivation) including for social categories not their own (Prosocial).

Fourth and finally, I will include the diversity of the country in which an author was born. This is very much influenced by the ML. The theory I could come up with is that being born in a diverse region does not mean you live in one now; perhaps the US (where much research is done) is less diverse, and that makes inequality more salient. Conversely, if the US is considered diverse in this sample, then I suppose it means that inequalities are more salient; i.e., if we have a lot of people with a lot of racial ethnicities, shouldn't they all be treated equally? If we were homogenous, then inequalities wouldn't really matter or stand out. So the mechanism would be ""Salience"" again, as well as ""Values"" likely (ie if I grew up in a diverse country I should value diversity and dislike inequality).","Main effects:
Social science journal (X1) → (+) A paper discusses racial inequality (Y)

An author identifies as Asian (X2) → (+) Salience (mediator) → (+) A paper discusses racial inequality (Y)
An author identifies as Asian (X2) →  (+) Motivation (mediator) → (+) A paper discusses racial inequality (Y)

An author identifies as Black (X3) → (+) Salience (mediator) → (+) A paper discusses racial inequality (Y)
An author identifies as Black (X3) →  (+) Motivation (mediator) → (+) A paper discusses racial inequality (Y)

An author identifies as Female (X4) → (+) Salience (mediator) → (+) A paper discusses racial inequality (Y)
An author identifies as Female  (X4) →  (+) Motivation (mediator) → (+) A paper discusses racial inequality (Y)
An author identifies as Female  (X4) →  (+) Prosociality (mediator) → (+) A paper discusses racial inequality (Y)

Diversity of country born in (X5) →  (+) Salience (mediator) → (+) A paper discusses racial inequality (Y)
Diversity of country born in (X5) →  (+) Values (mediator) → (+) A paper discusses racial inequality (Y)","I am not surprised that news and publication trends created second order interactions. But I didn't think of it applying to social science; I applied it to individual mechanisms. But in hindsight this makes more sense. These influences would be more likely to happen in social science -- and per base rates probably more likely to get picked up in the model. 

I had also not interacted female with social science and certainly didn't think it would be negative. (Negative main or interaction effects didn't even arise for me!) That is really surprising. I thought social science would just swamp everything; as well as female. ","I'm less certain here, but I thought publication lag would be incredibly important merely because of the utilitarian aspect of research. If we can't get published, we can't get jobs / tenure. Therefore it is smart to publish on something that you KNOW can probably get published, based on current trends. (I also don't believe the literature on diversity is anywhere near saturated, so in this causal model I don't take into account a backward slide because there are ""too many"" diversity pubs.) That said, I may be too bullish since the recent administration is negative on diversity; I'm influenced again here by local stories in my network, where researchers are pursuing diversity irrespective of the current administration's preferences.

I now update to interact it with social science journals/pubs -- it's going to have more influence on that giant main effect than on smaller personal level identity mechanisms. (I bet it influences those as well, but they're not in the top set of interactions due to prevalence reducing power.)

I want to include the female x social science negative interaction here, from the ML, but I have only weak hunches of the explanatory theory. Perhaps females notice racial inequality more in non-social science fields? Or perhaps there are more females in social science, so when you write about inequality it is only one of many topics you write about; versus when you are a female in a non social science, inequality is a more dominant topic for you.","I am interested in testing the revision to my theory, since that is what I personally found most surprising. 

To test it further, I'd first want to run qualitative interviews of researchers from varying countries (or at least a longer survey) to understand the mechanism(s) better. I'd survey researchers from varied countries, some who study racial inequality and some who do not. I'd try to sample from social science and other areas, as well as across gender and race so those don't dominate my results. I would look for mentions of ""values"" and ""top of mind/salience"" as explaining what researchers study; for those studying racial inequality, I would expect this rate to be higher if they also are from a more diverse country.

Now, that doesn't use your empirical data or features. Using your empirical data or features, the mechanisms I identified would be much harder to evaluate. We could at least look at the R^2 of a model where we fit it to JUST the features in my proposed theory. 
Y~female + asian + black + country_diversity + social science
And we could see how much of the variability that explains. Even better, use that model in a train/test fashion and look at R^2 OOS (which will be lower but more honest). We could compare the focal model (above) to all other possible models in a multiverse analysis, reporting all of them and seeing what has the best R^2 OOS or AUC (assuming this is classification). If my simple model were ""best"" it would have stronger results (you can use Hawinkel et al 2024 to get R^2 OOS SE to do a null hypothesis test here).","This would be the qualitative survey I mentioned. I really think to get at mechanism you need to actually talk with researchers -- similar to Jackson Lu's mixed methods research.

If you had to do it via only non-survey work: I would look at the dissertation topics of researchers, as that might demonstrate a starting interest in inequality that persists (i.e., an individual level salience or motivation argument). I would also tag the research they've done to see what countries the datasets represent -- are they focusing on countries similar to where they grew up? That might indicate that diverse countries have greater inequality to point out and/or breed values of fighting against inequality. If you threw those in your ML model, and they get picked up -- rather than the country diversity getting picked up -- then you have some early evidence of the mechanism.","I'm not super surprised, this mostly matches my theory.

I hadn't had asian though - that was new.

And I hadn't had natural-science -- but my guess is that is just the inverse of social science, which I did have as a main effect.

I'm again surprised that news doesn't play a role - but I suppose then that publications are just far more dominant an influence that the news.","First, these types of topics are social science topics so will be more likely to be published in a social science journal. Main effect with no mechanism really, besides base rates.

Relatedly, natural sciences will be LESS likely to publish anything on gender inequality. Why? Perhaps they just don't study that much inequality overall. (Whereas biological sciences might study gender inequality in terms of biological differences between genders.)

Second, I think as with race one's own gender plays a role here. I ranked this higher than zeitgeist because of my lay belief that talking about gender inequality is a more 'open' or common discussion than racial inequality. So identifying as a woman yourself, and having that lived experience, persists beyond news trends (more than it does from identifying as black yourself). Also, a base rate argument: especially in social science it is more likely to be a woman than to be black. So if lived experience influences you to research inequality (Salience, Motivation) then it will motivate a larger proportion of individuals, and more people on the paper are likely to be women. Relatedly, if you're a senior female researcher researching gender inequality, you probably try to raise up other female researchers and would have them on the paper. (No doubt this happens for race as well, but there is a far smaller pool to draw on, so I didn't include it as a main effect for racial inequality). I'll call this mechanism ""Talent Availability"".

Third, being of Asian nationality might bring up gender inequality top-of-mind more. The ML model suggests that. Why? Perhaps there are more gender distinctions felt in Asian societies / cultures, so inequality is more top of mind / salient.

Fourth, I believe that what is popular to research becomes a trend that we can jump on - via salience, permissibility / popularity, and motivation. Motivation being that if it already got published, it will be more likely to get published again -- there is reviewer/editor appetite for it. But again I think it is less important that the news as an influence.
","Social science journal (X1) → (+) A paper discusses gender inequality (Y)

Natural science journal (X2) → (-) A paper discusses gender inequality (Y)

An author identifies as Female (X3) → (+) Salience (mediator) → (+) A paper discusses gender inequality (Y)
An author identifies as Female  (X3) →  (+) Motivation (mediator) → (+) A paper discusses gender inequality (Y)
An author identifies as Female  (X3) →  (+) Talent Availability (mediator) → (+) A paper discusses gender inequality (Y)

An author identifies as Asian (X4) → (+) Salience (mediator) → (+) A paper discusses gender inequality (Y)
An author identifies as Asian (X4) →  (+) Motivation (mediator) → (+) A paper discusses gender inequality (Y)

Past publications on gender inequality (X5) → (+) A paper discusses gender inequality (Y)","I again predicted rightly that news and publications would interact -- I simply interacted them with individual level characteristics rather than social science, which is the dominant main effect. So in hindsight this update makes sense to me.

I am again surprised to see the negative interaction between female and social science, but perhaps the same explanation persists: women study a variety of topics when they are in social science, so inequality doesn't stand out. When in a different science - natural, biological - a greater share of their work is on inequality. The top of mind nature of inequality is MORE top of mind there.","If something is getting published more often - gender inequality papers - then we will surely focus on it as researchers. We need publications to get jobs and tenure, so my hunch is that publication trends really can moderate (positively) what we research. This means that if in social science people tend to already study inequality, this will even more so be the case when we have past evidence that it will get published by journals.

The same logic is true for news trends on inequality and social science. If inequality is more top of mind for the world, then it will be more top of mind for researchers where studying inequality is a more viable topic (social science, versus natural or other sciences).

There is a negative interaction between women * social science due to a dilution effect. There are many topics that women are interested in studying; they are more likely to be interested in inequality than not; and this interest stands out more in natural science or biological science than in social science. Why? If you are inclined to study prosocial, or social justice topics, there are a lot you can touch on in social science; perhaps fewer in the other sciences; so if you are inclined this way and not in social science, gender inequality is a more popular topic for you.","As with race, I'd prefer a qualitative test next, such as a survey or interview. 
I'd also focus on the part that surprises me most - the negative interaction between women x social science.

Using the data available, I'd use the time-based me-too movement (2017). I'd look at 2018-2019-2020 as the time when gender is more likely to be mentioned in the news and possibly researched. It will be top of mind for everyone now -- across domains -- so I'd look to see if for female researchers, it creates an outsized spike in non-social science papers more than social science papers. Ie we studied gender inequality before in social science; perhaps during this period we spike to study it more outside of it too -- and driven by female researchers in particular. This is a weak test though because it is confounded with time! ","I would love to see dissertation topics of researchers to see whether gender inequality persists as a topic of interest more in non-social science than in social science fields, for female researchers. I'd also look for network effects -- if my mentor studies inequality do I also study it, especially if I am in natural sciences or biological sciences more than social sciences? I'd throw these variables into your ML model and see if they reduce the importance of the interaction between female x social science.",Theories proposed by GenAI models after reviewing (1) the machine-learning results and (2) the revised theories of human experts who have reviewed the machine-learning results,Theories proposed by GenAI models after reviewing the machine-learning results,"To be honest, I really liked this idea but lots steam as you asked me to propose new tests. I had already spent 2 hours on this, and to actually come up with strong ideas for testing given the constraints of the data was REALLY hard -- its something that would take me hours, not minutes. So I don't love the ideas I posted; and I really would have just proposed qualitative research first. This partly motivates my response here about GenAi -- I think it will do best when revising itself post seeing the data -- and not when seeing our revised theories or tests because it won't lose steam, while we humans do!  Best of luck with the research.",41,Female,United States of America,United States of America,41,2026,Psychology and ML,0,0,3,The Wharton School at The University of Pennsylvania
0,Xiaomeng Wang,"social_science,natural_science,engineering_and_technology,num_authors,white",1,2,3,5,,,,,4,,,,,+,-,-,-,,,,,-,,,,,"The first three features are same reason as the gender one. Social science should be strong positive predictor and the other two categories should be strong negative predictor since racial inequality papers should be almost all from the social science categories and not the other two. num_authors also the same logic as before, I believe these papers have very few authors. A large number of authors should be negatively correlated with the racial inequality. The last feature, white, is because I assumed that white people are less involved in racial inequality research. ","white →(-) social science →(+) racial inequality paper
natural science →(-) racial inequality 
engineering and technology →(-) racial inequality
social science/natural science/ engineering and technology → (-/+/+)num_authors(-/+/+)→ racial inequality","social_science,white","social_science,black","social_science,asian",-,+,+,"I feel like people from these race alone have less of an effect on racial inequality prediction, but these population in social science field might be a much stronger predictor. I believe white people are less interested in racial inequality research whereas the other two groups, black and asian might be more interested.","social_science,natural_science,engineering_and_technology,num_authors,female",1,2,3,5,4,,,,,,,,,+,-,-,-,+,,,,,,,,,"I feel like almost all of these papers will be from social science category, so that correlation should be very close to 1. For natural_science and engineering_and_technology, we should probably see a close to -1 correlation. Basically those papers are strong predictors for not gender inequality related. Then for the rest of the features, I feel like woman might be more interested in researching about gender inequality so I would assume a higher female author percentage will be somewhat positively correlated with gender inequality. For num_authors, this might be related to how these research are done. I assumed social science papers have less authors compared to natural science or especially computer science papers. So I feel like this is related to the paper category and therefore should have a negative correlation. For example, if I see a paper with 100 authors, then it's very likely a CS paper and very unlikely a gender inequality paper. ","female →(+) social science →(+) gender inequality paper
natural science →(-) gender inequality 
engineering and technology →(-) gender inequality
social science/natural science/ engineering and technology → (-/+/+)num_authors(-/+/+)→gender inequality","social_science,female","social_science,authors_race_diversity_score","social_science,country_race_diversity_score",+,+,+,"I think the effect of female along is probably not very strong since we have a lot of female researchers in all kinds of fields, but when combining with social_science, there should be extra effect since this is a particular population that I assume is very interested in gender inequality research. As for the other two, I don't think their effects are that strong, but given that there are a lot of correlation between the features I believe these might be the only ones that have second order effects. The reasoning is the same with female and social science, I think authors who are more racially diverse might be more interested in gender inequality research but I believe these two effects are very minimal.",I am surprised that the other two paper category did not make it to the list. I don't really know why that is the case. I doubt natural science papers and engineering papers could be frequently related to racial inequality.,The first three features are same reason as the gender one. Social science should be strong positive predictor and the other two categories should be strong negative predictor since racial inequality papers should be almost all from the social science categories and not the other two. Female might be more interested in inequality research in general. country_race_diversity is likely positive related to racial inequality research since people from multi-racial backgrounds might be more interested in racial inequality research.,"social science →(+) racial inequality paper
natural science →(-) racial inequality 
engineering and technology →(-) racial inequality
Female → (+) → racial inequality
country_race_diversity→ (+) → racial inequality",I'm surprised by the female*social_science effect being negative again. My guess is that their individual effects are both too strong.,Social science * paper_inequality_mentions_3_years and Social science * news_inequality_mentions_3_years are the strongest positive second-order interactions. Then female* social_science has a negative interaction effect.,"Again, assuming there's a separate test set, I will run a logistic regression to test those effects. Significant coefficients will support the theory. ","Same thing as gender one, add publication year and maybe race of first author to the regression. If the coefficients of the variables in interest are still significant then that support the theory.",I am surprised that asian is a big factor because I did not expect any racial group will be more or less likely to be involved in gender inequality research. I am also surprised that engineering_and_technology is not on this list since it should be a strong negative predictor.,"I will keep my theory for the first 4 features, I will modify the last from num_authors to paper_inequality_mentions_3_years. 

Full version:

I feel like almost all of these papers will be from social science category, so that correlation should be very close to 1. For natural_science and engineering_and_technology, we should probably see a close to -1 correlation. Basically those papers are strong predictors for not gender inequality related. Then for the rest of the features, I feel like woman might be more interested in researching about gender inequality so I would assume a higher female author percentage will be somewhat positively correlated with gender inequality. For paper_inequality_mentions_3_years, a higher percentage means a paper is more likely to be related to inequality regardless of other features.","female →(+) social science →(+) gender inequality paper
natural science →(-) gender inequality 
engineering and technology →(-) gender inequality
paper_inequality_mentions_3_years→ (+)→gender inequality","I'm surprised that female*social_science effect is negative, maybe their individual effects are too strong already, ","I will change my theory to social science * paper_inequality_last_3_years and  social science * news_inequality_last_3_years being the two top interaction terms. And female * social_science being the third. I believe all of these interaction terms are positive. However, I still believe these interaction effects are minimal.","Assuming you didn't use all of the data to do the ML analysis, I could use the rest of the data as test set to run a logistic regression study to test whether those effects are significant. If the betas for those terms are significant then they support my study. ","Including publication year, gender of first author in the regression. Expected result would be after adding these variables, the regression result for the features in question are still significant.  ",Theories proposed by GenAI models after reviewing (1) the machine-learning results and (2) the revised theories of human experts who have reviewed the machine-learning results,Theories proposed by GenAI models after reviewing the machine-learning results,"I hope more detailed is shared on how the ML evidence are obtained, like how big of a sample size was used to train the model (essentially I feel like I don't know how reliable or robust these ML evidence provided are so I don't know how much I should trust them) and whether there is a test set left to do further empirical analysis. ",26,Female,China,United States of America,20,2027,Statistics,,,10,"University of Pennsylvania, (the Wharton School), Department of Statistics and Data Science"
0,Nicolas Martinet,"social_science,black,hispanic_and_other,authors_race_diversity_score,country_race_diversity_score",1,,,,,,4,3,,2,5,,,+,,,,,,+,+,,+,+,,,"I believe that a paper on racial inequality will most likely be published in the field of social sciences. I also believe it is more likely to come from countries where this is a popular topic of discussion, particularly countries with high racial diversity. Additionally, I think that authors publishing on this topic are more likely to be from ethnic minority groups in the countries where they live, typically Black or Latino scholars, especially in the United States.
","Social Science -> (+) author race diversity -> (+) black
                                   author race diversity -> (+) hispanic
black (+) -> author country diversity
hispanic (+) -> author country diversity","black,authors_race_diversity_score","hispanic_and_other,authors_race_diversity_score","social_science,authors_race_diversity_score",+,+,+,"I believe that having diversity in general is not sufficient, because diversity alone does not necessarily mean representation of the groups most affected by racial inequality. For example, a department could include White and Asian (typically engineering) scholars and still be considered diverse. However, I have the feeling that most social science departments that conduct research on racial inequality are more likely to include Black and Hispanic scholars as well.

Additionally, diversity may exist in some laboratories or departments, but they might be working in completely different fields. For example, diversity could be present in natural science departments where researchers often come from a variety of ethnic backgrounds. Therefore, when studying research on racial inequality, it is important to control for whether the diversity is specifically within social science fields.
","social_science,female,authors_race_diversity_score,country_race_diversity_score,paper_inequality_mentions_3_years",1,,,,2,,,,,3,4,,5,+,,,,+,,,,,+,+,,+,"I believe most articles about gender inequality are in the field of social science. I also believe that authors from countries with higher diversity are more likely to be aware of issues related to gender inequality.
I believe that an increase in mentions of inequality in scientific articles indicates a trend in publishing in this area, meaning that articles published during that time are more likely to focus on gender inequality. Additionally, female scientists may be more likely than male scientists to conduct research on gender inequality. Teams with higher diversity may also be more common in social science labs.","Social Science -> (+) Author race diversity 
Social Science -> (+) Author country diversity 
Social Science -> (+) female 
female -> (+) Paper inequality mention
Paper inequality mention -> (+) female","female,authors_race_diversity_score","natural_science,authors_race_diversity_score","social_science,female",+,+,+,"Using the proportion of female authors alone may be a poor indicator because some fields, such as education and health sciences, may have more female researchers but are not necessarily related to gender inequality. Therefore, the interaction between female representation and author diversity may be more likely to predict publications related to gender inequality.
Similarly, the interaction between social science and female representation may also be important, since most fields within the social sciences are not necessarily focused on gender inequality.","I am not very surprised by the effects of social science, country race diversity, and female score. However, I would have expected female score to have a smaller impact. It may be that female researchers are more interested, or more likely to be interested, in the field of racial inequality. The positive association with Black authors also makes sense. I was more expecting Hispanic authors to appear as a strong signal, but the result for Asian authors is also understandable.","I think that papers discussing racial inequality will almost always be in the field of social science. They are also more likely to be written by female authors, which suggests that female researchers may be more likely than their male counterparts to conduct research on racial inequality. Additionally, factors related to the race of co-authors appear to be more important here than in the case of gender inequality. In particular, the most influential signals seem to be associated with Asian and Black authors, who provide strong indicators.","social science -> (+) country race diversity
country race diversity -> (+) Asian
country race diversity -> (+) Black
social science -> (+) female
social science -> (+) black
country race diversity -> (+) social science","We obtain results similar to those found for gender inequality. The interaction between social science and inequality mentioned in either papers or news has a positive impact, which is not surprising. The interaction between female authorship and social science has a negative impact, which is somewhat more surprising. However, this can be explained by the fact that the model already includes female authorship and social science as separate variables. As a result, the interaction term may have a smaller effect, and in this case the estimated effect is negative.","I believe that when articles focus more on social science and when inequality is discussed more frequently in either academic papers or news, they are more likely to address racial inequality. An increase in attention to inequality whether in the news or in scientific publications is most noticeable within the field of social science. Therefore, it makes sense that both interaction terms are positively correlated.

The interaction between female authorship and social science is more difficult to interpret. It is negatively correlated, which may be due to the fact that the first-order terms female authorship and social science are already positively correlated with racial inequality. As a result, when the interaction term is included in the model, its estimated effect becomes negative.","It might also be useful to include information about the authors’ previous publications, as well as the journal in which the article was published. And also university and country affiliation","Author history, Affiliation and institution, Publication venue, references","I was surprised by the positive correlation with Asian because I did not expect Asian to be correlated with gender inequality. I also see that natural science is negatively correlated, which makes complete sense. However, in the first part, I forgot to consider the negative correlation and focused too much on the positive interaction with social science. In the same way as with social science, it also makes sense that natural science is negatively correlated with gender inequality. In addition, the female score makes sense, and the number of papers mentioning inequality in the last three years also makes sense because it indicates that it is a trending topic.","The strongest indicator is that the paper will be about social science, because gender inequality is primarily discussed within the field of social science. Female score could also be strongly positively correlated, since female scientists and co-authors may consider this issue more important than their male counterparts. Therefore, scientists studying this topic are more likely to be female. In contrast, there is a negative correlation with natural science, because natural science typically does not focus on topics like gender inequality. There is also a positive correlation with Asian authors, although I cannot explain this relationship. Finally, the mention of gender inequality in papers from the last three years makes sense, since it has been a trending topic. This suggests that the paper is situated within the context of research from the past three years.","Social Science -> (+) female score
Social Science -> (-) Natural Science
Social Science -> (+) paper inequality in the last three year
paper inequality in the last three year -> (+) female score
paper inequality in the last three year -> (+) paper inequality in the last three year","For the first two interactions, the results are not very surprising: social science with paper inequality and social science with news inequality. These relationships are fairly expected. I am a bit surprised by the impact of news inequality, because to me there is a strong distinction between scientific research and news articles. However, it still makes sense since the two can influence each other to some extent.

It is harder to explain why the interaction between female and social science is negatively correlated. One possible explanation is that the individual effects of female authorship and social science are already positive in the first-order terms. When the interaction term is added, it may become negative because the model is adjusting for those separate effects. If we removed the separate variables for female and social science, the interaction term female × social science might become positive.","Papers that are both in the field of social science and published during the last three years, when there was a higher number of publications on gender inequality, are more likely to be about gender inequality. We observe a similar signal within social science when news coverage also focuses more on gender inequality. In other words, when articles whether from academia or from newspapers are published in the 3 years periods before, the paper is more likely to address this topic.

The interaction between female authorship and social science is negatively correlated with gender inequality. This may be due to the fact that the first-order variables female authorship and social science separately are already positively correlated with gender inequality. As a result, when the second-order interaction term is added, its coefficient becomes negative because the model is adjusting for the positive effects already captured by the individual variables.","It may also be useful to examine the network of papers connected to this publication, such as the references cited in the paper. Additionally, the departments in which the authors work could provide useful information, particularly if those departments typically conduct research on gender inequality. If the authors have previously published papers on gender inequality, then their new papers are also more likely to address this topic. Furthermore, university affiliation could be relevant, since some universities or social science departments may have stronger research groups specializing in gender inequality.","Additional useful variables could include the university affiliation of the authors and their previous publications. For example, if the first author, second author, or other co-authors have previously published papers on gender inequality, their new work may also be more likely to address this topic. It may also be helpful to consider the age of the authors, if that information is available. Furthermore, the journal in which the article is published could provide useful signals, as some journals are more focused on topics related to gender inequality. The references cited in the paper may also be informative if many of them discuss gender inequality, the paper itself is more likely to address that topic. Finally, the country of the university affiliation could matter, since research focus may vary across countries.",Theories proposed by GenAI models after reviewing the machine-learning results,Theories proposed by GenAI models after reviewing the machine-learning results,"Inferring race from first or last names is often noisy and can introduce bias. Also the methodology of racial inference can be a tricky process to explain carefully.
Also, it could be interesting to separate the AI model from like 2023 with those of today, for instance, because maybe in 2023, humans were still better, human judgment was better, but that it is less the case now.",25,Male,France,Canada,10,2030,Operations Management and Statistics,0,,2,University of Toronto
0,Kevin Tan,"social_science,female,black,country_race_diversity_score,paper_inequality_mentions_3_years",1,,,,2,,3,,,,5,,4,+,,,,+,,+,,,,+,,+,"One would expect that papers in natural science and engineering and technology would be far less likely to discuss race than those in the social sciences. I would expect that only social_science and np.logical_or(natural_science, engineering_and_technology) would matter. These features are collinear, and so it is safe to choose only one. 

A reasonable a-priori hypothesis is that authors who have experienced discrimination in their lives would be more likely to perform research on it. I therefore chose the female and black categories, and would have chosen hispanic_and_other if given another option.

The diversity_score features are rather complex in construction. I would be willing to believe that authors from ethnostates would not necessarily care much about racial inequality, and therefore chose that over the author score.

I chose the paper_inequality feature over news_inequality, as it is possible that research moves slower than 3 years, and academics chase hot topics within research in order to chase citations. 

In practice, I chose at least one feature from each category as a means of regularization.","female → (+) social_science (mediator) → (+) race
black → (+) social_science (mediator) → (+) race
social_science → (+) race
black → (+) race
female → (+) race
paper_inequality_mentions_3_years → (+) race
country_race_diversity_score → (+) race
","social_science,black","social_science,female","female,black",+,+,+,"The three features chosen were the features I thought were most important to begin with. These are all the possible two-way interactions between them. Regarding the first two, one would imagine that the interactions between these two categorical features would be nonzero, as the effect is not likely to be strictly linear. Regarding the third, one could imagine that in line with the idea of intersectionality, black women would be more likely to consider performing research on racial inequality. ","social_science,female,black,white,paper_inequality_mentions_3_years",1,,,,2,,4,,3,,,,5,+,,,,+,,+,,+,,,,+,"The reasoning is similar to the previous case on race, with the exception of omitting the diversity_score feature in favor of the white feature. Racial diversity in the country seems unlikely to affect an author's predilection to discuss gender in their papers, while white women are highly likely to discuss gender as this is the only form of inequality they face.","black → (+) social_science (mediator) → (+) gender
female → (+) social_science (mediator) → (+) gender
social_science → (+) gender
black → (+) gender
female → (+) gender
paper_inequality_mentions_3_years → (+) gender
","social_science,female","social_science,black","female,white",+,+,+,"The reasoning is similar to the case on race. I would suspect that these are the three most important variables, and I included all pairwise interactions of these. They would have positive effects for the same reasons. Regarding the first two, one would imagine that the interactions between these two categorical features would be nonzero, as the effect is not likely to be strictly linear. Regarding the third, one could imagine that in line with the idea of intersectionality, white women would be more likely to consider performing research on gender, as this is the only form of discrimination they suffer from.","I was surprised by the asian score. In hindsight, this is likely asian-american literature causing this. ","One would expect that papers in natural science and engineering and technology would be far less likely to discuss race than those in the social sciences. I would expect that only social_science and np.logical_or(natural_science, engineering_and_technology) would matter. These features are collinear, and so it is safe to choose only one. 

A reasonable a-priori hypothesis is that authors who have experienced discrimination in their lives would be more likely to perform research on it. I therefore chose the female and black categories, and the asian category may also be likely to influence the outcome.

The diversity_score features are rather complex in construction. I would be willing to believe that authors from ethnostates would not necessarily care much about racial inequality, and therefore chose that over the author score.

In practice, I chose at least one feature from each category as a means of regularization.","female → (+) social_science (mediator) → (+) race
black → (+) social_science (mediator) → (+) race
asian → (-) social_science (mediator) → (+) race
social_science → (+) race
black → (+) race
female → (+) race
asian → (+) race
country_race_diversity_score → (+) race","I was surprised, given that the second order theory I had appears to be completely incorrect. In hindsight, it makes sense that the social science literature would react strongly to the time series features, and that the marginal effect of female authorship on racial inequality discussion in papers would be larger in fields that are not the social sciences.","The social science literature is highly reactive to news trends and the academic literature. Furthermore, when the share of female authors is high, one would expect that the paper would be more likely to discuss racial inequality regardless of the field.","You probably want to test if the causal DAG holds. You can do that by testing conditional independence statements that are implied by the DAG. If the DAG implies that two variables are independent given a third, but the data shows a correlation, one can reject the DAG.

To test the effect of social science on race in papers, it probably suffices to perform a t-test, given this DAG. 

For testing the second-order effects of social science and the time series features, you could look at the BLM protests in 2020 and perform an RDD.","I would look at unobserved confounding within the dataset. For example, the income of each author is likely to influence both whether a paper talks about race and if the author were likely to enter the social sciences. 

I would expect that income would have a positive correlation on the latter, and a nonlinear effect on the former. ","Again, I am surprised by the inclusion of asian and the lack of inclusion of white. I have no clue why this would be the case. 

It makes sense that natural science papers would be less likely to discuss gender inequality, but I would have expected that engineering would suffer from the same effect. ","We would expect that authors in the social sciences would be more incentivized to publish on gender inequality, while those in the natural sciences would be disincentivized to do so. Female authors would be more likely to discuss gender inequality, as this is an everyday issue they face. Authors are reactive to trends in research, and so are likely to chase whatever is a hot topic at the time.
 ","asian → (+) social_science (mediator) → (+) gender
female → (+) social_science (mediator) → (+) gender
asian → (+) natural_science (mediator) → (-) gender
female → (-) natural_science (mediator) → (-) gender
social_science → (+) gender
natural_science → (-) gender
asian → (+) gender
female → (+) gender
paper_inequality_mentions_3_years → (+) gender","After seeing the results for race, I am now unsurprised. Social sciences are likely to be more reactive to trends in the news and current research. Perhaps it is likely that authors in the social sciences are already likely to discuss gender, and the share of women on the paper would therefore affect it less. ","Social sciences are likely to be more reactive to trends in the news and current research. Perhaps it is likely that authors in the social sciences are already likely to discuss gender, and the share of women on the paper would therefore affect it less. ","Similarly to before, you can test the DAG with conditional independence testing. 

The effect of field of study on gender inequality, as well as gender on gender inequality, can be tested with a logistic regression. You can match on covariates in the process of doing so to address endogeneity.

The effect of paper inequality mentions on gender can be tested with an RDD on the MeToo movement.","Again, parental income and wealth is a possible confounder here. One would expect that this would be positively correlated with e.g. social science and positively correlated with gender inequality in papers. One could also incorporate the institution of the authors, grant funding, as well as whether e.g. they have tenure or not.",Theories proposed by GenAI models after reviewing (1) the machine-learning results and (2) the revised theories of human experts who have reviewed the machine-learning results,Theories proposed by GenAI models after reviewing (1) the machine-learning results and (2) the revised theories of human experts who have reviewed the machine-learning results,"The GenAI model theories are likely to be rated higher simply because they are likely to be more verbose than a human typing into a textbox. GenAI also may suffer from information leakage, and so might already have memorized empirical studies on this.",27,Male,Singapore,United States of America,27,2027,Statistics,0,,0,"Department of Statistics and Data Science, The Wharton School"
0,Na Hyun Kim,"social_science,black,hispanic_and_other,white,paper_inequality_mentions_3_years",2,,,,,,4,1,3,,,,5,+,,,,,,+,+,+,,,,+,"I think racial inequality has been more studied in the US -- a major producer of research -- than gender inequality, thus I don't expect public interest to drive research, as much of foundational work has already been done, and rather that more research in this area will be inspired by new work in the field, that poses new questions to answer. 

Like how I believed female authors to be strongly correlated with works in gender inequality, I expect the same for various majority races. ","Social Science (X1) --> (+) Y
Hispanic, Black, White (X2, X3, X4) --> (+)  Y
Papers on inequality (X5) --> (+)  Social Science (X1) --> (+) Y","white,paper_inequality_mentions_3_years","social_science,hispanic_and_other","social_science,black",+,+,+,I have a similar thinking process as to before: I expect that much of the work in racial inequity is published in social sciences and that the intersection of particular author groups -- that may have more firsthand experience being a minority race -- and the social sciences domain to have a strong correlation. ,"social_science,natural_science,engineering_and_technology,female,news_inequality_mentions_3_years",2,1,5,,3,,,,,,,4,,+,-,-,,+,,,,,,,+,,"First, I have little prior knowledge on the magnitude of the correlation between the demographic makeup of the author team and the content of the paper. So, I didn't excluded those features. 

I expected the social science and natural science to have the strongest correlation as studies of nuances in gender typically rise in specific domains, or at least are more valued and has an easier time in the publication process. My core assumption is that many researchers are interested in issues related to gender, whether their field and their research immediately connect to these issues will determine how much published work they generate on the topic.

I also expect that public discourse inspires academic discussion and thus will see more papers on the topic.","Social Science (X1) --> (+) Female (X2) --> (+) Amount of work mentioning Gender (Y) 
X1 --> (+) Y
Natural Science and Engineering (X3, X4) --> (-) Y
News Mentions (X5) --> (+) X1, X4 ---> (+) Y","social_science,female","female,news_inequality_mentions_3_years","social_science,news_inequality_mentions_3_years",+,+,+,"I think much of the work on gender inequality is generated by females and social science researchers. Likely, there is a strong intersection between the two groups that the interaction term will capture. Similarly, as public interest in the topic drives academic work, I think this will again be primarily driven in the aforemetioned author groups and research domain.","My expectations diverged a lot more from drivers of papers on race -- aside from social science and black authors, I did not choose any of the top features that was generated via Random Forest. 

I'm not surprised with country_race_diversity_score; I misread this variable. This fits with my theory that authors who have closer experience with racial issues are more likely to publish work in the area. 

I am surprised by female, asian authors creating more work in racial inequity. Again, I am predisposed to suspect this is a spurious correlation. Perhaps, there are more female asians in certain disciplines and in certain stages of the researcher's life -- such as in social sciences and as a students. ","I believe that authors who have experienced racial issues firsthand or have been in environments where race was salient to write more work in the same topic: for this reason, I expect race indicators and the country the author was born to be a strong predictor. 

I believe that social sciences will also be a strong predictor of work regarding race; as many disciplines under the category connect naturally to adjacent topics of public policy and economics, where social welfare is of primary interest. 

I think racial inequality has been more studied in the US -- a major producer of research -- than gender inequality, thus I don't expect public interest to drive research, as much of foundational work has already been done, and rather that more research in this area will be inspired by new work in the field, that poses new questions to answer. ","X1 -> + Y
X2/X3/X4 -> + Y
X5 -> + X1 -> + Y
country_race_diversity_score (X6) -> + Y
X6 -> X2/X3/X4 -> Y","I'm not surprised by any of these results, despite only having predicted one of these interaction and the direction of the secondary effect. This is because, it is exactly the same as the secondary effect prediction by the ML for gender studies. This leads me to think the ML is catching something that is common for both types of studies -- either socially relevant or timely research, rather than something specific to race and studies of it. ","I am not changing my theory. I do not believe female * social science is a meaningful negative predictor and the two other interaction terms, I have discussed in my theory in the prior section, I just placed prematurely. I am pasting my final theory -- which is a combination of the theory before and the theory that I wrote before the ML outputs for the secondary effects.

The part of my initial theory, is again relevant for the secondary effects: I think racial inequality has been more studied in the US -- a major producer of research -- than gender inequality, thus I don't expect public interest to drive research, as much of foundational work has already been done, and rather that more research in this area will be inspired by new work in the field, that poses new questions to answer. 

I also expect that much of the work in racial inequity is published in social sciences and that the intersection of particular author groups -- that may have more firsthand experience being a minority race -- and the social sciences domain to have a strong correlation. ","My proposals for the empirical tests are the same as before: 1 - using a subgroup of authors that have published in multiple domains, regress Y on the interaction of author-level variables on research domain with author fixed effects to test whether direct effect of author-level variables exist and is not driven by the differences in the composition of authors in each research domain. 2- using sharp events such as black lives matter protests, visually inspect the various time trends in academic work and prior news coverage and prior academic work. 

Furthermore, I think it would be important to investigate whether there are common predictors of socially relevant work (pool both work in gender and race; just sum the two binary DVs to easily create this) and then after this first order-effect, discern whether there are distinct predictors of race and gender studies in this subgroup of research. We could first regress Y_1 and Y_2 on similar models and then, regress Y1 and Y2 separately for a subsample of the data that only contain socially relevant work. ","Another thing I think would be important to test beyond what I mentioned earlier -- on author status. Another variable that would be worth collecting is whether past papers discuss novel data sources, identification strategies and new exogenous shocks and whether events that spark media coverage also cause new data to be collected and made available and be used as exogenous shocks in subsequent analysis. 

I always think a credible mechanism analysis adds much more weight to empirical claims, and this is certainly something missing from ML predictions of important secondary effects. 

To do this, we should collect both information on (i) whether the focal work being analysed uses events or mentions events that happened in the past three years, or uses data that was publicized in the past three years, (ii) whether the focal work uses identification or data source that another prior work used less than three years ago, (iii) whether new sources of data were made available and (iv) whether any new papers on the same topic proposed new identification strategies in the past three years. 

I think most likely prior work and both prior news coverage increase social science papers on race (as well as gender for that matter) by providing new sources of data, exogenous shocks and novel identification strategies. ","The ML results match my expectation in the top 3 choices. I cannot remember for sure that the order matches, but the top 3 features were also the ones I had the most confidence in. 

I'm not too surprised by the paper inequality mentions being a top predictor, although I didn't think so initially. I think much of the academic work in persistent issues such as inequality, it takes new and recent work in the area to re-vitalize the academic discussion. 

I'm surprised by the correlation of asian authors writing more of such work. Perhaps, this is spurious correlation driven by a strong overlap of asian academics in either fields of social science or being female. ","First, I have little prior knowledge on the magnitude of the correlation between the demographic makeup of the author team and the content of the paper. So, I didn't excluded those features. 

I expected the social science and natural science to have the strongest correlation as studies of nuances in gender typically rise in specific domains, or at least are more valued and has an easier time in the publication process. My core assumption is that many researchers are interested in issues related to gender, whether their field and their research immediately connect to these issues will determine how much published work they generate on the topic.

Since gender inequality is a persistent issue that has been part of public discourse and studied in research, recent academic work that uncovers better data sources or oversights in prior research will be an important predictor of more papers in the area. ","X1 -> (+) X2 -> (+) Y
X3 -> (-) Y
Paper mentions (X6) --> (+) Y
X2 -> (+) Asian -> (+) Y
X1 -> (+) Asian -> (+) Y","These results overturn my key intuition in my prior theory, where I expected there to be an important group of female researchers in social science producing much of the work in gender inequality. 

The other part of my theory that either public or academic discussion on the topic only drive more future work on the topic when it is housed in a field that publishes most of this work in the area. Unrelatedly, I can also think of the relative speed in the publication process that may make timely work more frequent in social sciences than in natural sciences.","I have little theory to justify why female * social science is a strong negative predictor of work in gender inequity, but I believe this empirical finding by the ML. It seems that both female researchers and social science journals separately and directly impact papers in gender studies. 

Similar to before, I retain my theory that while public mentions and academic mentions of gender can influence future work in gender, it likely only does so within the confines of a research domain that has been producing much of this work. ","(i) testing whether asian authors actually produce work in gender more than other demographics. 
- Using only authors that publish across multiple domains, regress the binary DV on author race interacted with each research domain or the female indicator variable with author fixed effects. If, asian has a meaningful direct effect on the work being related to gender, all interacted terms should be somewhat positive and significant, provided we have enough power. This will control for any outlier star authors in gender studies that happen to be asian.
(ii) Using sharp events such as Me too movement and intl women's day march, conduct an event study of the amount of academic work in gender in each research domain, the amount of academic work in the past three years and amount of news coverage in the past three years. I think this will be an important to prove either that there is a significant lag of longer than three years in driving research on the topic or that the media coverage needs to be over a certain threshold. ","I think the status of the author (PhD student, Post-Doc, Pre-Tenure, Post-Tenure) may also be a strong predictor of DV; either students are willing to tackle more ambitious research questions or tenured faculty are. If there is significant demographic difference in the faculty of the discipline and the current students, without this variable, we may be detecting spurious correlation of female and asian authors. ",Theories proposed by GenAI models after reviewing (1) the machine-learning results and (2) the revised theories of human experts who have reviewed the machine-learning results,Theories proposed by GenAI models after reviewing the machine-learning results,Interesting study! I hope you get interesting insights. I look forward to the final output. ,24,Female,South Korea,United States of America,7,2029,Operations Management,,,,"The Wharton School, University of Pennsylvania"
0,Stefanos Poulidis,"black,white,authors_race_diversity_score,news_inequality_mentions_3_years,paper_inequality_mentions_3_years",,,,,,,1,,2,3,,5,4,,,,,,,+,,+,+,,+,+,Papers are more likely to discuss racial inequality when authored by Black scholars and scholars who focus on racial diversity or being affected by the latest news,"black (+) Identity-driven research agenda (mediator) -> (+) Paper discusses racial inequality
white -> (–) Identity-driven research agenda (mediator) -> (+) Paper discusses racial inequality
authors_race_diversity_score -> (+) Cross-perspective dialogue (mediator) -> (+) Paper discusses racial inequality
news_inequality_mentions_3_years -> (+) Public concern of racial inequality (mediator) -> (+) paper_inequality_mentions_3_years -> (+) Paper discusses racial inequality","black,paper_inequality_mentions_3_years","social_science,black","social_science,news_inequality_mentions_3_years",+,+,+,"Black scholars opt more into social science and they are the most likely to study racial inequality because of personal experiences (or perceived biases). This bias can be reinforced when the disciplinary environment already treats inequality as a central topic (as it happens inside the social science discipline). When academic discourse on inequality is popular, these biases can get amplified making these scholars especially likely to engage with the topic.","social_science,female,black,hispanic_and_other,news_inequality_mentions_3_years",4,,,,1,,2,3,,,,5,,+,,,,+,,+,-,,,,+,,"Female authors are the strongest predictor because personal experience with gender discrimination leads to an explicit interest toward researching it. Black authors are also more likely to engage with gender inequality due to their own perception (i.e., race and gender marginalization reinforce each other's influence on research choices). I think that Hispanics, especially women, have their own picture of gender dynamics and they do not consider it such an important topic, though this trend has started to shift. Specifically, their research communities are more focused on racial or economic inequality than gender. Also, news coverage of inequality definitely amplifies these patterns.","female -> (+) Identity-driven research agenda (mediator) -> (+) Paper discusses gender inequality
black -> (+) Marginalization bias (mediator) -> (+) Paper discusses gender inequality
hispanic_and_other -> (–) Competing inequality focus (mediator) -> (–) Paper discusses gender inequality
social_science -> (+) Disciplinary focus of inequality research (mediator) -> (+) Paper discusses gender inequality
news_inequality_mentions_3_years -> (+) Public focus of inequality (mediator) -> (+) Paper discusses gender inequality","social_science,female","female,black","female,news_inequality_mentions_3_years",+,+,+,"In all three, being female is the common denominator; especially being a (cis or trans) woman in social science. For black women it is even much more probable and also when society's focus revolves around inequality","Most agree with me, but the opinion that papers with a higher estimated share of Asian authors are more likely to discuss racial inequality is genuinely surprising",No updates,No updates,The prediction that the marginal effect of female authorship on whether a paper discusses racial inequality becomes smaller for social science papers and the prediction that the marginal effect of being a social science paper on whether a paper discusses racial inequality is smaller when the share of female authors is higher are surprising. Without access to the model's training data is hard to understand why this is the case.,No updates,"Run a logistic regression with black authorship, white authorship, social science discipline, and public news measures as predictors, including interaction terms. Prediction: Positive coefficient on black, negative on white, positive on the black × social_science interaction, and positive on news coverage would all confirm the theory.","If Black authorship increases the probability of discussing racial inequality and White authorship decreases it, and if that Black effect gets stronger in social science disciplines and during periods of high news coverage, the theory holds.",The asian aspect is again very interesting and suprising,No updates,No updates,Interesting and again surprising,No updates,"Run regressions (logistic and OLS) with female authorship, black authorship, hispanic authorship, social science, and news coverage as predictors, including a female × social_science interaction, the year of the ""#metoo"" movement (before covid). The theory holds perfeclty if female authorship is positive, hispanic is negative, and the female effect gets stronger in social science and after the ""#metoo"" movement ",I think the data include enough features,Theories proposed by GenAI models after reviewing the machine-learning results,Theories proposed by GenAI models after reviewing the machine-learning results,Thank you for the opportunity to contribute! Good luck with the results!,30,Prefer not to disclose,Greece,United States of America,30,2026,"Decisions, Technology, and Operations Management",0,0,4,INSEAD
0,Rui Ai,"social_science,black,authors_race_diversity_score,news_inequality_mentions_3_years,paper_inequality_mentions_3_years",5,,,,,,1,,,2,,3,4,+,,,,,,+,,,-,,+,+,"According to personal observation, most discussions about racial inequality are related to social science. At the same time, because Black people are subject to racial inequality, more black authors are willing to focus on this topic. Meanwhile, since the group focusing on racial inequality is concentrated, such papers usually feature authors with a single racial characteristic. Finally, papers and news within the past three years are clearly positive indicators of racial inequality.","social science →(+) topic →(+) a paper discusses racial inequality
black →(+) focused area →(+) a paper discusses racial inequality
authors race diversity score →(-) intra-racial cooperation intention →(+) a paper discusses racial inequality
news_inequality_mentions_3_years → (+) external indicator → (+) a paper discusses gender inequality 
paper_inequality_mentions_3_years → (+) topics → (+) a paper discusses gender inequality ","social_science,black","social_science,news_inequality_mentions_3_years","social_science,paper_inequality_mentions_3_years",+,-,-,"For social science and black authors, both of them can predict that a paper is likely discussing racial inequality; however, if both appear simultaneously, it will strengthen this probability. As for inequality phenomena, they are in themselves a very strong indicator and almost certainly appear in social science papers, so the interaction term will lead to a negative sign.","social_science,female,asian,news_inequality_mentions_3_years,paper_inequality_mentions_3_years",4,,,,1,5,,,,,,3,2,+,,,,+,+,,,,,,+,+,"Papers in social science are more likely to discuss gender inequality, and this situation typically occurs among females. Moreover, the discussion of inequality in papers and news within the past three years is clearly a representative indicator that a paper involves inequality. At the same time, it seems that the phenomennon if gender inequality among Asians is more significant.","social science → (+) topics → (+) a paper discusses gender inequality 
female → (+) topics → (+) a paper discusses gender inequality 
Asian → (+) traditions → (+) a paper discusses gender inequality 
news_inequality_mentions_3_years → (+) external indicator → (+) a paper discusses gender inequality 
paper_inequality_mentions_3_years → (+) topics → (+) a paper discusses gender inequality 
","social_science,female","social_science,news_inequality_mentions_3_years","social_science,paper_inequality_mentions_3_years",+,-,-,"For social science and female authors, both of them can predict that a paper is likely discussing gender inequality; however, if both appear simultaneously, it will strengthen this probability. As for inequality phenomena, they are in themselves a very strong indicator and almost certainly appear in social science papers, so the interaction term will lead to a negative sign.","I correctly predicted the features social_science and black. For the remaining three features, I underestimated the significance of female and Asian authorship; their impact likely stems from the specific demographic characteristics of researchers within the social sciences. Additionally, country_race_diversity is a highly plausible predictor, as authors from those diverse backgrounds have more frequent opportunities to observe and document racial inequality firsthand.","According to personal observation, most discussions about racial inequality are related to social science. At the same time, because Black people are subject to racial inequality, more black authors are willing to focus on this topic. Additionally, country_race_diversity is a highly plausible predictor, as authors from those diverse backgrounds have more frequent opportunities to observe and document racial inequality firsthand. And since a lot of social science researchers are Asian and female, they may be highly correlated. ","social science →(+) topic →(+) a paper discusses racial inequality
black →(+) focused area →(+) a paper discusses racial inequality
country_race_diversity_score →(+) more obseration oppurtunities →(+) a paper discusses racial inequality
female →(+) research topic →(+) a paper discusses racial inequality
asian →(+) research topic →(+) a paper discusses racial inequality",It does diverge from my expectation because people may feel challenging to recognize higher-order interaction. ,"Social science and the discussions about inequality in the past three years both suggest the theme of the paper; however, when both appear simultaneously, it almost confines the article's theme to the field of inequality (either racial or gender), so the second-order term is positive. Meanwhile, there are relatively more female researchers in social science, so their marginal effect diminishes, and thus the second-order term is negative.","I propose a natural experiment using the 2020 Black Lives Matter movement as a temporal shock. By utilizing a DID regression, we may find a significant positive coefficient for the post-2020 period, particularly for papers authored by Black researchers and those from countries with high country_race_diversity.","To further test my theory, I would add U.S. Southern Institutional Location as a binary variable. I expect a significant positive coefficient for the interaction term. Since the U.S. South has a higher density of Black populations and a more intense history of racial tension, authors there have more ""proximal observation opportunities."" If the data shows a spike in inequality discourse from this specific region, it confirms that geographic exposure to racial friction directly drives research output.",It is aligned with my expectations.,"I think your ML models show aligned results with my previous answers, so I would like to keep them. ",I choose to keep my diagram because I think my diagram is verified by your ML model and they have similar insights.,It diverges from my expectations. I think it's possibly quite hard for people to recognize higher-order interactions. ,"Social science and the discussions about inequality in the past three years both suggest the theme of the paper; however, when both appear simultaneously, it almost confines the paper's theme to the field of inequality, so the second-order term is positive. Meanwhile, there are relatively more female researchers in social science, so their marginal effect diminishes, and thus the second-order term is negative.","To empirically test my theory, I propose a natural experiment using a DID regression. By setting the 2017 #MeToo movement as a temporal shock, I would compare the change in the probability of discussing gender inequality in social science versus other fields. I expect that after 2017, the gap in mentions of gender inequality between these groups significantly widened, especially for papers with female or Asian authors. Furthermore, a regression analysis should show that the coefficient for inequality_mentions_3_years is positively and significantly correlated with the dependent variable, particularly in the post-2017 period. Such results would support my reasoning that external societal indicators and author demographics are primary drivers of gender-related academic discourse.","To test my theory further, I suggest adding Research Funding Source as a new variable. We can just do regression adding some cross terms using the Research Funding Source, and see the coefficients. A possible result is that papers with specific DEI funding should show a much higher probability of discussing inequality, validating the role of external structural drivers.",Theories proposed by GenAI models after reviewing (1) the machine-learning results and (2) the revised theories of human experts who have reviewed the machine-learning results,Theories proposed by GenAI models after reviewing (1) the machine-learning results and (2) the revised theories of human experts who have reviewed the machine-learning results,"I am an ML researcher, and I have a deep understanding of ML. However, my knowledge of social science might be insufficient. For this kind of survey, perhaps providing researchers like us with some background on inequality could improve our judgment.",24,Male,China,United States of America,16,2028,data science and computer science,,,2,Massachusetts Institute of Technology
0,Natnael Mulat,"female,black,country_race_diversity_score,news_inequality_mentions_3_years,paper_inequality_mentions_3_years",,,,,5,,1,,,,2,3,4,,,,,+,,+,,,,+,-,-,"For starters, I assumed that if an author is a woman or Black, that probably increases the chances their work engages with racial inequality. Not because of any hard rule, but just because people's backgrounds and experiences tend to shape what they find interesting or important. If you've lived some of those realities yourself, or you're just more tuned in to questions of justice and fairness, it makes sense you might gravitate toward those topics. That's not just an academic guess, it's pretty intuitive.

I also thought that researchers working in more racially diverse countries would be more likely to write about racial inequality. The logic there is pretty straightforward: if you're surrounded by those conversations in everyday life, they're more likely to show up in your work.

On the flip side, I gave negative signs to how much inequality shows up in the news or in other academic papers from the previous few years. Why? Because a lot of that talk tends to be about inequality more broadly, income, gender, region, not race specifically. So if there's a lot of generic ""inequality"" chatter floating around, it might actually dilute the focus on racial inequality rather than boost it. A paper might mention inequality in passing without ever zooming in on race.

So in the end, the ranking basically reflects this idea: the strongest drivers are probably the researchers themselves, who they are and what they bring to the table. The broader context matters too, but it's more of a background factor, and sometimes the signal gets muddied.","female author + → paper discusses racial inequality
black author + → paper discusses racial inequality
country_race_diversity_score + → paper discusses racial inequality
news_inequality_mentions_3_years - → paper discusses racial inequality
paper_inequality_mentions_3_years - → paper discusses racial inequality","social_science,black","asian,white","natural_science,hispanic_and_other",+,-,-,"The way I chose to think about it, social science and Black is a positive interaction because they feed into each other. A Black researcher brings a perspective shaped by lived experience. They have grown up with some understanding of what racial inequality actually feels like. But that alone does not guarantee they will write about it. It matters whether their field makes space for those questions. Social science does. There is a whole community there already talking about race, journals that publish it, conferences where it is taken seriously. So when you put those two things together, someone who has reason to care and a field that says this is valid work, it pushes things forward in a way that neither would alone.

Asian and White I chose as negative, but for a different reason. If you look at who is doing research, it is mostly Asian and White scholars. That is just the reality. So when you see a paper with those two groups, you are looking at the default. It is what most papers look like. And that default does not nudge a paper toward talking about racial inequality. If anything, papers that really dig into race tend to include authors from groups with a more direct historical connection to those questions in this country. So having only Asian and White authors signals that race probably is not the main event.

And natural science and Hispanic I also chose as negative. Natural science just is not set up for questions about racial inequality. That is not what the journals want, not what gets funded, not what counts as a discovery in those fields. So even if a Hispanic scholar cares deeply about these issues, maybe they came to science because they love it but they still carry all that with them, the field itself does not encourage them to go there. If anything, it pushes the other way. So that combination does not amplify anything. It mutes it.
","social_science,natural_science,female,news_inequality_mentions_3_years,paper_inequality_mentions_3_years",2,5,,,1,,,,,,,3,4,+,-,,,+,,,,,,,+,+,"I put female at the top of the list because it feels like the most direct and personal driver. A researcher who is a woman has likely navigated spaces where gender shapes expectations, opportunities, and treatment. That lived experience makes gender inequality feel less like an abstract topic and more like something worth investigating and writing about. It is hard to separate who you are from what you choose to study.

Right after that, I ranked social_science as the next most important. Even if someone has personal reasons to care, whether they actually write about gender inequality depends a lot on whether their field treats it as legitimate. Social science does. There are journals devoted to it, conferences, entire subfields. It is a normal thing to study there. So being in social science creates space for those questions in a way that other fields might not.

I gave news_inequality_mentions_3_years a positive sign and ranked it third because public conversation seeps into academic work. When gender inequality is in the news, whether it is the MeToo movement, debates about the pay gap, or conversations around parental leave, it makes the topic feel timely and urgent. Researchers pay attention to what is happening in the world, and that attention shapes what they write about.

paper_inequality_mentions_3_years I also gave a positive sign and ranked fourth for similar reasons, but within academia itself. If other papers are talking about inequality broadly, some of that attention trickles down to gender specifically.

I included natural_science last but gave it a negative sign. Natural sciences just are not set up to ask questions about gender inequality as a research topic. That does not mean gender inequality does not exist in those fields. It absolutely does. But the papers themselves are typically about something else, cells or particles or equations, not about how gender shapes outcomes. So being in natural science probably lowers the chances that a paper discusses gender inequality, even if the researcher themselves cares deeply about it.
","female + → paper discusses gender inequality
social_science + → paper discusses gender inequality
news_inequality_mentions_3_years + → paper discusses gender inequality
paper_inequality_mentions_3_years + → paper discusses gender inequality
natural_science - → paper discusses gender inequality","social_science,female","natural_science,female","news_inequality_mentions_3_years,paper_inequality_mentions_3_years",+,-,+,"For social science and female, I gave it a positive sign because those two things feed into each other. A woman has lived through gender dynamics her whole life. She does not need to read about it in a textbook to understand that inequality exists. But having that awareness does not automatically mean she writes about it. That depends on whether her field treats gender as a real research topic. Social science does. There are journals dedicated to it, conferences, whole subfields built around these questions. So when someone with lived experience lands in a space that says this work matters, it pushes things forward in a way that neither factor would alone.

For natural science and female, I went with a negative sign because the dynamic is different. The lived experience is still there. A woman in natural science still navigates a world where gender shapes how she is treated. But natural science is not set up to make that the subject of research. The questions that count are about something else, cells or particles or equations. So even if she cares deeply, even if she experiences inequality every day, the field does not give her permission to write about it. The personal impulse is still there, but the disciplinary norms push against it. They weaken what would otherwise be there.

For news mentions and paper mentions, I chose a positive sign because public conversation and academic conversation do not happen in isolation. When gender inequality is all over the news, whether it is the MeToo movement or stories about the pay gap, it makes the topic feel like something that matters right now. Researchers are paying attention to the same headlines everyone else is. That seeps into what they write. At the same time, when papers start talking about inequality more, it creates a kind of momentum. Scholars look at what is being published and where the field is heading. Those two forces feed each other. The topic stays alive in both places, and each one keeps the other going.","I expected social_science and country_race_diversity_score to be positive predictors. That part feels like confirmation.

But female ranking second for racial inequality surprised me. I figured gender would matter more for gender topics. Maybe scholars who experience one form of inequality become more attuned to others, or maybe it is just that women are concentrated in social science fields.

The biggest surprise is asian with a positive sign. I assumed Asian authors would be neutral, just part of the academic default. Seeing this makes me wonder if I was too focused on a US Black-white frame. Maybe in a global dataset, Asian scholars are engaging with racial dynamics in their own contexts.

And black ranked lower than I expected. I thought lived experience would push this higher. Maybe the name-based estimates miss some people, or maybe Black scholars are concentrated in fields where these questions are harder to publish.

Overall, the results confirm that field and context matter enormously. But they also make me rethink whether my instincts about identity and topic choice were too simple.","I still believe that social_science is the most important predictor. The field you work in shapes what questions count as legitimate research, and social science has built entire subfields around race and inequality. That part of my thinking was right.

But the results pushed me to rethink some things. female ranking second for racial inequality surprised me. I originally thought gender would matter more for gender topics, but now I think scholars who experience one form of inequality may become more attuned to others. Or maybe it is simply that women are concentrated in social science fields, and the model is picking up that overlap.

country_race_diversity_score ranking third makes sense. Working in a diverse environment exposes researchers to conversations about race in ways that shape what they study.

The biggest change in my thinking is about asian. I did not expect it to show up as a positive predictor. I was too focused on a US Black-white frame and assumed Asian authors were just part of the academic default. But looking at this, I realize Asian scholars may be engaging with racial dynamics in their own contexts, whether that is anti-Asian discrimination, colonialism, or immigration. My initial theory was too narrow.

black still matters, and the positive sign matches what I thought. But it ranked lower than I expected. Maybe lived experience alone is not enough if scholars are working in fields where these questions are harder to publish. Or maybe the name-based estimates miss some people.

So my updated theory is this: field matters most, followed by a mix of individual characteristics and context. But identity is more complicated than I assumed. Who you are shapes what you study, but where you are and how the model sees you matter just as much. And my instinct to center the US Black-white experience made me miss how Asian scholars show up in a global dataset.","social_science + → paper discusses racial inequality
female + → paper discusses racial inequality
country_race_diversity_score + → paper discusses racial inequality
asian + → paper discusses racial inequality
black + → paper discusses racial inequality","The first two interactions make intuitive sense to me. Social science interacting with paper inequality mentions and news mentions both coming back positive fits with how I think about these things. Social science is already the space where these questions live, so when broader conversations are happening in academic literature or the news, social science papers are probably the ones picking them up. The field is wired to pay attention to inequality in a way that other fields are not. So those results feel like confirmation.

But the third one threw me. Female interacting with social science coming back negative for racial inequality is the opposite of what I would have guessed. My instinct was that being a woman and working in social science would reinforce each other, the same way I thought it would for gender inequality. But the model is saying that in social science, having more female authors actually weakens the likelihood of discussing racial inequality.

I am not entirely sure why that would be. Maybe it is about attention and bandwidth. Scholars who experience gender inequality might focus more on gender than race, especially in social science where both are legitimate topics and you have to choose. Or maybe women are overrepresented in certain social science subfields that are less focused on race, like developmental psychology or health economics, while the racial inequality research is concentrated in other subfields with more men. It could also be that the model is picking up something about collaboration patterns or how authorship works.

Whatever the reason, it makes me realize my assumptions about how identities stack were too simple. I assumed that experiencing one form of inequality makes you more attuned to all forms. But maybe scholars specialize. Or maybe fields have internal divisions that I am not seeing. This is the kind of result that would make me want to dig into the data more before fully revising my theory.","The first two interactions matched my expectations. Social science with paper mentions and news mentions both came back positive. That makes sense because social science is the field most likely to absorb broader conversations about inequality happening in academic literature and public discourse.

But the third result surprised me. Female with social science came back negative for racial inequality, the opposite of what I guessed. My initial thought was that being a woman and working in social science would reinforce each other. Instead, the model says having more female authors in social science actually weakens the likelihood of discussing racial inequality.

My updated theory is that scholars who experience gender inequality may focus their attention on gender topics rather than race, especially in social science where both are legitimate areas to study. Women might be concentrated in subfields like developmental psychology or health where racial inequality is less central, while racial inequality research happens in other subfields with more men. The lesson is that identities do not stack neatly. Experiencing one form of marginalization does not automatically translate into engaging with all forms.","First, I could run a regression with an interaction term between female and social_science, using whether a paper discusses racial inequality as the outcome. My theory predicts a negative coefficient on that interaction, meaning that the effect of female authorship on discussing racial inequality is smaller in social science than in other fields. If the regression confirms that negative sign, it would support my thinking that women in social science are not contributing to racial inequality research at the same rate as men in social science.

To dig deeper into why that might be happening, I could test whether women in social science are instead focusing on gender inequality. I would run a similar regression but this time with whether a paper discusses gender inequality as the outcome. If the interaction between female and social_science is positive for gender inequality, that would support the idea that women in social science are specializing in gender topics rather than race. That substitution effect would explain the negative result for racial inequality.

I could also use a natural experiment approach by looking at major societal events that might shift attention toward either racial or gender inequality. For example, the MeToo movement gained prominence around 2017. I could create an indicator for papers published after 2017 and interact it with female and social_science. If women in social science became even more likely to write about gender inequality after MeToo, and less likely to write about racial inequality during that same period, that would strengthen the case that attention is being directed in particular ways.

Another approach would be to look within social science by coding subfields based on journal categories or keywords. The data does not directly include subfield, but I could approximate by looking at which other features correlate with certain types of papers. If women are concentrated in social science subfields that historically focus less on race, like developmental psychology or health and family dynamics, that would show up in the patterns.

The results that would support my theory that a negative interaction between female and social science for racial inequality, a positive interaction for gender inequality, and evidence that external events shift attention in ways that reinforce this divide. If those patterns hold, it would suggest that scholars specialize and that experiencing one form of inequality does not automatically translate into engaging with all forms.","Author subfield within social science – This would let me see if women are concentrated in subfields like developmental psychology or health where racial inequality is less central, while men dominate sociology or political science where it is more common. If the negative female-social science interaction disappears after controlling for subfield, that would support my theory.

Gender of the paper's topic – If I could code whether papers discuss gender inequality, I could test the substitution idea directly. I would expect to see that women in social science are writing about gender instead of race.

Collaboration networks – I would look at whether coauthors and citation patterns reinforce topic choices. Papers on gender should have more female authors and cite more gender scholarship.

Institutional variables like presence of race or gender research centers – I would expect the negative interaction to be weaker at institutions with strong race research infrastructure.

Grant funding data – If funding flows more to gender than race during certain periods, that would explain topic choices.

The results that would support my theory that women in social science are not avoiding racial inequality randomly. They are in different subfields, writing about gender instead, and responding to institutional and funding incentives just like everyone else.","Some of this matched my expectations and some did not.

I expected social_science, female, and natural_science (negative) to be near the top. Those fit my thinking about field and lived experience.

paper_inequality_mentions also makes sense. When inequality gets attention in the literature, gender topics benefit.

But asian ranking fourth surprised me. I did not expect race to show up for gender inequality. Maybe Asian scholars are concentrated in social science, or maybe my US-focused frame missed how Asian scholars engage with gender in other contexts.

I also notice news mentions did not make the top five. I thought public conversation would matter more, but the model says academic momentum is what counts. That makes me rethink whether I overestimated how much scholars respond to news versus their own literature.","Looking at the ML results, I am updating my theory about what predicts whether a paper discusses gender inequality.

I was right that social science matters most. The field you work in shapes what questions count as legitimate, and social science has built entire subfields around gender. I was also right that female authorship matters. Lived experience pushes women to engage with these topics. And I was right that natural science is a negative predictor. Those fields are not set up to ask these questions as research topics.

But I was wrong about a few things. I did not expect Asian authorship to show up as a positive predictor. My initial thinking was too focused on gender alone and did not account for how race might intersect. Maybe Asian scholars are concentrated in social science fields, or maybe they are engaging with gender dynamics in their own contexts that my US-focused lens missed.

I also overestimated the role of news mentions. I thought public conversation would drive academic attention, but the model says paper inequality mentions matters more. Academic momentum within the literature itself seems to shape what scholars write about more than news coverage does.

So my updated theory is this that field matters most, followed by author characteristics like gender and race. But the mechanisms are more complicated than I thought. Race plays a role in gender research in ways I did not anticipate, and scholars respond more to what is happening inside their own literature than to public discourse.
","social_science + → paper discusses gender inequality
female + → paper discusses gender inequality
natural_science - → paper discusses gender inequality
asian + → paper discusses gender inequality
paper_inequality_mentions_3_years + → paper discusses gender inequality","The first two interactions make sense. Social science with paper mentions and news mentions both coming back positive fits what I would expect. Social science is the field most attuned to inequality, so when broader conversations happen in academic literature or public discourse, social science papers are the ones absorbing that attention. Those results feel consistent.

But female with social science coming back negative for gender inequality is the opposite of what I thought. My whole assumption was that being a woman and working in social science would reinforce each other. A woman brings lived experience, social science provides the space to explore it. Together they should push toward gender inequality research more than either alone.

The model says otherwise. In social science, having more female authors actually weakens the likelihood of discussing gender inequality. I am not sure why. Maybe women in social science are spread across subfields, and the ones working on gender are concentrated in certain areas while others focus on different topics. Or maybe when women are well represented in a field, gender gets framed as less urgent because it feels like progress has been made. I do not know.

What I do know is that my intuition about how identity and field combine was too simple. The same pattern showed up for racial inequality, female with social science came back negative there too. So something is going on where women in social science are not writing about inequality at the rates I expected, whether race or gender. That is worth thinking more about.","The first two interactions matched my expectations. Social science with paper mentions and news mentions both came back positive. That makes sense because social science is the field most likely to absorb broader conversations about inequality happening in academic literature and public discourse. When inequality is in the air, social science papers breathe it in.

But the third result forced me to rethink everything. Female with social science came back negative for gender inequality, the exact opposite of what I believed. I assumed that being a woman and working in social science would reinforce each other. Lived experience plus a field that validates those questions should push toward gender research. Instead, the model says that in social science, having more female authors actually weakens the likelihood of discussing gender inequality.

Here is my updated theory. Women in social science may specialize in topics other than gender. They might be concentrated in subfields like health, education, or economic development where gender is not the primary lens. Or maybe when women reach a certain representation in a field, gender gets framed as less urgent because progress feels real. It could also be that the women writing about gender are a specific subset, and once you account for field effects, the relationship shifts.

The broader lesson is that identity does not work the way I thought. Being a woman does not automatically translate into writing about gender, even in a field that supports it. Scholars make choices based on subfield location, collaboration patterns, and what questions feel timely. My initial theory was too simple. The evidence says the relationship is more complicated.","To test my revised theory, I would run a regression with an interaction between female and social_science predicting whether a paper discusses gender inequality. I expect that coefficient to be negative, meaning women in social science are less likely to write about gender than the field would suggest. Then I would run the same interaction predicting racial inequality instead. If that comes back positive, it would support the idea that women in social science are specializing in race rather than gender.

I would also use the MeToo movement around 2017 as a natural experiment. By comparing papers before and after, I could see whether the negative interaction strengthens or weakens when gender is more visible in public discourse.

Another approach would be to split social science papers by whether they mention gender keywords and compare the gender composition. If papers discussing gender actually have a lower share of female authors than other social science papers, that would directly confirm the negative interaction.","Author subfield within social science would be the most useful addition. My theory is that women in social science are concentrated in certain areas like developmental psychology, education, or health, while gender inequality research might cluster in sociology, political science, or gender studies programs where men dominate. If I could control for subfield and the negative interaction disappeared, that would tell me women are not avoiding gender topics, they are just located in different parts of the discipline. If the interaction stayed negative even after controlling for subfield, then something else is at work.

Paper topic keywords or a measure of whether the paper focuses on gender specifically would help test the substitution idea. Right now I only know if a paper discusses gender inequality, not whether that is the main focus. If women in social science are writing papers where gender is a secondary mention rather than the primary topic, that would look different in the data. I would expect that papers with more female authors are actually less likely to have gender as the central focus, even if they mention it.

Coauthor gender composition beyond just the share would also be useful. Maybe women writing about gender tend to cluster together, so papers with multiple female authors look different than papers with just one. I would expect that all-female or majority-female teams in social science are the ones actually driving gender research, while mixed-gender teams are writing about other things.

Citation patterns and journal placement could show whether women in social science are publishing in different venues than men. If women are overrepresented in lower-prestige journals or specific subfields, that might explain why their work on gender does not show up in the same way.

Institutional variables like the presence of gender studies programs or women's centers would add context. I would expect the negative interaction to be weaker at institutions with strong gender infrastructure, because those places actively support and normalize gender research for everyone.

Author career stage might matter too. Younger women might be more likely to write about gender than established scholars who have already moved to other topics. Or the reverse could be true if early career researchers avoid gender to seem more serious.

The results that would support my theory are patterns showing that women in social science are not avoiding gender out of disinterest. They are responding to where they are located, who they collaborate with, and what their institutions support. The negative interaction is not about identity, it is about how identity interacts with all these other structures.",Theories proposed by GenAI models after reviewing (1) the machine-learning results and (2) the revised theories of human experts who have reviewed the machine-learning results,Theories proposed by human experts after reviewing the machine-learning results,"Honestly, this survey made me think in ways I do not usually think. Having to commit to predictions before seeing the results, and then having to explain why I was wrong, that part was uncomfortable but probably the point.

I noticed myself getting attached to my initial theories. When the results came back different, my first impulse was to explain why the model might be wrong rather than why I might be wrong. Catching myself doing that was useful.

The repetition also mattered. Answering the same kinds of questions for race and then for gender made me realize where my thinking was consistent and where I was just making assumptions without realizing it.",27,Male,Ethiopia,United States of America,20,2030,"Decision, Risk, Operations (DRO)",,,2,Columbia Business School
0,Yanbo Song,"social_science,asian,black,country_race_diversity_score,news_inequality_mentions_3_years",1,,,,,5,4,,,,3,2,,+,,,,,+,+,,,,+,+,,"A paper on racial inequality is more likely to get published in social science journals, compared to natural science or engineering. From my reading experience, I observe that most of the papers on this topic are written by black or asian authors in the US, where racial diversity is high. A heated discussion of racial inequality in public will increase the attention to authors and editors, which will increase the submission and acceptance rate of papers on racial inequality, especially when there are more special issues announced by editorial teams under such a call.","Heated discussion of racial inequality in public (X1) → (+) Authors' and editors' attention to racial inequality → (+) Submission and acceptance of papers of racial inequality → (+) Probability that a paper discusses racial inequality

Black or asian authors in the US (X2) → (+) Authors' attention and access to interviewees and participants who experienced racial inequality → (+) Submission of papers with rich data of racial inequality → (+) Number of published papers on racial inequality →  (+) Probability that a paper discusses racial inequality","social_science,news_inequality_mentions_3_years","country_race_diversity_score,news_inequality_mentions_3_years","black,news_inequality_mentions_3_years",+,+,+,"Public reports and discussion of racial inequality draw the attention of scholars to the issue (IV). Those studies or even special issues are more likely to be published in social science journals (positive M1). In a country with higher racial diversity (e.g., the US compared to Japan), scholars are more likely to collect first-hand data and observation to conduct studies (positive M2). Racial minorities, such as black scholars, are more likely to collect first-hand data and observation to conduct studies as it is easier to gain trust from target sample groups from the same racial group (positive M3).","social_science,num_authors,female,news_inequality_mentions_3_years,paper_inequality_mentions_3_years",1,,,5,4,,,,,,,2,3,+,,,+,+,,,,,,,+,+,"A paper discussing gender inequality is more likely to be published in social science journals, compared to other disciplines such as natural science or engineering. From my own reading of gender inequality papers, I observe that a large proportion of them are coauthored by more than one female author. Also, the social context of a heated discussion of gender inequality is more likely to draw attention from scholars to explore the issue. And I assume more special issues of this topic are more likely to be developed by editors, so the total number of papers should increase.","Heated discussion of gender inequality in society (X1) → (+) Journal special issues of gender inequality → (+) Total number of papers published on gender inequality → (+) Probability that a paper discusses gender inequality (Y)

Female coauthors (X2) → (+) More attention to gender inequality → (+) Probability that a paper discusses gender inequality (Y)

Social science paper (X3 ) → (+) More attention to gender inequality → (+) Probability that a paper discusses gender inequality (Y)","social_science,news_inequality_mentions_3_years","female,news_inequality_mentions_3_years","num_authors,news_inequality_mentions_3_years",+,+,+,"Public discussion of gender inequality (IV) is the external factor that fosters more research on gender inequality. Social science journals are the relevant target goal for submission (positive M1). Female researchers are more likely to pay attention, observe, or even experience the gender inequality; they are also often have more access to female interviewees or participants in studies (positive M1). The number of authors increases their access to female interviewees or participants in studies (positive M3)",I don't understand why female is correlated. Other factors are the same as my models.,I don't understand why female is correlated. Other factors are the same as my models.,I don't understand why female is correlated. Other factors are the same as my models.,I don't understand why female is correlated.,I don't understand why female is correlated.,"The BlackLivesMatter event, founded in 2013, could be seen as a natural experiment. If more black authors in US published more papers on racial inequality on social science papers in 2013-2020 compared to those in 2000-2013, the model would be supported.",Hispanic authors (in highly racially diverse countries) are positively associated with their papers being on racial inequality. ,"As I did not include Asian as a main factor in my model, these ML results prompt me to reflect on the cultural differences in eastern and western countries regarding gender norms and social expectations. I think it makes sense.","A paper discussing gender inequality is more likely to be published in social science journals, compared to other disciplines such as natural science or engineering. From my own reading of gender inequality papers, I observe that a large proportion of them are conducted by female authors. Also, the social context of a heated discussion of gender inequality is more likely to draw attention from scholars to explore the issue. Especially in some Asian countries where the gender inequality is more salient and the researchers may have more access to interviewees and participants to provide first-hand data. And I assume more special issues of this topic are more likely to be developed by editors, so the total number of papers should increase.","Heated discussion of gender inequality in society (X1) → (+) Journal special issues of gender inequality → (+) Total number of papers published on gender inequality → (+) Probability that a paper discusses gender inequality (Y)

Female coauthors in Asia (X2) → (+) More attention and access to gender inequality samples → (+) Probability that a paper discusses gender inequality (Y)

Social science paper (X3 ) → (+) More attention to gender inequality → (+) Probability that a paper discusses gender inequality (Y)","I still think the first two of my interaction models make sense. But I will revise the third one, which is different from these ML results. I got some inspiration from the last main effects though.","Public discussion of gender inequality (IV) is the external factor that fosters more research on gender inequality. Social science journals are the relevant target goal for submission (positive M1). Female researchers are more likely to pay attention, observe, or even experience the gender inequality; they also often have more access to female interviewees or participants in studies (positive M2). Asian authors have more access to target samples, observation, and even extreme cases (positive M3).","The MeToo movement in 2017 could be used as a natural experiment. An archival study of publications from the year 2014 to 2020 could test the hypotheses. If asian female authors published statistically significant and more gender inequality papers in social science papers in 2017-2020 compared to those in 2014-2017, then the hypotheses are supported.",Maybe black (and female) authors would also increase the probability.,Theories proposed by GenAI models after reviewing (1) the machine-learning results and (2) the revised theories of human experts who have reviewed the machine-learning results,Theories proposed by human experts after reviewing the machine-learning results,"It also largely depends on the development (version, database, etc.) of GenAI models.",37,Female,China,France,30,2026,organizational behavior,,,1,INSEAD
0,Ruicheng Ao,"social_science,black,authors_race_diversity_score,news_inequality_mentions_3_years,paper_inequality_mentions_3_years",2,,,,,,1,,,3,,4,5,+,,,,,,+,,,+,,+,+,"I ranked ""black"" first because the share of Black authors is the most direct proxy for whether a paper discusses racial inequality -- researchers from underrepresented groups are more likely to study topics related to their own experiences. ""social_science"" is ranked second because racial inequality is predominantly studied within social science disciplines (sociology, political science, economics), making it a strong domain-level predictor. ""authors_race_diversity_score"" ranks third: more racially diverse author teams bring broader perspectives and are more likely to engage with inequality topics. The two time-lagged features (""news_inequality_mentions_3_years"" and ""paper_inequality_mentions_3_years"") capture the zeitgeist effect -- when inequality receives more attention in media and academia, researchers across fields are more likely to address racial inequality in their work. All signs are positive because higher values of each feature should increase the probability that a paper discusses racial inequality.","news_inequality_mentions_3_years → (+) paper_inequality_mentions_3_years
news_inequality_mentions_3_years → (+) discusses_racial_inequality
paper_inequality_mentions_3_years → (+) discusses_racial_inequality
black → (+) discusses_racial_inequality
social_science → (+) discusses_racial_inequality
authors_race_diversity_score → (+) discusses_racial_inequality
social_science → (+) authors_race_diversity_score
black → (+) authors_race_diversity_score","social_science,black","black,news_inequality_mentions_3_years","social_science,news_inequality_mentions_3_years",+,+,+,"The interaction between social_science and black is ranked first because Black researchers working in social science disciplines face racial inequality most directly in their academic environment, making the combination especially predictive. A Black sociologist, for example, is far more likely to study racial inequality than either a Black physicist or a white sociologist alone would suggest. The interaction between black and news_inequality_mentions_3_years captures a temporal amplification effect: when media coverage of racial inequality rises, Black researchers are particularly responsive to the heightened public discourse, channeling it into their academic work. The interaction between social_science and news_inequality_mentions_3_years reflects the fact that social scientists are the most responsive academic group to public discourse shifts -- when news highlights inequality, social science journals see the largest increase in related publications. All three interactions are positive because the paired features reinforce rather than substitute for each other in predicting racial inequality discussion.","social_science,female,authors_race_diversity_score,news_inequality_mentions_3_years,paper_inequality_mentions_3_years",2,,,,1,,,,,3,,4,5,+,,,,+,,,,,+,,+,+,"I ranked ""female"" first because the share of female authors is the most direct proxy for whether a paper discusses gender inequality -- female researchers are more likely to study gender-related topics from lived experience and academic interest. ""social_science"" is ranked second because gender inequality is predominantly studied within social science disciplines such as sociology, psychology, and political science. ""authors_race_diversity_score"" ranks third as a proxy for overall diversity consciousness: teams that are more racially diverse tend to also be more attuned to other forms of inequality, including gender. The two time-lagged features capture the zeitgeist effect -- rising public and academic attention to inequality in general creates an environment where gender inequality research increases. All signs are positive because higher values of each feature should increase the probability of discussing gender inequality.","news_inequality_mentions_3_years → (+) paper_inequality_mentions_3_years
news_inequality_mentions_3_years → (+) discusses_gender_inequality
paper_inequality_mentions_3_years → (+) discusses_gender_inequality
female → (+) discusses_gender_inequality
social_science → (+) discusses_gender_inequality
authors_race_diversity_score → (+) discusses_gender_inequality
social_science → (+) female
social_science → (+) authors_race_diversity_score","social_science,female","female,news_inequality_mentions_3_years","social_science,news_inequality_mentions_3_years",+,+,+,"Social science papers with female authors are more likely to discuss gender inequality because female researchers in social sciences often have direct experience with and academic interest in gender disparities. When news coverage of inequality increases, both female authors and social science researchers are more responsive to these public discourses, reinforcing each other's influence on the likelihood of discussing gender inequality. These interactions are positive because the combined presence of these features amplifies attention to gender issues beyond what each factor would predict independently.","The ML results largely align with my initial predictions. Social science being the top predictor confirms that disciplinary focus is the strongest driver. The prominence of female_score and country_race_diversity_score is consistent with my expectation that author demographics and geographic diversity matter. I initially ranked black as the most important feature, but the ML model places it at rank 5 with social_science at rank 1, suggesting that disciplinary context is a stronger predictor than individual author demographics alone. The positive signs for asian and black authors align with my reasoning that researchers from minority backgrounds are more likely to study racial inequality.","Social science remains the strongest predictor of whether a paper discusses racial inequality, as these disciplines (sociology, political science, economics) have racial inequality as a core research topic. Author demographics also matter: papers with higher shares of female, Asian, and Black authors are more likely to discuss racial inequality, reflecting that researchers from underrepresented groups and those with greater awareness of social disparities tend to engage with these topics. Country-level racial diversity of authors' origins positively predicts discussion of racial inequality, as researchers from more diverse national backgrounds bring broader perspectives on race. While I initially placed black as the top predictor, the ML evidence suggests disciplinary context (social_science) provides a stronger signal than any single demographic feature, likely because it captures the systematic study of race within entire fields rather than relying on individual author identity.","No update to the diagram. My initial causal structure remains valid after reviewing the ML evidence. The main adjustment is elevating social_science to the top position and treating author demographics (black, asian, female) as secondary but still important positive predictors.","The top two interactions involving social_science with paper and news inequality mentions align with my expectations -- social scientists are more responsive to both academic and public discourse on inequality. The surprising finding is the negative interaction between female and social_science (rank 3): the effect of female authorship on discussing racial inequality is smaller in social science papers. This may be because social science already has a high baseline rate of discussing racial inequality regardless of author gender, so the additional effect of female authorship is diluted. In non-social-science fields, having female authors may be a stronger differentiator for discussing racial topics.","The most important interaction for predicting racial inequality discussion is social_science * paper_inequality_mentions_3_years (+): social science papers are more responsive to recent academic trends in inequality research, amplifying discussion when the broader academic community is already engaged. Similarly, social_science * news_inequality_mentions_3_years (+) captures responsiveness to public discourse. The negative female * social_science interaction reflects a ceiling effect: social science papers discuss racial inequality at high rates regardless of author gender, so female authorship adds less predictive value within social science than in other disciplines. My initial theory that all interactions would be positive was partially wrong -- the female * social_science interaction is negative not because these features conflict, but because social_science already captures much of the variance that female authorship would otherwise explain.","To test the revised theory empirically, I would run a logistic regression predicting racial inequality discussion using the available features. First, test the main effect hypothesis by comparing coefficients of social_science, black, asian, female_score, and country_race_diversity_score -- the theory predicts all should be positive and social_science should have the largest coefficient. Second, test the interaction hypotheses by including interaction terms: social_science * paper_inequality_mentions_3_years and social_science * news_inequality_mentions_3_years should be positive, while female * social_science should be negative. Third, conduct a subgroup analysis comparing the predictive power of author demographics (black, female) within social science versus non-social-science papers to verify the ceiling effect hypothesis. Finally, use a difference-in-differences approach around major racial inequality news events (e.g., movements highlighted in news_inequality_mentions_3_years) to test whether social science papers show larger increases in racial inequality discussion compared to other fields.","Additional variables that would strengthen the evaluation: (1) Journal prestige or impact factor -- higher-ranked journals may have different editorial preferences regarding inequality topics. (2) Author's institutional affiliation type (e.g., HBCU vs. non-HBCU, research university vs. liberal arts college) -- institutional culture shapes research agendas. (3) Funding source indicators -- government grants (NSF, NIH) vs. private foundations may differentially incentivize inequality research. (4) Geographic region of the authors' institution (US South vs. Northeast, etc.) -- regional racial demographics and history may influence research focus. Expected results: papers from institutions with more diverse student bodies and from regions with greater racial diversity would show higher rates of discussing racial inequality, and these effects would be amplified for social science papers.","The ML results largely confirm my initial predictions. Social_science and female_score being the top two predictors aligns with my theory that disciplinary focus and author gender are the primary drivers. I initially ranked female first, but the ML model places social_science at rank 1, suggesting field-level effects dominate individual demographics. The appearance of natural_science with a negative sign is intuitive -- natural science papers rarely discuss gender inequality. Asian authors appearing at rank 4 with a positive sign is interesting and may reflect that Asian researchers in Western academia are attuned to diversity discussions. The paper_inequality_mentions_3_years at rank 5 confirms the temporal zeitgeist effect I predicted.","Social science is the strongest predictor of whether a paper discusses gender inequality, as gender is a core research topic in sociology, psychology, political science, and economics. Female authorship is the second most important predictor: female researchers are more likely to study gender-related topics from lived experience and academic interest. Natural science papers are less likely to discuss gender inequality, creating a strong disciplinary divide. Papers with a higher share of Asian authors are more likely to discuss gender inequality, possibly reflecting heightened awareness of diversity issues among Asian researchers in Western academic settings. Recent academic attention to inequality (paper_inequality_mentions_3_years) creates a zeitgeist effect that increases gender inequality research across all fields. My initial ranking of female as the top predictor was close but the ML evidence shows that being in social science provides an even stronger signal, likely because it captures both the topical focus of the field and the higher concentration of researchers interested in inequality.","No update to the diagram. The causal structure remains the same -- social_science and female are the two dominant predictors with positive effects, and temporal inequality attention amplifies both. The main refinement is that social_science should be placed above female in the hierarchy, and natural_science should be explicitly included as a negative predictor.","The top interaction social_science * paper_inequality_mentions_3_years (+) confirms that social science papers are more responsive to academic trends in inequality research. The second interaction social_science * news_inequality_mentions_3_years (+) similarly shows social scientists respond more to public discourse. The negative female * social_science interaction is the same pattern seen in racial inequality: within social science, female authorship adds less predictive value because social science papers already discuss gender inequality at high rates regardless of author gender. I initially predicted all interactions would be positive, so this negative sign was partially surprising but makes theoretical sense as a ceiling effect.","The most important interaction for predicting gender inequality discussion is social_science * paper_inequality_mentions_3_years (+): social science papers are disproportionately responsive to rising academic attention to inequality, amplifying gender inequality research when the broader scholarly community is engaged. Similarly, social_science * news_inequality_mentions_3_years (+) shows that social scientists translate public discourse on inequality into academic work more readily than other fields. The negative female * social_science interaction reveals a ceiling effect: social science already has high baseline rates of gender inequality discussion, so the additional effect of female authorship is diluted within this field. Female authorship is a stronger differentiator in non-social-science disciplines where gender inequality is not a standard research topic. This pattern mirrors the racial inequality interactions, suggesting a general mechanism where dominant disciplinary effects absorb demographic effects within the field.","To test the revised theory, I would run a logistic regression predicting gender inequality discussion using the available features. First, verify that social_science and female_score have the largest positive coefficients, and that natural_science has a negative coefficient. Second, test interaction effects: social_science * paper_inequality_mentions_3_years and social_science * news_inequality_mentions_3_years should be positive, while female * social_science should be negative. Third, conduct subgroup analysis: compare the marginal effect of female_score within social science vs. non-social-science papers to confirm the ceiling effect -- female authorship should have a larger positive effect outside social science. Fourth, use temporal variation in news_inequality_mentions_3_years to test whether social science papers show disproportionately larger increases in gender inequality discussion during periods of high media attention compared to natural science papers.","Additional variables that would strengthen the evaluation: (1) Author's career stage (junior vs. senior) -- junior female researchers may be more likely to study gender inequality as it relates to their own career experiences. (2) Journal editorial board gender composition -- journals with more female editors may publish more gender inequality research. (3) Country-level gender equality index (e.g., Global Gender Gap Index) of authors' institutional countries -- researchers in countries with greater gender gaps may be more motivated to study gender inequality. (4) Presence of gender studies departments at the authors' institutions. Expected results: papers from institutions with gender studies programs and from countries with larger gender gaps would show higher rates of discussing gender inequality, and these effects would be strongest for social science papers with female authors.",Theories proposed by human experts after reviewing the machine-learning results,Theories proposed by human experts after reviewing the machine-learning results,Interesting survey design. The iterative theory-revision process with ML evidence is a thoughtful way to study human-AI collaboration in theory building. Thank you for the opportunity to participate.,25,Male,China,United States of America,15,2027,Data Science and Statistics,0,0,0,
0,Quang Minh Nguyen,"social_science,black,authors_race_diversity_score,country_race_diversity_score,paper_inequality_mentions_3_years",1,,,,,,2,,,3,4,,5,+,,,,,,+,,,+,-,,+,"This topic of racial inequality is usually more considered in social science. The black people tend to experience racial inequality more, so a paper with many black authors may be an indicator of this topic. Since this topic of research is inherently diverse, a paper with high diversity score imply that racial inequality is one potential good fit in terms of research topic. Author list with lower country_race_diversity_score may imply that most of the authors are from countries that are not diverse in races (like some European countries) and thus more likely exhibit racial inequality. Finally, many papers discussing inequality in the past 3 years mean that the topic of inequality subsuming racial inequality is trendy now.","social_science →+ this is the field that more likely than not concerns racial inequality →+ the paper has higher chance discussing racial inequality.

black →+ most of the authors may have experienced racial inequality →+ the paper has higher chance discussing racial inequality.

authors_race_diversity_score →+ the topic of research is commonly diverse in nature that fits the authors' interests →+ racial inequality is one potential topic.

country_race_diversity_score →+ the authors are from countries that are diverse in races →- the authors are from countries that suffer from racial inequality →+ the paper has higher chance discussing racial inequality.

paper_inequality_mentions_3_years →+ inequality is a trendy topic among scientific community →+ the paper has higher chance discussing racial inequality.","social_science,black","num_authors,black","black,paper_inequality_mentions_3_years",+,+,+,"Black people are more likely to suffer from racial inequality. However, this factor along may not be enough to conclude that the topic of the paper is racial inequality. 

Since social science concerns racial inequality more, a paper in social science with mostly black authors may imply a higher chance of racial inequality being the paper's topic. 

As research on racial inequality usually involves survey and lots of efforts, large number of black co-authors may imply higher chance of racial inequality being the paper's topic. 

Higher paper_inequality_mentions_3_years means that the topic of inequality in general, which subsumes racial inequality, is trendy. Under such circumstance, the mutual interest of an author list comprised of mostly black authors would more likely be racial inequality.","social_science,female,country_race_diversity_score,news_inequality_mentions_3_years,paper_inequality_mentions_3_years",5,,,,3,,,,,,4,2,1,+,,,,+,,,,,,-,+,+,"Since the topic of the paper is partially governed by the scientific and social trends (in the past 3 years for example), I believe that higher number of papers or news on the topic of inequality would imply higher probability that a paper discusses gender inequality. I also pick social science as a feature as research on this topic tends to belong to this group (rather than engineering). Finally, the backgrounds of the authors can be highly relevant to the topic of the paper. Gender inequality as a topic perhaps receives more attention from women, so the higher female ratio in the author list can be a good indicator. Also, in country with very skewed male to female ratio (more males than females) like UAE countries, gender inequality is more common, which may motivate research in this topic. ","paper_inequality_mentions_3_years →+ the topic on gender inequality is more trendy recently in scientific community →+ paper has higher chance of discussing gender inequality.

news_inequality_mentions_3_years →+ the topic on gender inequality is more trendy recently in society →+ inequality as a topic is on everyone's mind more easily →+ paper has higher chance of discussing gender inequality.

social_science →+ research in this field has more tendency to concern the topic of gender inequality →+ paper has higher chance of discussing gender inequality.

female →+ the topic of the paper must be within interests of the majority of the co-authors, who mostly are females →+ paper has higher chance of discussing gender inequality.

country_race_diversity_score →+ the authors are from countries that are diverse in race  →- the country likely suffers from gender imbalance →+ paper has lower chance of discussing gender inequality.

","social_science,paper_inequality_mentions_3_years","female,country_race_diversity_score","female,asian",+,-,+,"For the first relation, I think most papers on gender inequality are from the field of social science, so they further reinforce each other's influence. On the other hand, if a paper falls in a period of 3 years with gender inequality being a trendy topic (i.e. high paper_inequality_mentions_3_years) and yet is from an engineering field, such former information becomes much less relevant.

Lower country_race_diversity_score would imply that the authors are from countries with unbalanced gender ratio. If most of the authors on the author list are females, they probably have experienced such gender inequality, thereby caring about this topic more. Hence, the paper has higher chance of discussing gender inequality.

Among races with high gender inequality, people from Asian countries also care about education. Hence, an author list with high percentage of female Asian co-authors may more likely discuss gender inequality. ",It is surprising to me that female_score is ranked 2 in this. ,"After reviewing the ML results, I choose not to revise my original theoretical explanation. The reason is that I interpret the two features ""female_score"" and ""asian"" that the ML model chose as correlations (with inequality in general, especially gender inequality) rather than fundamental drivers of topic choice. ","After reviewing the ML results, I choose not to revise my initial diagram.","""female * social_science"" and ""social_science * paper_inequality_mentions_3_years"" are also top interactions for gender inequality back then. It is surprising to me that no feature directly on race appears here in the ML results. ","After reviewing the ML results, I choose not to revise my original theoretical explanation. It disturbs me that no feature directly on race appears here in the ML results. 

Hence, I suspect that the interactions from the ML model result from correlations (with inequality in general, especially gender inequality) rather than being fundamental drivers of topic choice. 

After see the ML results, I also don't think that my choices are the best, but at least they make more sense than the ML results, comprising no feature related to race.","Similar to the case of gender inequality, we can design regression-based analyses to empirically examine the relationship between racial inequality and the stated features. Again, as the output is binary (1 for racial inequality and vice versa), we can use logistic or probit regression, as well as linear probability models. 

Moreover, it is worth examining whether racial inequality and gender inequality are systematically associated, and including gender inequality as a control variable helps reduce omitted variable bias in the regression analysis.","It would be useful to include a variable measuring whether the paper also discusses other forms of inequality, such as gender inequality or class inequality. This could be used as an additional regressor in a binary-outcome model for whether a paper discusses racial inequality. We expect that papers engaging with one form of structural inequality would be more likely to engage with racial inequality.","They share some overlap with my results.

I did not pick natural science because I felt that quite some work in data science or engineering still discuss gender inequality (e.g. from a data analysis point of view). I did not 

I also did not pick Asian specifically, because I think gender inequality is a problem in some other races as well. But thinking more carefully, I think it is perhaps a more common problem in Asian countries and Asian people care about education. So ""Asian"" can be a good indicator.  ","Since the topic of the paper is partially governed by the scientific trends (in the past 3 years for example), I believe that higher number of papers  on the topic of inequality would imply higher probability that a paper discusses gender inequality. I also pick social science as a feature as research on this topic tends to belong to this group (rather than engineering). Finally, the backgrounds of the authors can be highly relevant to the topic of the paper. Gender inequality as a topic perhaps receives more attention from women, so the higher female ratio in the author list can be a good indicator. Moreover, it is a more common problem in Asia, so higher ratio of Asian authors in the author list can be a good indicator. Also, in country with very skewed male to female ratio (more males than females) like UAE countries, gender inequality is more common, which may motivate research in this topic. ","paper_inequality_mentions_3_years →+ the topic on gender inequality is more trendy recently in scientific community →+ paper has higher chance of discussing gender inequality.

Asian →+ the authors are from countries that have gender inequality issues →+ the authors care about this topic →+ gender inequality is the paper's topic

social_science →+ research in this field has more tendency to concern the topic of gender inequality →+ paper has higher chance of discussing gender inequality.

female →+ the topic of the paper must be within interests of the majority of the co-authors, who mostly are females →+ paper has higher chance of discussing gender inequality.

country_race_diversity_score →+ the authors are from countries that are diverse in race  →- the country likely suffers from gender imbalance →+ paper has lower chance of discussing gender inequality.
","The first one overlaps with mine. I think the 2nd one ""social_science * news_inequality_mentions_3_years"" makes sense, yet is not a very meaningful one, as it is repetitive with the rank-1  second-order interaction. 

","For the first relation, I think most papers on gender inequality are from the field of social science, so they further reinforce each other's influence. On the other hand, if a paper falls in a period of 3 years with gender inequality being a trendy topic (i.e. high paper_inequality_mentions_3_years) and yet is from an engineering field, such former information becomes much less relevant.

Since the topic of gender inequality gets more attention from female and mostly discussed in social science, these two features complement each other. 

Among races with high gender inequality, people from Asian countries also care about education. Hence, an author list with high percentage of female Asian co-authors may more likely discuss gender inequality. ","We know that gender inequality is correlated with those stated features. One possible test is regression-based analysis to empirically validate such correlation. Since we have binary outcome (0 for no gender inequality and vice versa), we can try some models like logit/probit regression or linear probability model.
","One aspect is that the authors' backgrounds or research interests may matter more than demographic composition. 

Hence, a useful additional variable could be a measure of authors’ prior research interests, such as whether the authors have previously published on (either gender or racial) inequality. This variable could be constructed from the authors’ past publication records or keywords in their earlier papers. Then, we can integrate it into the regression model predicting whether the current paper discusses gender inequality. I suspect it can happen that authors whose backgrounds are highly correlated with gender inequality may still not publish in gender inequality without relevant prior research interest.",Theories proposed by human experts after reviewing the machine-learning results,Theories proposed by GenAI models after reviewing (1) the machine-learning results and (2) the revised theories of human experts who have reviewed the machine-learning results,"Since both gender inequality and racial inequality are under the same category, including another topic can be useful. Also, I feel that one of GenAI's weakness is its critical thinking to find subtle flaws/points. Some thoughts on that can be helpful.   ",29,Male,Viet Nam,United States of America,10,2026,Electrical Engineering and Computer Science,,0,1,Massachusetts Institute of Technology
0,Duygu Yilmaz,"social_science,female,black,news_inequality_mentions_3_years,paper_inequality_mentions_3_years",1,,,,5,,4,,,,,3,2,+,,,,+,,+,,,,,+,+,"If a paper is published in a social science journal, compared to other journals from other domains, it has a higher probability of being about racial inequality. So, journal domain is one of the most determinative effects compared to other four factors. 

If inequality is a current theme that the population is concerned about, and this can be due to any population-level issue (e.g., Black Lives Matter), we would expect an increase in media coverage of inequality. This increase in public concern leads to a growing public need for explanation and solutions, thus, academic attention would shift toward inequality research. High coverage of inequality in news may directly increase the probability of a current paper focusing on racial inequality, as editors are more likely to be influenced by public issues. 

Also, high coverage of inequality in news would increase the number of papers focusing on inequality within the last three years, and this would further increase the probability of a current paper focusing on one component of that general issue, namely racial inequality.

Lastly, even though we cannot draw complete causal chains between author demographics and a domain they prefer to investigate (e.g., there might be other factors explaining this link such as early socialization), a team of researchers who has a higher representation of female and black authors might have a higher probability of publishing in a social science journal, which potentially increases the probability of their paper being about racial inequality.  This is not a direct causal link, but, being a member of an underprivileged or disadvantaged category would increase their intention to investigate social issues, or be more perceptive towards those, and shape their academic interests in a way that it would align more with social science journals. 
","news_inequality_mentions_3_years→  (+) papers_inequality_mentions_3_years (mediator) → (+) paper discusses racial inequality
news_inequality mentions_3_years→  (+) paper discusses racial inequality
female → (+) social_science (mediator)  → (+) paper discusses racial inequality
black → (+) social_science (mediator)  → (+) paper discusses racial inequality
black → (+) paper discusses racial inequality


","black,news_inequality_mentions_3_years","female,black","female,news_inequality_mentions_3_years",+,+,+,"Black researchers would be more likely to focus on race inequality. During periods of high media coverage of inequality, their motivation to publish on racial inequality would increase, go beyond what either variable predicts alone. This is the most important interaction because it puts two separate chains (e.g., author race and news coverage) together and create the strong combined effect on the outcome.


A team with higher in Black and female representation creates a intersecting disadvantaged identities and produce stronger sensitivity to structural inequality than either dimension alone. This is the second most important interaction because both variables share the same mediator (publishing in a social science journal) and additionally being black has a direct path to the outcome.



During periods of high news coverage of inequality, female authors, regardless of their race, are might be more motivated to pick social science journals. High public coverage would boost the effect of female authorship through the social science mediator, thus, increase the probability of the paper being about racial inequality. This interaction is weaker than the first two it operates through only one mechanism (social science as the mediator)","social_science,natural_science,engineering_and_technology,female,news_inequality_mentions_3_years",3,2,1,,4,,,,,,,5,,+,-,-,,+,,,,,,,+,,"If a paper was published in engineering and technology journal, the probability of it being on gender inequality is very low. 

If a paper was published in natural science journal, probability of it being on gender inequality is low.

If a paper was published in social science journal, probability of it being on gender inequality is high, but it might be less deterministic than the engineering and technology, and natural science journals.

Probability of a female authors publishing a paper related to gender inequality is higher. 

Probability of a female author choosing social science as a domain is higher, thus, publishing a paper related to gender inequality. 

If a paper was published in a time when news give high coverage to inequality matters, the probability of it being on gender inequality increases because high coverage of inequality motivates researchers to focus on inequality, and one component of it is gender inequality. 

","engineering_and_technology → (-) paper discusses gender inequality
natural_science → (-) paper discusses gender inequality
social_science → (+) paper discusses gender inequality
female  → (+) paper discusses gender inequality
female → (+) social_science  → (+) paper discusses gender inequality
news_inequality_mentions_3_years → (+) paper discusses gender inequality","social_science,female","engineering_and_technology,female","social_science,news_inequality_mentions_3_years",+,-,+,"Female authors's probability of publishing a paper on gender inequality might increase if there is a period of heightened media coverage of inequality.

Being in an engineering and technology domain might decrease a female author's probability of publishing a paper about gender inequality.

If there is a period of high news coverage of inequality, social science journals editors's probability of publishing gender inequality paper might increase
","I did not expect the country race diversity score to influence the probability of publishing a paper on racial inequality. This was because of how the country race diversity score is calculated. In its current form, there is no guarantee that all members of the author team will be coming from the same country. Four of them might be from the same highly diverse country, but the other two might be from a relatively homogeneous country. The score would be higher towards diversity, but there is no guarantee that the other two authors also have the same concerns as the authors from countries with race diversity. Therefore, I did not find this score a reliable predictor, considering the amount of collaboration happening in academia.


Instead, I thought news coverage on equality and current scientific trends favoring inequality research would be better predictors of the probability of a paper being on racial inequality. This was related to public concerns, and the motivation that researchers might feel to investigate inequality. 

","I don't want to revise my theory in a way that it would include country_race_diversity_score. I still don't think that it would be a reliable predictor, and I still think that news covering inequality would be good positive predictor for the probability of a paper to be about racial inequality. I think science follows population level problems. 

But, I'd switch number of papers mentioning inequality in 3 years with Asian category. I think it is more reliable predictor than my initial theory. ","news_inequality mentions_3_years→  (+) paper discusses racial inequality
female → (+) social_science (mediator)  → (+) paper discusses racial inequality
black → (+) social_science (mediator)  → (+) paper discusses racial inequality
black → (+) paper discusses racial inequality
asian → (+) paper discusses racial inequality
","Results diverged from my secondary interactions, my focus was on author demographics and I thought they would be more influential in interaction with other predictors. 

However model predictions make sense to me. ","I think my first and last predictions still would hold, and I'd like to keep them. I'd revise my second prediction, where I predicted Black and Female interaction would predict a higher probability of papers on racial inequality. I think ML's first prediction, social_science * paper_inequality_mentions_3_years is a stronger one here. So, I am revising my second prediction with ML's first prediction.","Regressions:
paper discusses racial inequality ~ Black + Asian + news_inequality mentions_3_years 

For mediation: 
social_science ~ Female + Black
paper discusses racial inequality ~ social science + Black + Female
paper discusses racial inequality ~ Black + Female


","I think the regression models can include the predictors below: 

country_race_diversity_score: Authors from more racially diverse countries might be more exposed to racial inequality issues generally. This potentially confound the effect of black authorship specifically. It might be good to add this as a control variable and expected result would be that black coefficient remains significant after controlling for country diversity, confirming that Black authors has a specific effect beyond general country-level diversity exposure.

papers_inequality_mentions_3_years: The broader scientific trends - how much focus was given to inequality in research within the last 3 years- may increase the probability of a current paper discusses racial inequality, regardless of author identity or news coverage. Also it might be good to add it as a control variable to ensure that  black, female, and news_inequality effects are not only capturing the general academic momentum around inequality research. Expected result: main predictors remain significant after accounting for prior academic salience. 
","ML and I, we are overlapping in our predictions regarding social_science, female_score and natural_science. However, in my predictions, I predicted that a paper being in a engineering and technology journal has a lower probability of being about gender inequality. I still think that this is a valid prediction. I also don't understand why when natural_science negatively predicts a paper being on gender inequality, engineering and technology journal doesn't. 

ML predicted that asian authors are more likely to discuss gender inequality. I don't understand why Asian authors are more likely to discuss gender inequality, or how can this be justified. I feel like there might be confounds such as overrepresentation of Asian researchers in the US. 

One of my predictions were based on news_inequality_mentions_3_years, but model predictions picked paper_inequality_mentions_3_years. I think both of these would work, just mine is a little bit distant predictor comparing to paper_inequality_mentions_3_years. I think paper_inequality_mentions_3_years can also be a good predictor. ","If a paper was published in engineering and technology journal, the probability of it being on gender inequality is very low. 

If a paper was published in natural science journal, probability of it being on gender inequality is low.

If a paper was published in social science journal, probability of it being on gender inequality is high, but it might be less deterministic than the engineering and technology, and natural science journals.

Probability of a female authors publishing a paper related to gender inequality is higher. 

Probability of a female author choosing social science as a domain is higher, thus, publishing a paper related to gender inequality. 

[Updated part]: If a paper was published in a time when academia focuses on inequality matters (paper_inequality_mentions_3_years) the probability of it being on gender inequality increases.","engineering_and_technology → (-) paper discusses gender inequality
natural_science → (-) paper discusses gender inequality
social_science → (+) paper discusses gender inequality
female  → (+) paper discusses gender inequality
female → (+) social_science  → (+) paper discusses gender inequality
paper_inequality_mentions_3_years → (+) paper discusses gender inequality","The following predictions of ML diverges from my predictions: 

(1) social_science * paper_inequality_mentions_3_years: I think this is a valid prediction, and I think it is stronger than my first prediction (i.e., Female authors's probability of publishing a paper on gender inequality might increase if there is a period of heightened media coverage of inequality). I still think that female authors might be more likely to focus on gender inequality during the heightened media coverage of inequality, however, ML prediction seems more deterministic than my prediction. 


(2) female * social_science: I think this is a valid prediction, and I think my second prediction (i.e., Being in an engineering and technology domain might decrease a female author's probability of publishing a paper about gender inequality.) is not valid, and I realized this after seeing the model prediction. Statistically, within a domain like engineering and technology, if the share of female authors are higher in an article, it increases the probability of that paper being on gender inequality. I predicted the sign wrong. I am going to revise my theory based on this. 

I also want to update my language, I think the language I used didn't represent the variables correctly. ","The probability of a paper with high female author representation focusing on gender inequality might increase if there is a period of heightened media coverage of inequality.

Being in an engineering and technology domain might increase the probability of a paper with high female author representation focusing on gender inequality

During a period of high news coverage of inequality, the probability of a social science journal publishing gender inequality paper increases","Regressions:
paper discusses gender inequality ~ engineering_and_technology
paper discusses gender inequality ~ natural_science
paper discusses gender inequality ~ social_science 
paper discusses gender inequality ~ paper_inequality_mentions_3_years 

Mediation specifically:
paper_discusses_gender_inequality ~ female
social_science ~ female
paper discusses gender inequality ~  social science + female

","'- Economic equality index of the countries that the authors are from (e.g., authors coming from countries with higher economic wellbeing might be more likely to investigate gender inequality). Especially, if it is a time with high academic focus on inequalities, the probability of current paper focusing on gender inequality increases due to potential higher financial support to respond to keep up with the academic trends. 

Authors' previous publication topics (e.g., authors who previously published on inequality might be more likely to do so again). Especially, if it is a time with high academic focus on inequalities, the probability of current paper focusing on gender inequality increases if the authors are people who previously published on equality. 

",Theories proposed by GenAI models after reviewing (1) the machine-learning results and (2) the revised theories of human experts who have reviewed the machine-learning results,Theories proposed by human experts after reviewing the machine-learning results,"It took me way more than 2 hours to complete the survey. In the first section, I had a slightly hard time capturing what kind of theory you were looking for. For example, whether it should be something that real world data would support, and how complex it was supposed to be. The second part (gender for me) was easier once I figured out the survey.

Thanks for the opportunity! Looking forward to seeing the results.",28,Female,Turkey,United States of America,17,2028,Psychology,,1,,New York University
0,Kai Chang,"black,hispanic_and_other,white,authors_race_diversity_score,country_race_diversity_score",,,,,,,1,2,3,4,5,,,,,,,,,+,+,-,-,+,,,"For a particular academic work, the most important factors are related to that work itself. Therefore, features that are more related to the entire society, such as the news score, is less relevant than the particular features of the paper, such as the racial background of the authors. 

In terms of particular races, black people historically are discrimanated against, and in modern society such discrimanations still persist. Therefore, black people tend to experience the problems caused by racial inequalities more, and thus are more interested in conducting research on these problems. 

Similarly, hispanic people have also had a long history of being discrimanated against, although perhaps less pronounced than black folks. 

White people, on the other hand, are the priviledged group, and tend to experience these problems first-hand much less frequently than others. Therefore, less white people will feel the urge of solving these problems. More white people on the author list thus leads to a decreased probability for a paper to be about racial inequality. 

The race diversity score is an aggregated information about the authors' racial background. Different races have very different experience of racial inequalities. Therefore, a more diverse group of authors should have less interest in common in terms of the racial inequality problem, leading to a decreased chance of writing a paper together on the topic. 

The social context is also important. Countries that are more racially diverse tend to face more racial inequality issues than more racially homogeneous societies. This would inspire more people to look into this issue, and produce more relevant papers. For instance, even if all of the authors are black, if they live in an all-black country, it is much less likely for them to experience racial inequality issues than if they were living in a more diverse society. 

In terms of the order, the more fine-grained about the author background a feature is, the more prioritized it is on the list. And the reason for the ranking of the particular races has already been given above. Thus the ranking. ","black (X1) → (+) past experience (mediator) → (+) academic interest (mediator) → (+) paper content (Y)

hispanic (X2) → (+) past experience (mediator) → (+) academic interest (mediator) → (+) paper content (Y)

white (X3) → (-) past experience (mediator) → (-) academic interest (mediator) → (-) paper content (Y)

country race diversity (X4) → (+) societal interest (mediator) → (+) academic interest (mediator) → (+) paper content (Y)

author diversity (X5) → (-) experience in common (mediator) → (-) interest in common (mediator) → (-) paper content (Y)","black,country_race_diversity_score","hispanic_and_other,country_race_diversity_score","white,country_race_diversity_score",+,+,+,"In a more racially diverse country, racially underpriviledged group--black and hispanic in this case-- are more likely to have experienced issues associated with racial inequality. Therefore, a higher country race diversity score would imply that the racially disadvantaged group has a higher chance of conducting research on racial inequalities, reinforcing the races' influence on predicting the content of the paper. Conversely, if more authors are from the underpriviledged group, the effect of living in a more diverse country is pronouced.

Similarly, in a more racially diverse country, priviledged group--white in this case--would witness more issues associated with racial inequality, leading them to consider more working on this problem. Conversely, if more authors are from the priviledged group, the effect of living in a more diverse country is pronouced.","social_science,natural_science,engineering_and_technology,female,paper_inequality_mentions_3_years",5,3,2,,1,,,,,,,,4,+,-,-,,+,,,,,,,,+,"The most important factor is gender, i.e. female. Females are more likely to face issues associated with gender inequality. More females on the author list are thus more likely to imply that the paper is about gender inequality.

Races are less relevant in the context of gender inequality. Therefore there is no race in this list.

If the paper is about natural science or engineering and technology, it's much less likely that the paper is about gender inequality. If the paper is about social science, it's possible that it's about gender inequality, but the effect is not as strong as being about engineering or natural science. 

If there are more recent papers on gender inequality, this means the community has a growing interest in the topic, therefore leading to more related works in the field.","Females (X1) → (+) witness/experience issues of gender inequality (mediator) → (+) paper content (Y)

paper_inequality_mentions_3_years (X2) → (+) past literature (mediator) → (+) community interest (mediator) → (+) future works (mediator) → (+) paper content (Y)

natural_science (X3) → (-) relevant interest (mediator) → (-) paper content (Y)

engineering_and_technology (X4) → (-) relevant interest (mediator) → (-) paper content (Y)

social_science (X3) → (+) relevant interest (mediator) → (+) paper content (Y)","female,paper_inequality_mentions_3_years","female,news_inequality_mentions_3_years","social_science,female",+,+,+,"The most important interactions are all related to gender (female), because the question of interest here is to predict whether the paper is about gender inequality. 

If there are more recent papers regarding inequality, then there is a growing academic interest in issues regarding gender inequality. Under this condition, having more females on the list leads to a larger chance of discussing gender inequality issues. Therefore, the effect of having more females is more pronouced. Conversely, if the author list has more females, then the effect of having more recent papers regarding gender inequality would also be pronouced.

Similarly, if there are more recent news regarding inequality, then there is a growing societal interest in issues regarding gender inequality. Under this condition, females are more likely to have a recent direct witness/experience with such issues. As such, having more females on the list leads to a larger chance of discussing gender inequality issues. Therefore, the effect of having more females is more pronouced. Conversely, if the author list has more females, then the effect of having more recent news regarding gender inequality would also be pronouced.

Lastly, under the condition that the paper is about social science, having more females on the author list makes it more possible for the paper to be about gender inequality. Conversely, under the condition that there are more females on the author list, if the paper is in social science, more likely it will be about gender inequality.","I am surprised that the top feature is social_science. The reason is that there are many subfields of social science, and having a paper in social science should not be an indicator of whether the paper is about gender inequality, simply because there are many possible topics under social science. I am wondering how the gathered dataset looks like. If the dataset itself is biased, i.e. if most of the social science papers are about gender inequality, then I feel that the interpretation is not fair. In short, I think it's true that ""Papers in social science fields are more likely *than papers in STEM* to discuss racial inequality"", but I don't really believe simply being in social science is the best predictor. 

I'm also surprised asian is ranked this high, specifically higher than black. I am wondering whether this is also a dataset bias. The Asian population is the biggest in the world, and in academia, the Asian population also prevails. Therefore, having asian ranked this high could well be a dataset bias. On the other hand, black people historically have much fewer education resources, so black scholars are also rarer than other races. Having black at 5 could also be a dataset bias. ","I choose not to update my response, because I cannot believe in the results without examining the dataset, and I stand with my initial evaluation.","I choose not to update my response, because I cannot believe in the results without examining the dataset. ","The signs make sense, but I'm not sure whether these are the most impactful interactions. All of the interactions are regarding social science. I wonder whether this is just because most of the training data consists of social science papers. For instance races are not showing up in the list, of which I feel doubtful. I cannot say the result makes sense before examining the dataset more closely.",I choose not to update my response because I cannot believe the results are fair and make sense before examining the set up more closely.,"I think the most important thing is to make the dataset fair for drawing conclusions, regardless of the methods used. Some ideas: make the dataset racially balanced by subsampling, or use weighted training loss using the original dataset to outweigh under represented data classes. ","Quite frankly, I'm not familiar enough with the field to give research suggestions. But I can try. 

Right now, the country score is on where the authors are born. Could be very interesting to also look at where the authors are based in. I'm very interested in seeing how much difference do these two factors make.","The list highly aligns with my response. I'm very surprised to see ""asian"" up there. I think it could be the same problem as before: Asian population is just much larger than other races. I cannot take the result as is before examing the dataset more closely and ruling out dataset bias. ","I choose not to make any modification. I'm not convinced ""Asian"" should be there by simply looking at the result. I need more information about the dataset. The other four are aligned with my initial resonse.","I choose not to make any modification. I'm not convinced ""Asian"" should be there by simply looking at the result. I need more information about the dataset. The other four are aligned with my initial resonse.","All of the interactions are around social science, which doesn't make sense to me. The third makes sense but the sign does not. Since the goal here is to predict gender inequality, i think it makes more sense to have more interactions around ""female"". I am not convinced by the result before examining the dataset more closely.


",I choose not to modify my original response. I cannot be convinced by the result before ruling out dataset bias.,"To me, the crucial thing here is not about a particular method. They could all make sense if performed properly. The most important thing to me is to ensure the set up and the method is fair with respect to the conclusion being drawn. If as described, the dataset simply covers all publications from 2000 to 2020, there could be a lot of bias there--for instance Asians definitely publish much more papers--and drawing the resepctive conclusions does not make sense to me. I am more concerned to make the setup more fair through rebalancing the dataset or loss function.","I think it will be interesting to get more granular gender classifications here. Right now, there is only female, and i suppose the reason why male is not even in there is because the assumption is that there are only two genders. If a dataset on non-binary genders can be properly acquired, more detailed and interesting conclusions can potentially be drawn.",Theories proposed by human experts after reviewing the machine-learning results,Theories proposed by human experts after reviewing the machine-learning results,I think more information about the experiment set up should be given to the participants,25,Male,China,United States of America,18,2028,Applied math,0,,,"Center for Computational Science and Engineering, Massachusetts Institute of Technology"
0,Yichi Zhang,"social_science,black,authors_race_diversity_score,country_race_diversity_score,paper_inequality_mentions_3_years",3,,,,,,1,,,2,5,,4,+,,,,,,+,,,+,+,,+,"The selected features capture both direct semantic relevance and broader structural mechanisms that shape the likelihood that a paper discusses racial inequality. The feature “black” is ranked as the most important with a positive sign because it directly reflects the primary group most frequently associated with racial inequality discourse in academic literature, making it a strong semantic indicator. The authors_race_diversity_score also has a positive effect, as more diverse research teams are more likely to bring varied perspectives and thus pay greater attention to issues of racial inequality. The social_science feature is assigned a positive sign because disciplines within the social sciences are inherently more focused on studying inequality, institutions, and social structures. The paper_inequality_mentions_3_years variable captures temporal trends in academic discourse; when inequality becomes more prominent in recent literature, new papers are more likely to engage with racial inequality as well. Finally, country_race_diversity_score reflects the broader societal context, where more racially diverse environments tend to generate more research attention to racial issues. ","Black → (+) Salience of Racial Issues in Research Topics → (+) Discussion of Racial Inequality

Authors’ Race Diversity Score → (+) Exposure to Diverse Perspectives → (+) Awareness of Racial Inequality → (+) Discussion of Racial Inequality

Social Science → (+) Disciplinary Focus on Social Structures → (+) Research Attention to Inequality → (+) Discussion of Racial Inequality

Paper Inequality Mentions (3 Years) → (+) Academic Trend Salience → (+) Topic Adoption in New Papers → (+) Discussion of Racial Inequality

Country Race Diversity Score → (+) Societal Diversity Context → (+) Institutional Emphasis on Race-related Issues → (+) Discussion of Racial Inequality","social_science,black","black,authors_race_diversity_score","social_science,paper_inequality_mentions_3_years",+,+,+,"The selected interaction effects reflect reinforcing relationships between semantic signals, author composition, disciplinary context, and temporal trends in shaping discussions of racial inequality. First, the interaction between black and social_science is positive because social science disciplines are more oriented toward studying structural inequality, and the presence of Black-related content further amplifies the salience of racial inequality topics within these fields. Second, the interaction between black and authors_race_diversity_score is positive, as more racially diverse research teams are more likely to recognize and emphasize racial inequality when engaging with topics related to Black populations, reflecting complementary effects of semantic relevance and perspective diversity. Finally, the interaction between social_science and paper_inequality_mentions_3_years is positive because social science fields are more responsive to shifts in academic discourse; when inequality becomes more prominent in recent literature, these disciplines are more likely to adopt and intensify this trend.","female,asian,white,authors_race_diversity_score,country_race_diversity_score",,,,,1,4,,,5,2,3,,,,,,,+,+,,,-,+,+,,,"The ranking and signs of the selected features reflect both direct semantic relevance and broader sociological mechanisms underlying academic discourse on gender inequality. The feature “female” is assigned the highest importance with a positive sign, as a higher presence of female-related content or authorship is directly associated with increased attention to gender-related issues, consistent with standpoint theory and identity-driven research agendas. Measures of diversity, including authors_race_diversity_score and country_race_diversity_score, are also assigned positive effects, as more diverse academic environments tend to foster greater awareness and discussion of inequality topics through exposure to heterogeneous perspectives and institutional emphasis on inclusion. In contrast, demographic indicators such as “asian” and “white” are less directly tied to gender discourse; however, they may proxy for underlying cultural or institutional contexts.","Female → (+) Representation of Women in Research Topics → (+) Discussion of Gender Inequality

Female → (+) Female Authorship / Perspective Diversity → (+) Attention to Gender Issues → (+) Discussion of Gender Inequality

Authors’ Race Diversity Score → (+) Exposure to Diverse Perspectives → (+) Awareness of Social Inequality → (+) Discussion of Gender Inequality

Country Race Diversity Score → (+) Institutional Emphasis on Inclusion → (+) Research Focus on Inequality Topics → (+) Discussion of Gender Inequality

Asian → (+) Emerging Academic Focus on Social Issues → (+) Discussion of Gender Inequality

White → (–) Dominant Group Perspective → (–) Salience of Gender Inequality Topics → (+) Discussion of Gender Inequality","social_science,female","female,paper_inequality_mentions_3_years","social_science,paper_inequality_mentions_3_years",+,+,+,"The selected interaction effects reflect complementarities between author characteristics, disciplinary context, and broader research trends in shaping the likelihood that a paper discusses gender inequality. First, the interaction between female and social_science is positive because these two factors mutually reinforce each other: social science disciplines are inherently more oriented toward studying inequality, and a higher presence of female authors further amplifies attention to gender-related issues through perspective diversity and lived experience. Second, the interaction between female and paper_inequality_mentions_3_years is also positive, as female representation makes research teams more responsive to rising academic interest in inequality topics, translating general trends into more focused gender inequality discussions. Finally, the interaction between social_science and paper_inequality_mentions_3_years is positive because social science fields are more sensitive to shifts in scholarly discourse; when inequality becomes more salient in recent literature, these disciplines are more likely to absorb and intensify this trend. ",They are same.,No need to revise.,"Social Science → (+) Disciplinary Focus on Social Structures → (+) Attention to Racial Inequality → (+) Discussion of Racial Inequality

Black → (+) Salience of Racial Issues in Research Topics → (+) Discussion of Racial Inequality

Female Score → (+) Perspective Diversity and Sensitivity to Inequality → (+) Attention to Racial Issues → (+) Discussion of Racial Inequality

Country Race Diversity Score → (+) Societal Diversity Context → (+) Institutional Emphasis on Race-related Issues → (+) Discussion of Racial Inequality

Asian → (+) Regional / Institutional Context → (+) Attention to Racial Inequality → (+) Discussion of Racial Inequality

Natural Science → (–) Disciplinary Distance from Social Inequality Topics → (–) Attention to Racial Inequality → (+) Discussion of Racial Inequality","The negative interaction between female and social_science is somewhat unexpected and suggests an important refinement to my initial theory. One possible explanation is that within social science disciplines, attention to racial inequality is already structurally embedded and less dependent on the gender composition of the research team. In other words, while female authorship may increase sensitivity to inequality-related issues in disciplines where such topics are less central, its marginal effect diminishes in fields where racial inequality is already a core research focus. ","First, the interaction between social_science and paper_inequality_mentions_3_years remains strongly positive, as social science disciplines are more sensitive to changes in academic attention and are more likely to amplify emerging trends in inequality research. Similarly, the interaction between social_science and news_inequality_mentions_3_years is positive, reflecting the responsiveness of these fields to broader societal discourse and media attention.

However, the interaction between female and social_science is better understood as exhibiting diminishing marginal effects rather than reinforcement. While female authorship contributes to increased attention to inequality-related topics, this effect is stronger in disciplines where such topics are not already central. In social sciences, where racial inequality is already a well-established area of research, the additional contribution of female representation becomes smaller, leading to a negative interaction effect in marginal terms. This reflects a saturation or substitution mechanism, where multiple predictors operate through overlapping channels.","First, I would estimate a baseline logistic regression where the dependent variable is whether a paper discusses racial inequality. The key independent variables would include social_science, black, female, authors_race_diversity_score, country_race_diversity_score, asian, natural_science, and paper_inequality_mentions_3_years. This model allows us to test the main effects predicted by the theory. I would expect strong positive coefficients for social_science and paper_inequality_mentions_3_years, reflecting the dominant role of disciplinary context and temporal trends, as well as a positive effect for black as a direct semantic indicator. Diversity measures should also have positive effects, consistent with the exposure-to-perspective mechanism.

Second, I would test interaction mechanisms by including terms such as female × social_science. The revised theory predicts diminishing marginal effects, meaning that while both variables are individually positive, their interaction may be smaller or even negative. A negative or statistically insignificant coefficient on this interaction would support the saturation mechanism proposed in the theory.","My reasoning could be further tested by incorporating additional variables that capture institutional, historical, and intellectual context more directly. Citation-network or keyword-network measures could capture whether a paper is embedded in intellectual communities that already focus on racial inequality, allowing a more direct test of path dependence and knowledge diffusion mechanisms. Additionally, country- and year-specific social indicators such as measures of racial inequality, major policy changes, or salient social events could be linked to papers through author affiliations and publication dates to examine whether broader societal contexts influence research attention. For example, periods following major social movements or policy debates may increase the likelihood that new papers address racial inequality.

These variables could be incorporated into extended regression models, interaction analyses, and panel data frameworks over time. Evidence supporting my theory would include positive effects of stronger minority representation in research teams, stronger inequality-oriented journal environments, and greater exposure to inequality-focused intellectual networks. Additionally, increases in societal attention to racial issues should correspond to higher probabilities that academic papers discuss racial inequality, particularly within disciplines that are more responsive to such changes.",The machine learning results are broadly consistent with my expectations.,"The updated theoretical framework integrates both my initial reasoning and the empirical patterns revealed by the machine learning results. While my original theory emphasized the importance of female representation and diversity in shaping attention to gender inequality, the ML evidence suggests that disciplinary context plays a more dominant role than previously assumed. This is consistent with the idea that research topics are strongly structured by disciplinary norms, methodologies, and problem agendas.

At the same time, female representation remains a critical driver, as it directly influences perspective diversity and the likelihood that gender-related issues are recognized and studied. The positive role of recent inequality trends further indicates that academic discourse is path-dependent and influenced by temporal dynamics, where periods of heightened attention to inequality increase the probability that new research engages with gender-related topics. Additionally, the positive association with the “asian” feature suggests that regional or institutional contexts may shape the salience of gender inequality in ways that are not fully captured by my initial model.","Social Science → (+) Disciplinary Focus on Social Issues → (+) Attention to Gender Inequality → (+) Discussion of Gender Inequality

Female → (+) Representation of Women in Research Topics → (+) Discussion of Gender Inequality

Female → (+) Perspective Diversity → (+) Recognition of Gender-related Issues → (+) Discussion of Gender Inequality

Paper Inequality Mentions (3 Years) → (+) Temporal Salience of Inequality Topics → (+) Topic Adoption in New Research → (+) Discussion of Gender Inequality

Asian → (+) Institutional / Regional Emphasis on Social Issues → (+) Attention to Gender Inequality → (+) Discussion of Gender Inequality

Natural Science → (–) Disciplinary Distance from Social Inequality Topics → (–) Attention to Gender Inequality → (+) Discussion of Gender Inequality","One notable divergence is the negative interaction between female and social_science, which contrasts with my initial expectation of a positive reinforcement effect. A possible explanation is that in social science disciplines, attention to gender inequality is already structurally embedded and less dependent on the gender composition of the authors. In other words, while female authorship may strongly increase the likelihood of discussing gender inequality in disciplines where such topics are less central, its marginal effect becomes smaller within social sciences where gender issues are already widely studied. This suggests a diminishing marginal effect or substitution mechanism, rather than pure complementarity.","The updated theoretical framework incorporates both complementary and diminishing-return mechanisms in explaining second-order interactions related to gender inequality discourse. First, the interaction between social_science and paper_inequality_mentions_3_years remains positive, as social science disciplines are more responsive to shifts in academic attention and are more likely to amplify emerging trends in inequality research. Similarly, the interaction between social_science and news_inequality_mentions_3_years is positive, reflecting the sensitivity of these fields to broader societal discourse and media attention.

However, the interaction between female and social_science is better understood as exhibiting diminishing marginal effects rather than reinforcement. While female authorship increases the likelihood that a paper discusses gender inequality, this effect is stronger in disciplines where gender issues are not already central. In social sciences, where gender inequality is already a well-established research focus, the additional contribution of female representation becomes smaller, leading to a negative interaction effect in marginal terms. This suggests a substitution or saturation mechanism, where multiple predictors operate on overlapping pathways.

Overall, the revised theory emphasizes that second-order interactions are shaped by both reinforcing and saturating dynamics: structural and contextual factors such as disciplinary orientation and temporal trends can amplify each other, while overlapping drivers such as representation and disciplinary focus may exhibit diminishing marginal contributions.","First, I would estimate a baseline logistic regression where the dependent variable is whether a paper discusses gender inequality, and the key independent variables include social_science, female, authors_race_diversity_score, country_race_diversity_score, asian, natural_science, and paper_inequality_mentions_3_years. This specification allows us to test the main effects predicted by the theory. I would expect social_science and paper_inequality_mentions_3_years to have the strongest positive coefficients, reflecting the dominant role of disciplinary context and temporal trends. The female variable should also have a positive and significant coefficient, though potentially smaller than social_science, consistent with the revised theory.

Second, to test the mechanism of diminishing marginal effects, I would include interaction terms such as female × social_science. The theory predicts that while both variables are individually positive, their interaction may be weaker or even negative, reflecting saturation effects within social science disciplines. A negative or statistically insignificant interaction term would support this interpretation.

Third, I would exploit time variation by constructing a quasi-natural experiment using year_of_publication. For example, I could define a post-period indicator after a major rise in inequality-related discourse (e.g., after 2015) and estimate a difference-in-differences style model comparing social_science and non-social_science papers before and after this shift. If the theory is correct, I would expect a stronger increase in the probability of discussing gender inequality for social science papers in the post period, reflecting their greater responsiveness to changing academic and societal trends.

Overall, empirical support for the theory would come from (i) strong positive main effects for social_science and inequality trends, (ii) a positive but relatively smaller effect of female representation, and (iii) evidence of diminishing or non-additive interaction effects between overlapping predictors such as female and disciplinary context.","My theoretical reasoning could be further tested by incorporating additional variables that capture institutional, temporal, and intellectual context more directly. One important variable would be the gender composition of the author team, measured not only by a female score but also by the share of women among all coauthors and the gender of the first or corresponding author. This would allow a more precise test of whether representation affects topic selection through agenda-setting power within research teams. ",Theories proposed by GenAI models after reviewing (1) the machine-learning results and (2) the revised theories of human experts who have reviewed the machine-learning results,Theories proposed by GenAI models after reviewing (1) the machine-learning results and (2) the revised theories of human experts who have reviewed the machine-learning results,"My overall expectation is that the best theories will come from a genuinely collaborative pipeline rather than from humans or GenAI working in isolation. Human experts are likely to contribute stronger domain intuition, causal judgment, and sensitivity to contextual nuance, while GenAI models may contribute broader pattern synthesis, internal consistency, and the ability to rapidly integrate multiple pieces of evidence into a coherent framework. For this reason, I expect the strongest theories to emerge when GenAI has access not only to the machine learning results but also to the revised theories produced by human experts. At the same time, I do not think “quality” and “empirical support” are necessarily identical. Human theories may sometimes be more original or theoretically subtle, while AI-assisted theories may be more systematic and easier to operationalize empirically. A key challenge for this research agenda will therefore be to distinguish theoretical elegance from testability, and to examine whether collaboration improves both simultaneously or mainly strengthens one dimension more than the other.",23,Male,China,United States of America,15,2030,Statistics,0,,2,New York University
0,Gabrielle Lamont-Dobbin,"social_science,black,hispanic_and_other,news_inequality_mentions_3_years,paper_inequality_mentions_3_years",2,,,,,,1,5,,,,4,3,+,,,,,,+,+,,,,+,+,"I focused on US-based research when picking ""black"" and ""hispanic_and_other."" Having a black author seemed more predictive of whether a paper discusses racial inequality than ""hispanic_and_other"" because I think of Black Americans as the minority group traditionally experiencing the most pronounced discrimination. But perhaps that means they are less likley to write about experiences of discrimination. Not sure - either way there are more papers out there about discrimination against Black Americans than Latino Americans. 
There's not that much research on racial inequality, relative to gender inequality. So I included mentions of inequality in the news and papers as predictors, but did not put them at the top of my list, since much of that research should be on gender. People are more likely to try to publish on racial inequality if they have read more about it recently. With academic publishing, I would assume that if something becomes more trendy, we're likely to see more of it. 
I picked ""social_science"" because I expect most research on race to be in the social sciences. I picked words/topics I thought would be associated with racial inequality, rather than words/topics I thought would not be, given my interpretation of the instructions. Yet, it's possible that something like ""natural_science"" would be a stronger predictor, since I would expect there would be few papers in biology or chemistry, for instance, on racial inequality. It just wasn't my first inclination to pick words that were the opposite of what I was looking for. ","
Black author(s) (X1) → (+) paper discusses racial inequality
Social Sciences (X2)→ (+) paper discusses racial inequality
Hispanic and other author(s) (X3) → (+) paper discusses racial inequality
News inequality mentions (X4) → (+) paper discusses racial inequality
Paper inequality mentions (X5) → (+) paper discusses racial inequality","social_science,black","black,paper_inequality_mentions_3_years","black,news_inequality_mentions_3_years",+,+,+,"If social science papers have a Black author, I assume they will be about racial inequality, more than just ""social_science"" or ""black"" alone.
As I mentioned previously, most papers on inequality are on gender inequality, so specifying a Black author along with ""paper_inequality_mentions_3_years"" should help narrow down the provided articles to those that are actually relevant. 
For ""news_ineqaulity_mentions_3_years"" and black authors, researchers are also more likely to write about racial inequality if it appears often in the media, and they feel backed up by the current political environment.","social_science,engineering_and_technology,female,news_inequality_mentions_3_years,paper_inequality_mentions_3_years",1,,5,,3,,,,,,,4,2,+,,-,,+,,,,,,,+,+,"As before, I think women are more likely to write about women, so I'm including female authorship as one of the predictors. Although anecdotally, I can think of a lot of men who've published on gender inequality. Engineering and tech is very male-dominated, and also those journals probably don't publish on gender inequality that much. Social science journals are likely to publish on inequality, whether it's racial or gender inequality. 
Again, I included the paper and news mentions of inequality as strong predictors, because researchers are more likley to publish on gender inequality when inequality in general is being written about more in research and in the media. ","Social science (X1) → (+) paper discusses gender inequality
Female author(s) (X1) → (+) paper discusses gender inequality
News inequality mentions → (+) paper discusses gender inequality
Paper inequality mentions → (+) paper discusses gender inequality
Engineering and tech → (-) paper discusses gender inequality

Not including mediators. It's better to start simple, and I'm having a hard time thinking through that since the exercise is pretty abstract. ","social_science,female","social_science,paper_inequality_mentions_3_years","social_science,news_inequality_mentions_3_years",+,+,+,"Women authors writing in social science journals are more likely to be writing about gender inequality than women authors more broadly. 
Social science journals are likely to publish more on gender inequality when papers and news include this topic. Here, we'll also get a higher probability that a paper discusses racial inequality, but more of these papers should be on gender, given that, to date, that has been the trend. ","Interesting! ""Country_race_diversity_score"" was not one of the main predictors I chose because I figured there could be a lot of authors, which would make this score less predictive, but now that I'm thinking about it, often co-authors come from the same place. 
Female authorship is not that surprising either, since women tend to be more concerned with inequality overall. 
I'm a bit surprised by ""asian"" because in the US they are the model minority and yes, experience racism and discrimination, but in a very different way than Black Americans. They have higher socioeconomic status overall. I guess that's kind of reductive to assume. 

","So I trust the ML results far more than my own intuition. I don't do much race research and don't have much expertise to go off. You don't provide that much detail on the methodology for coming up with those predictors beyond using random forest via gini index. I haven't used random forest in a long time and don't remember it that well. I would ideally like to know more about the methods, and also see the regression outputs - in particular, the coefficients. But I trust that you (the research team) did a thorough job and followed the best practices. So given the current information I have, I would change my predictors to the same as the ML results. There's not really much theory to it - I trust ML more than I should perhaps. ","Social science journal (X1) → (+) Paper discusses racial inequality
Female author(s) X2) → (+) Paper discusses racial inequality
Black author(s) X3) → (+) Paper discusses racial inequality
Asian author(s) X4) → (+) Paper discusses racial inequality
Author country race diversity score (X5) → (+) Paper discusses racial inequality","I picked social science and both news and paper mentions of inequality, and chose to interact each of those with black authorship. The random forest results are different but make sense to me.
I would not have predicted ""female x social_science"" as a strong predictor of if a paper mentions racial inequality. I would assume the race of the authors would be more important than author gender. That's surprising! I was thinking of race and gender as mutually exclusive, but they probably come up together often! ","I'd, again, change all of my predictions to match your results and go with ""social_science x paper_inequality_mentions_3_years,"" ""social_science x news_inequality_mentions_3_years,"" and ""gender x social_science."" Again, I trust your results more than my own predictions. My original prediction that Black authorship would be an important variable in the interactions is likely just incorrect, because there aren't that many Black academics. 
Another important point is that your results are based on an actual analysis and mine are just predictions - I haven't done any analyses.
","Simple linear regression analysis with the continuous dependent variable ""paper discusses racial inequality"" and then I would include all of the potential predictors except for the news and paper inequality mentions. I'd include year fixed effects in model 1, and then run a second model that has the news and paper inequality mentions as predictors, but does not have year fixed effects. That would give me an idea of which predictors are most important. Based on that, I would then run more models adding and removing different predictors to narrow down the effects of each, and how they interact.  I don't think I would use time-base events - seems a bit complicated, especially because the data is not restricted to any particular part of the world, and because I can't think of a big event (my initial thinking was 9/11 or George Floyd) that would allow me to do a natural experiment. And because it's not longitudinal data, so there's no clear econometric approach like DiD.","Journal fixed effects would help. My general inclination is just to control for as much as possible. As a sociologist, that's a typical approach. So I guess just give me all the predictors you've got. 

I know this is not about variables, but I think we would want to expand the time scope (maybe 2000 to 2026) since I assume 2000-2020 data would not be very predictive of if post-2020 articles mentioned racial inequality, given all the changes in politics in recent years. ","Generally makes sense to me! Again, I am a bit surprised that asian authorship is an important predictor, but besides that, the results line up pretty well with my predictions. It's interesting that news mentions of inequality aren't among the top predictors. Perhaps because more of the news on inequality focuses on racial inequality.","Again, I revise all of my predictors to align with those from the results you shared. I trust a big study including 150,000 articles more than my initial hypotheses. 
So, that's ""social_science,"" ""natural science,"" ""female_score,"" ""asian,"" and ""paper_inequality_mentions_3_years.""","Social science (X1) → (+) paper discusses gender inequality
Paper inequality mentions (X2) → (+) paper discusses gender inequality
Asian author(s) (X3) → (+) paper discusses gender inequality
Gender of author(s) (X4) → (+) paper discusses gender inequality
Natural science (X5) → (-) paper discusses gender inequality","""Social_science x paper_inequality_mentions_3_years"" and ""social_science x news_inequality_mentions_3_years"" both make sense to me and align with my predictions. The negative interaction effect for ""female x social_science"" is unexpected. I'm trying to wrap my head around that. Not sure I buy that. ","I think I am sticking with my existing theory as is - even though I predicted ""female x social_science"" would have a positive interaction effect and the random forest results suggest the opposite. I know a lot more about gender research than race, and so I feel more confident breaking away from random forest results. It seems like women are more likely to write about gender inequality in social science. The only way the ML results would make sense is if women authors are anticipating some kind of social penalty for writing about gender inequality and are therefore not writing about it. I can imagine that in economics or some other more male-dominated social science discipline. ",My approach would be the same as my proposed approach for predicting if a paper discusses racial inequality. I'd throw all of the predictors in a linear regression and use year fixed effects. I'd see how coefficients change as I add and remove variables and try to maximize how much the model predicts if a paper mentions gender inequality. I wouldn't use a natural experiment. ,"Journal fixed effects and separately also try discipline fixed effects. Those are the most important. Nothing else immediately comes to mind as important predictors... Perhaps author age, grouping people in different generations who may have different views on gender discrimination and gender equality. I'd create a continuous measure for share of authors in different age ranges. 
The expected results that would support my theory would show female authorship, social science journal, paper mentions of inequality in the past 3 years, and asian authorship - with the largest positive coefficients and all statistically significant. And natural sciences with a negative, small coefficent that is statistically significant.",Theories proposed by GenAI models after reviewing (1) the machine-learning results and (2) the revised theories of human experts who have reviewed the machine-learning results,Theories proposed by GenAI models after reviewing (1) the machine-learning results and (2) the revised theories of human experts who have reviewed the machine-learning results,"More input is usually better than less, so I think the AI-human collaboration results will likely be the most accurate. ",29,Female,United States of America,United States of America,29,2028,Management (Organizational Theory),1,2,,Columbia Business School
0,Rui Sun,"social_science,female,black,news_inequality_mentions_3_years,paper_inequality_mentions_3_years",1,,,,5,,2,,,,,4,3,+,,,,+,,+,,,,,+,+,"First, I believe that in academic work, the active pursuit of a topic is a much stronger underlying motive of a paper than active avoidance of other topics, so all features I flagged are positively related to how the paper is likely to discuss racial inequality. Second, inequality, to my knowledge, is almost a social-science-only topic in academic research, compared with technology or other disciplines listed. Third, from study and life observation, I see that black people are much more willing to highlight the racial inequality aspects of different topics. Fourth, trending topics in the academic and social environment are also a strong motivation for scholars to pursue certain topics. Lastly, women are more likely to talk about and study social inequality topics. But since this is racial inequality specifically, I put it as the last one on the selected feature list.","social science --> (+) racial inequality
female --> (+) inequality --> (+) racial inequality
black --> (+) racial inequality
female x black --> (+) racial inequality
news_inequality_mention_3_years --> (+) racial inequality
paper_inequality_mention_3_years --> (+) racial inequality","social_science,black","female,black","natural_science,engineering_and_technology",+,+,-,"racial inequality is a much more important and popularly discussed theme in social science than natural science or engineering; black female, in my observation in life and academic interactions, are the most likely to highlight racial inequality aspects of various topics; on the other hand, racial inequality and inequality in general, are topics that are much further away from the typical pursuit of engineering and technology disciplines.","social_science,natural_science,female,white,paper_inequality_mentions_3_years",2,1,,,3,,,,5,,,,4,+,-,,,+,,,,+,,,,+,"First, natural science pursuits have almost nothing to do with gender (I probably needed to take that into account in the racial inequality section as well), unless it is the study of science or scientists. Second, female is more likely to pursue gender inequality topics because the repressed groups are usually more vocal about the inequality. Third, gender inequality or inequality in general is much more a social science topic than natural science or engineering. Fourth, gender inequality, in my understanding, is a comparatively more recent academic focus than racial inequality. It stemmed from research and theory work by European and American (female) scholars, so being white might be positively related. Fifth, in my academic observation, gender inequality is recently a popular topic in sociology and other related fields, so academic popularity might also be positively related.","social_science --> (+) gender inequality
natural_science --> (-) gender inequality
female --> (+) gender inequality
white x female --> (+) gender inequality
paper_inequality_mentions_3_years --> (+) gender inequality","female,white","natural_science,engineering_and_technology","social_science,paper_inequality_mentions_3_years",+,-,+,"First, in my observations, white females are more likely to pursue gender inequality topics *as academic publications*. Second, the intellectual pursuit of natural sicence or engineering has almost nothing to do with gender. Third, gender inequality is a popular academic topic in social science in recent years, and I see scholars (non-female) who pursue gender inequality research topics mainly because of this reason.","I was surprised by the country_race_diversity_score when I saw it. But the second thought makes me realize it makes sense, since it could be the case that higher racial diversity in the environment can make one more aware of the racial inequality issues. Conversely, I was reflecting on how I grew up in a racially homogenous environment and might thus be less aware of the influence of environmental racial diversity in one's choice of research topics. I was also surprised by the importance of the *asian* feature, I am not sure what a possible explanation could be. I was also surprised that *female* ranks higher than *black*.","First, I believe that in academic work, the active pursuit of a topic is a much stronger underlying motive of a paper than active avoidance of other topics, so all features I flagged are positively related to how the paper is likely to discuss racial inequality. 

Second, inequality, to my knowledge, is almost a social-science-only topic in academic research, compared with technology or other disciplines listed. 

Third, from study and life observation, I see that black people are much more willing to highlight the racial inequality aspects of different topics. *But the 'action' of actually choosing to be a racial inequality scholar might be a different issue. Some black people 'might' intentionally avoid studying racial topics based on related human behavior theories.*

[deleted] Fourth, trending topics in the academic and social environment are also a strong motivation for scholars to pursue certain topics. [deleted]

Fourth, *What I want to point out first is that I am not sure how reliable it is to identify an author's country of birth/childhood only by the last name (think about the United States, UK, Australia, etc.). It is at most an ethnic indicator.* Authors from racially diverse countries are likely to work on papers discussing racial inequality. The most sensible explanation I can think of would be that, racially diverse countries tend to be 1) immigration countries, thus encouraging studies on racial inequality, 2) developed countries, thus encouraging studies on inequality in general, and 3) have a strong presence of the other features that are positively related to the DV.

Lastly, women are more likely to talk about and study social inequality topics. But since this is racial inequality specifically, I put it as the last one on the selected feature list. *To explain ML results, this feature might be interacting with other features; or another explanation is that women either care more about most inequality topics, or they find it more 'desirable' to be a racial inequality scholar.*

Last lastly, the feature of Asian is honestly peculiar. I am curious to learn about the mechanisms behind this correlation.

*Side note: I was motivated to try to understand the ML result and try to explain the mechanisms behind the identified features and their relative importance. However, I am also aware of the limitations of ML techniques as the sole analysis tool for identifying complex social actions ineractions as such.*
","social_science --> (+) racial inequality
female --> (+) inequality --> (+) racial inequality
black x female --> (+) racial inequality
country race diversity score --> (+) racial inequality","'- It seems the trend is very important in social science research... Makes a lot of sense...
- I am surprised that female scholars in social science are strongly correlated with racial inequality topics","From the correlation analysis, it seems that the research-question/data we have is actually a question on ""how science/research topic is being selected as a professional activity"" rather than ""who is more likely to care about racial inequality."" And the data is suggesting that these two can very likely be very different things.

I would bring in theories from, for example, science and technology studies (STS) to explain how scientists make decisions on what topics to pursue. Given that this is a second-order interaction analysis, it could make a lot of sense, since writing a paper usually means that the authors both personally care about the topic and professionally think the topic is worth working on for professional rewards (indicated by the recent trend).","1) I propose to analyze the interaction effect between *female* and other features such as *black*, *country race diversity*, *country of *residence**, and *country where the affiliated institute is located.*
2) I propose to try natural experiment analysis for papers before vs. after a major social event related to race. For example, the incident involving George Floyd on May 25, 2020.
3) I propose to compare the correlation analysis results for 'features of personal privilege' vs. 'features of non-personal-privilege' to see whether the non-privileged social group authors tend to focus more on inequality research topics in general. For example, *female vs. male* on both racial and gender inequality topics, *white vs. non-white.* This can inform whether authors' personal interests play a role in topic selection.
4) I propose to compare the correlation analysis results for 'features of institutional privilege' vs. 'features of non-institutional-privilege' to see whether authors affiliated with the more-privileged institutes tend to focus more on inequality research topics in general. This can inform whether the authors' intellectual environment plays a role in topic selection.

Lastly, as a mainly qualitative scholar, I see great potential for qualitative investigations to add value to a research project like this. For example, I cannot explain why Asian authors are strongly correlated with racial inequality topics more than black authors are. I might conduct systematic interviews with Asian and black social scientists (female and male) to understand their thought processes in conducting research and publishing papers on this topic.","'- Country where the authors' affiliated institution is located.
- Specific disciplines or departments where the authors are affiliated (not just ""social science"")","Aligns surprisingly well with my previous theorization except the *asian* feature... Again, interesting but I cannot explain why...",The ML results align surprisingly well with my previous theorization except *asian* feature. So I choose not to modify my initial theorization.,I decide not to update my diagram,Aligns well with my initial theorization.,The second-order interaction results align well with my initial theorization. So I choose not to modify my initial descriptions.,"At this point, I am very curious about two things: 1) Why racial inequality and gender inequality topics seem to have different correlations with the authors' profiles. What are the possible mechanisms? 2) Why do Asian authors have strong correlations with both topics? What is special about having an Asian last name? Might there be differing patterns *within* Asian last names? For example, last names with Vietnamese origins, Japanese origins, Korean origins, Indian origins, Thai, Philippines, etc. Maybe actually only authors with particular group(s) of Asian last names write a lot about racial/gender inequality topics?

- I propose to have a more granular categorization of Asian last names and then run the correlation analyses again.
- I propose to compare the results of racial-inequality vs. gender-inequality","'- I want to see whether the papers published on gender-inequality topics are *theory-testing vs. theory-building.* Maybe the author profile is very different for these two types of research papers. Since I observed that gender inequality has become a heated topic in recent years, and social scientists are eager to test previous and emerging theories. Theory testing involves a lot of computational analysis work. Asian students/scholars take a major share of this type of work in global academia, based on my personal observation.",Theories proposed by human experts after reviewing the machine-learning results,Theories proposed by GenAI models after reviewing the machine-learning results,"Super interesting project! Some thoughts below:

1) Identifying an author's country of birth/childhood based on the last name is immediately questionable
2) I am not sure what the third option exactly means in these Final Step questions: ""theories proposed by genAI..after reviewing... and (2) the revised theories of human experts who have reviewed the ML results.""
3) For later possible evaluation of revised theories by ""independent researchers,"" I think some other factors might come into play to influence the evaluation result:
  - a) Is the independent researcher a racial inequality/gender inequality scholar?
  - b) Is the independent researcher familiar with theories or at least key assumptions in science and technology studies (how scientists do science)?
  - c) Is the independent researcher a social scientist or a natural scientist/engineer?
  - d) If the independent researcher is a social scientist, do they mainly do theory testing or theory-building work? That is, do they professionally extract insights from empirical observations in their daily work?",29,Female,China,United States of America,20,2026,Behavioral information systems,,,1,Stockholm School of Economics
0,Connor Douglas,"social_science,natural_science,engineering_and_technology,num_authors,news_inequality_mentions_3_years",2,3,1,5,,,,,,,,4,,+,-,-,+,,,,,,,,+,,"I chose engineering+technology to be first and negative as racial inequality is typically outside the domain of this field, aside from engineering work on controlling or measuring social systems. Social science was second because this seems to be the topical domain most associated with racial inequality. Natural science was third and negative, again because most disciplines within the natural science are not human-focused, and thus race would be irrelevant. News mentions was fourth and positive as I expect this would influence the trend from near to the 2000 to 2020s, but I'm unsure that more local variations would have as much of an effect. Number of authors was positive as I expect that projects on racial discrimination might be able to garner more popularity amongst academics.","Social Science →(+) Race Outcome
Social Science → (-) Natural Science
Natural Science → (-) Race Outcome
Social Science → (-) Engineering + Technology
Engineering + Technology → (-) Race Outcome
Race Outcome → (+) Number of Authors","social_science,num_authors","social_science,female","natural_science,num_authors",+,+,-,"I expect large social science papers to have gathered the most authors because of racial inequality mentions. I expect females in social science settings to be particularly interested in racial inequality mentions. I expect large natural science papers to be focused more on large, complex natural phenomena.","social_science,natural_science,engineering_and_technology,female,paper_inequality_mentions_3_years",1,5,3,,2,,,,,,,,4,+,-,-,,+,,,,,,,,+,"Social science studies topics of inequality, leading to a positive sign. I expect female to influence topic choice, leading to a high expected positive sign. I expect that engineering + technology (3) will not study these topics, leading to an expected large negative sign. I expect paper mentions of general inequality to lead to more interest in and acceptability of studying this issue. Finally, I expect there to be a slight negative correlation with natural science, as I believe some natural science papers will focus heavily on gender (medical/biological sciences) while others will not discuss these topics at all.","Social Science → (+) Gender Mention
Social Science → (-) Natural Science
Natural Science → (-) Gender Mention
Social Science → (-) Engineering and Technology
Engineering and Technology → (-) Gender Mention
Female → (+) Gender Mention
Paper inequality → (+) Gender Mention","social_science,female","social_science,num_authors","natural_science,female",+,+,+,"I expect higher shares of female authors on social science papers will produce a higher likelihood of gender inequality mentions as this is the topical domain that seems interested in these issues and females are more likely to want to work on these topics within that domain. I expect more authors on social science papers to produce a higher outcomes as papers by more authors in natural sciences or engineering and technology may not any effect, so we can absorb this in the interaction term. I expect papers by females in the natural sciences to (partly) bifurcate the natural science literature into those that focus on health/biology related issues and those that don't.","I didn't expect the race of authors to have a strong predictive value in whether the paper discussed race, I particularly expected this to be true with ""asian"" as (in my field), being from Asia typically puts you in the racial majority. In hindsight, I should have placed ""country_race_diversity_score"" in my set of important features as I expect countries like the US and UK to be publishing these papers more than more homogenous countries like India or China. I expected ""female"" to potentially be informative, but this result was stronger than I expected. I expected news mentions to capture the variance from early in the period to later in the period.","Social science seems to be the topical domain most associated with racial inequality. I still expect number of authors to be positive as I expect that projects on racial discrimination might be able to garner more popularity amongst academics. I would update my theory to include as social science leading to more female authors, and more female authors leading to more interest in studying racial inequality. Likewise, I would add in racial diversity of the paper, captured by  ""asian"" and ""black,"" as influencing racial inequality. Finally, I would add in country-level diversity as influencing topic selection toward racial inequality topics.","Social Science →(+) Race Outcome
Social Science → (-) Natural Science
Natural Science → (-) Race Outcome
Social Science → (-) Engineering + Technology
Engineering + Technology → (-) Race Outcome
Race Outcome → (+) Number of Authors
Social Science → (+) Female
Female → (+) Race Outcome
Social Science → (+) Black
Black → (+) Race Outcome
Asian → (+) Race Outcome","I'm not surprised about the interactions between social science and mentions, this was what I attempted to model without the interaction term. I was very surprised that the interaction between social science and female was negative. I would have expected that social science papers with more female authors would be a group that most increases the study of racial inequality, so it is surprising that the individual terms are on their own strongly positive, but together they are negative.","I expect large social science papers to have gathered the most authors because of racial inequality mentions. I expect social science papers alone to be influenced by inequality mentions in the news and in academic papers. I still expect females in social science settings to be particularly interested in racial inequality mentions -- I cannot understand this result. I expect large natural science papers to be focused more on large, complex natural phenomena.",I would build a causal DAG from these relationships and then do conditional independence tests on each variable.,"My theory is currently defined using the variables given. I would also like to study the pre-disposition of an author to study inequality issues (by their average rate of publishing papers on inequality) and the number of papers they have published, as I think there is a typing that occurs in authors where some are very likely to study these issues and others are not. Then, we could see if this captures some of these other effects.","I was surprised natural science was negative and fairly high here as I thought medical/biological sciences would make this more of a bi-modal distribution (with reasonable weight on medical/biological sciences studying gender). I was again surprised by ""asian"", though less so for gender than race. I'll propose that Asian authors are more able to get still somewhat controversial papers on inequality published because they might have a higher level of quantitative rigor, due to better quantitative training, than papers by non-Asian authors (this would also apply to race, though I would expect Black authors to be very invested in studying that topic).","Social science studies topics of inequality, leading to a positive sign. I expect female to influence topic choice, leading to a high expected positive sign. I expect that engineering + technology will not study these topics, leading to an expected large negative sign. I expect paper mentions of general inequality to lead to more interest in and acceptability of studying this issue. Finally, I expect there to be  negative correlation with natural science, as I believe some natural science papers will focus heavily on gender (medical/biological sciences) while others will not discuss these topics at all, and these will outweigh the minority studying gender-based issues. I might also hypothesize that Asian authors would be more likely to be able to get papers like these published due to more quantitative rigor in training than authors of other nationalities.","Social Science → (+) Gender Mention
Social Science → (-) Natural Science
Natural Science → (-) Gender Mention
Social Science → (-) Engineering and Technology
Engineering and Technology → (-) Gender Mention
Female → (+) Gender Mention
Paper inequality → (+) Gender Mention
Asian → (+) Paper quality 
Paper quality → (+) Gender Mention (published)","Again, I am unsurprised by the interaction in the social science and inequality mention terms, but I am surprised that female and social science is negative. I could imagine that there is a strong interaction between female and natural science that leads to a strong associated between female and our outcome. ","I expect higher shares of female authors on social science papers will produce a higher likelihood of gender inequality mentions as this is the topical domain that seems interested in these issues and females are more likely to want to work on these topics within that domain. I expect this interaction still holds in isolation, but the strength of interaction between female and other disciplines may be much stronger in the other direction.  I expect more authors on social science papers to produce a higher outcomes as papers by more authors in natural sciences or engineering and technology may not any effect, so we can absorb this in the interaction term. I expect papers by females in the natural sciences to (partly) bifurcate the natural science literature into those that focus on health/biology related issues and those that don't. I expect mentions of inequality to affect our outcome in social science papers much more than in other domains.","Given our data, I would try running a regression just on the interaction terms of each domain (social science, natural science, engineering and technology) and gender to see whether this effect is stronger on its own. I would also restrict data just to social science and see whether higher female score increases outcome. This would confirm our proposed directions. Otherwise, I expect the standard regression results to confirm our theory.","I would like to study author quality (measured by citation count, etc.) as a possible mediator for asian. Then, I would use a regression similar to what was done before. If this erases the strength of the relationship between asian and our outcome then it is strong evidence in support of our theory.",Theories proposed by GenAI models after reviewing (1) the machine-learning results and (2) the revised theories of human experts who have reviewed the machine-learning results,Theories proposed by GenAI models after reviewing the machine-learning results,"There are some modes of reasoning that can be hard to do as a human -- here I am thinking especially of considering the space of linear individual and interactive effects and how these will affect the outcome of interest. I struggled with this especially because I don't often do linear models in empirical settings, so my intuition for these interaction terms is not strong. My prior says that there is enough verbal analysis of this in the literature that LLMs would do a good job of understanding these relationships well. They would also (likely) create better formed priors as they have access to some general world model which I suspect is stronger than most researchers which focus on just a few topics of interest.

I think humans might offer some valuable forms of divergent thinking which could be refined by LLMs, and I think humans might be able to reason about the sequence of results from some hypothetical experiment better than LLMs. But, I think they would benefit from generations coming from LLMs which could connect to past results and methods. While this seems like it would be a fairly general improvement, I suspect human revision after LLM generation could be especially useful. However, I think that LLMs placed earlier in the generation process can ground thinking into a more reasonable space of ideas. An interesting set of theories to study could be:

1. Theories proposed by human experts after reviewing the machine-learning results.
2. Theories proposed by GenAI modes after reviewing the machine-learning results.
3. Theories proposed by human experts after reviewing the (1) machine-learning results and (2) the revised theories of GenAI models that have reviewed the machine-learning results.",26,Male,United States of America,United States of America,24,2027,Information Systems,,,5,New York University
0,Ufuk Keskin,"social_science,natural_science,engineering_and_technology,news_inequality_mentions_3_years,paper_inequality_mentions_3_years",3,1,2,,,,,,,,,5,4,+,-,-,,,,,,,,,+,+,"For (1.) social_science, (2.) natural_science and (3.) engineering_and_technology, I apply the same logic as the case of gender inequality. I think that the scores of (4.) news_inequality_mentions_3_years and (5.) paper_inequality_mentions_3_years are good indicators as well, since people tend to choose topics that are popular in media and academia.","social_science → (+) Frequency of papers discussing racial inequality
natural_science → (-) Frequency of papers discussing racial inequality
engineering_and_technology → (-) Frequency of papers discussing racial inequality
news_inequality_mentions_3_years → (+) Frequency of papers discussing racial inequality
paper_ineqiality_mentions_3_years → (+) Frequency of papers discussing racial inequality","social_science,black","social_science,white","social_science,authors_race_diversity_score",+,-,-,"For the second-order interaction of social_science-black, I believe that most of the studies on racial inequality are centered on the discrimination of black people in regions where white people are the majority; therefore, racial inequality benefits white people and harms black people, and therefore, is a topic that is highly influential for most black people who study social science. Based on this, I expect that black authors studying in the social sciences are more likely to study this topic. The inverse logic applies to papers with white authors. For the same reason as the first point, papers by authors with a lower diversity_score (favoring a higher fraction of black authors) may be more likely to be focused on racial inequality. ","social_science,natural_science,engineering_and_technology,asian,paper_inequality_mentions_3_years",4,1,2,,,3,,,,,,,5,+,-,-,,,-,,,,,,,+,"I think gender inequality is studied in fields such as Economics, Sociology, Gender Identity, and Psychology, which are (4.) social sciences. On the other hand, I don't think this is a topic for scientific papers in the fields of (1.) natural science or (2.) engineering and technology, which focus on understanding natural mechanisms and designing tools for human use. That's why I have put these in the first two ranks, since I expect them to be less likely to discuss gender inequality. The ranking of (3.) asian is an extrapolation from my belief that a higher fraction of Asian people in academia work in natural science, engineering, and technology than in the social sciences. The reason I chose rank 4 for social science is that there are many topics in the social sciences beyond gender inequality. I chose rank 5, paper_inequality_mentions_3_years, because I assume most people in academia tend to study topics that are popular in recent years.","natural_science (X1)  → (-) Frequency of Papers about Gender-Inequality (Y)
engineering_and_technology (X2)  → (-) Frequency of Papers about Gender-Inequality (Y)
asian (X3)  → (-) Frequency of Papers about Gender-Inequality (Y)
social_science (X4)  → (+) Frequency of Papers about Gender-Inequality (Y)
paper_inequality_mentions_3_years (X5) → (+) Frequency of Papers about Gender-Inequality (Y)","social_science,black","social_science,female","social_science,white",+,+,-,"Although the black score is only a weak predictor of whether the paper discusses gender inequality, I believe the second-order interaction between the black score and the social_science score is strong. This is due to my belief that black authors in social science tend to study topics related to societal and cultural issues, such as gender identity, inequality, racism, and cultural studies. An inverse argument applies to the second-order interaction between the white score and the social_science score. 

A similar argument applies to the second-order interaction between female score and social_science score. This is because gender inequality benefits males and harms females, and therefore it is likely to be pointed out (and studied) by females.","I have overestimated the effects of natural_science and engineering_and_technology scores, news/paper_inequality_mentions_3_years, and underestimated the effects of asian_score, country_race_diversity_score, female_score, and black score. I think that papers in the natural sciences, engineering, and technology do not delve into racial inequality enough, which seems like a wrong assumption. Again, I have made the same mistake as in the previous analysis (on gender inequality) regarding the effect of the Asian score, due to the same logic I followed earlier. I thought the country where the authors were born would not have a significant effect, but that was wrong. I did not think there would be a relationship between the authors' gender and the frequency of papers discussing gender inequality.","For (1.) social_science, I apply the same logic as in the case of gender inequality. For (2.) female_score, it seems that if the authors' gender is concentrated among females, then it is most likely due to societal problems. This could be due to the high proportion of women in the social sciences, and such higher concentrations of women authors in a single paper are likely to occur there. For (3.) country_race_diversity_score, it is highly likely that the topic's popularity is amplified more in countries with high racial diversity than in those with low racial diversity, leading people to work on and publish in such areas. For (4.) asian, I do not have any theoretical explanation. For (5.) black, since historically, discrimination against black people in the United States has been a major example of racial inequality, it makes sense that it has been studied by most black authors.","High proportion of women in social sciences (X1) → (+) Probability that papers with a high proportion of women as authors are in the social sciences domain (X1.1) → (+) Probability that papers with a high proportion of women as authors discuss racial inequality (Y)

Racial diversity of a country (X2) → (+) Frequency of exposure to racial inequality → (+) Probability that papers with authors from a country with racial diversity discuss racial inequality (Y)

High exposure of Black people to racial inequality → (+) Attention of Black people on topics of racial inequality → (+) Probability that papers with high proportion of black authors discuss racial inequality (Y)

",The same response as before applies directly.,"Since the second-order interactions are the same as in the gender inequality case, the same responses may apply. However, the explanation for the low female * social_science can be readjusted in light of the high proportion of females across social science domains. Concentration of female authors in a paper is not likely to happen in a natural science, engineering, or technology field, for which one would expect an equal distribution, or a distribution where male authors are concentrated. Given the high proportion of female authors across social science domains, this might be possible and could explain the results obtained so far.","For the reasoning made for (2.), the correlation between the number of papers with high female_score and the disciplinary domains can be studied. My reasoning is supported if the number of papers with high female_score is dominated when the disciplinary domain is social sciences, and significantly reduces if the disciplinary domain is natural sciences or engineering&technology. 

For the reasoning made for (3.), the news/paper_inequality_mentions_3_years scores, sampled throughout different years, can be compared for the countries with high country_race_diversity_score and low country score. If the former has higher scores than the latter, this could give a good starting point.","The reasoning about the high proportion of women in the social sciences may be supported by additional variables, including the number of female researchers across all domains. The expected result would be to find that the social sciences are dominated by female researchers, whereas other domains do not exhibit this pattern. ","I have overestimated the influence of the engineering and technology score, underestimated the influence of the female score, and miscalculated the ""direction"" of the Asian score's influence. The first mistake is more likely due to my ignorance about studies in engineering and technology that intersect with gender inequalities: although I knew that there was an intersection, I did not know that it was at such a level that makes engineering and technology less influential than social_science score. The second mistake was because I thought that papers with women authors were spread almost equally across different topics, so it wouldn't necessarily mean that they are discussing gender inequality, although I knew that, given that the paper is on gender inequality, it is more likely that most of the authors are female (but statistically this doesn't prove the other direction). The third mistake was due to my unfamiliarity with the author profiles on gender inequality, and maybe also to my overexposure to papers written by Asian authors in the natural sciences, engineering, and technology, which led me to think that fewer of them study the social sciences.","Gender inequality is a frequently studied and widely discussed topic in the social sciences, as many areas within these disciplines are affected by it. Therefore, given that the paper is in the social sciences, it is more likely to discuss gender inequality. This is why (1.) social_science score is put as the most influential indicator. Since gender inequality is a highly influential topic in most women's lives, most papers with higher women's scores are likely to be about gender inequality. Therefore, (2.) female_score is put as the second most influential indicator. On the other hand, I don't think this is a topic for scientific papers in the natural sciences, which focus on understanding natural mechanisms rather than societal problems. Therefore, given that the paper has a higher (3.) natural_science score, it is less likely to discuss gender inequality. Gender inequality is a hot topic in many Asian countries, such as Japan and Korea, which may explain why most papers with a high (4.) asian score focus on this issue. I chose rank 5, paper_inequality_mentions_3_years, because I assume most people in academia tend to study topics that are popular in recent years.","social_science (X1) → (+) High likelihood of bringing societal topics affected by gender inequality (X1.1) → (+) Frequency of papers discussing gender inequality (Y)

female_score (X2) → (+) High likelihood of bringing topics that affect female's lives (X2.1) → (+) Frequency of papers discussing gender inequality (Y)

natural_science (X3) → (+) Less likelihood of bringing any societal topics (X3.1) → (-) Frequency of papers discussing gender inequality (Y)

asian (X4) → (+) High likelihood of bringing societal topics affected by Asian countries (X4.1) → (+) Frequency of papers discussing gender inequality (Y)

number of papers in recent years discussing gender inequality (X5) → (+) attention of the people in academia on the topic (+) → (+) Frequency of papers discussing gender inequality (Y)","I realized that I have been completely wrong in my analysis of second-order interactions. In fact, I might not have understood what second-order interactions are.","The direction of research in the social sciences is strongly influenced by recent issues in media or academic coverage, more so than in the natural sciences, engineering, and technology, because topics can be directly based on recent societal incidents. Therefore, the second-order interaction of social_sciences and news/papers_inequality_mentions_3_years is high. Since female score and social_science score are individually great indicators, their second-order interactions are small","I think that the first three points made in my theoretical reasoning cannot be tested with the available data. However, the point about the influence of the Asian score can be tested by comparing the reported incidents of gender inequality (news_inequality_mentions_3_years) in Asian countries with non-Asian countries (in order to establish that it is at a worse level than others) by years, and comparing the increase of the correlation between asian score and the number of papers discussing gender inequality.

This last point can be tested by comparing the increase in papers discussing gender inequality for the years with a high number of papers in the recent 3 years, and for the years with a low number of papers in the recent 3 years.","To test the third point in my analysis, related to female scores, variables indicating societal problems other than gender inequality that do not harm the female population but harm the male population may be considered. If such problems are as popularly covered in academic papers and media as gender inequality, and the observation is that they are discussed in papers with less female score, then this observation may be considered as an evidence that the reason that female scores are highly correlated with the mention of gender inequality is due to the fact that it harms the female population rather than the male population.",Theories proposed by GenAI models after reviewing (1) the machine-learning results and (2) the revised theories of human experts who have reviewed the machine-learning results,Theories proposed by GenAI models after reviewing (1) the machine-learning results and (2) the revised theories of human experts who have reviewed the machine-learning results,"I think part of the survey is also related to how human reasoning works at a simple, context-focused level rather than a statistics-focused one, and it made me think of Daniel Kahneman's work, summarized in ""Thinking Fast and Slow"". The second-order correlation effects made me think that way, since these effects may not be present due to the context of the situation (gender inequality, racial inequality), but the statistics behind a bigger picture (how the social sciences are affected by recent trends, or the high proportion of female author population in social sciences), with analogy to librarian&farmer question in Kahneman's work. I am pretty sure GenAI models will perform better than humans by not getting tricked by not accounting for the statistics due to the focus on context, and such differences may be studied as a factor in how GenAI models can analyze these correlations better than humans",27,Male,Turkey,United States of America,10,2028,Aeronautics and Astronautics,,,,Massachusetts Institute of Technology
1,Britt Hadar,"social_science,female,white,news_inequality_mentions_3_years,paper_inequality_mentions_3_years",1,,,,5,,,,4,,,2,3,+,,,,+,,,,+,,,+,+,"In the social sciences, researchers almost always collect participants’ demographic information: age, gender, race, education, and socioeconomic status. This reflects the notion that demographics matter for understanding the human condition. In the social sciences we study: stratification, hierarchy, schooling, policing, discrimination, inequality, labor markets, and related topics, variables that are both theoretically relevant and relatively easy to collect and analyze are more likely to appear in published papers.

I also think that women tend to research, and be involved in, research on social issues because, compared to other fields, it is often seen as less prestigious or high status, and it can create a less aggressive culture that feels more inclusive and welcoming.

Overall, I think there are more white researchers, so we see their over-representation in any field. But as race-related research becomes more central, I also think we will see more whites in that area as well.

Moreover, I believe that news and papers can have a lasting impact on discourse, on people’s memory, and on what feels urgent or important in the current zeitgeist, and therefore will affect the amount and direction of subsequent research.","Female  (+) →   Social Sciences  (+) →  Race
News (+) → Papers (+) → Whites (+) → Race 
","social_science,news_inequality_mentions_3_years","social_science,female","white,news_inequality_mentions_3_years",+,+,+,"I expect social_science × news_inequality_mentions_3_years to be positive because social science is already geared toward inequality topics, so when inequality is more salient in the news, it is more likely to translate into papers that explicitly discuss racial inequality. I also expect social_science × female to be positive, assuming that women are somewhat more likely to work on social issues and that the social sciences make it easier and more legitimate to publish that kind of work, so the gender difference should be stronger there than in other fields. Finally, I expect white × news_inequality_mentions_3_years to be positive if news salience pulls more mainstream (and often white) researchers into the topic, increasing the likelihood that their papers address racial inequality when it feels more urgent in the broader discourse.","social_science,female,white,news_inequality_mentions_3_years,paper_inequality_mentions_3_years",1,,,,2,,,,5,,,3,4,+,,,,+,,,,+,,,+,+,"I ranked social_science as the strongest positive predictor because gender is a central topic in many social science domains, and the field also tends to expect researchers to discuss social categories explicitly. Next, I expect ""female"" to be positively related to writing about gender, under the assumption that women are more likely to be drawn to these questions and to treat gender as theoretically meaningful because of their own experiences and increased attention to similar stories of others, and are more likely to choose the social sciences as a discpline. I also expect white to be positively related, mainly for compositional reasons: there are simply more white researchers in many academic fields and journals, so they are overrepresented among authors in general, including in gender-related work. In addition, in settings where gender research is mainstream and institutionally supported, majority-group scholars may be especially likely to engage with it, which can further push the association in a positive direction. Finally, I see news_inequality_mentions_3_years and paper_inequality_mentions_3_years as smaller but positive predictors, because when inequality is more salient in the public and academic discourse, gender becomes more “top of mind” and more legitimate, so more papers will explicitly address it.

","Female (+) → Social science (+) → Gender

News mentions (+) → Paper mentions  (+) → White (+) → Gender","social_science,female","social_science,news_inequality_mentions_3_years","white,paper_inequality_mentions_3_years",+,+,+,"I chose social_science × female as the most important and positive interaction because gender inequality is a core topic in many social science areas, and social science norms make it more acceptable and expected to frame work around gender. If women are also more likely to pursue gender-related questions, that tendency should show up most strongly in social science, so the female association becomes larger there. Second, I chose social_science × news_inequality_mentions_3_years with a positive sign because when inequality is more salient in the public discourse, it becomes more top of mind, and that news-to-paper translation should be strongest in social science where inequality framing is already common. Third, I chose white × paper_inequality_mentions_3_years with a positive sign because I believe white people tend to pursue more central topics in science, so as the paper count increases in a topic like gender, the more whites will be represented. ","First, the top predictor being the social sciences is in line with my prediction. I also listed being female as a top predictor, though I wasn’t aware of the nuances behind the female score. The other three predictors surprised me. I thought being white, and the way race is discussed in the news and in academic papers, would have a stronger effect. I think I discounted the role of diversity itself within research teams, and instead adopted a more external view of what shapes research topics.","My updated theory is that whether a paper discusses racial inequality is shaped primarily by the discipline in which it is produced and by the composition of the research team, more than by broad external discourse alone. The strong positive effect for social science makes sense because these fields routinely collect demographic information such as age, gender, race, education, and socioeconomic status, and because they directly study social stratification, hierarchy, schooling, policing, discrimination, labor markets, and inequality, so race is both theoretically central and relatively easy to measure and analyze. The positive effect for female authorship leads me to revise my earlier view: rather than thinking only in terms of prestige or status differences across fields, I now think women may be more likely to participate in research that focuses on social problems, inequality, and lived experience, either because of intellectual interests, professional networks, or the kinds of collaborative environments and questions that attract them. The positive effects for authors from more racially diverse countries, and for higher shares of Asian and Black authors, suggest that the social background and diversity of the researchers themselves matter. Teams with more varied racial experiences, or teams embedded in more diverse societies, may be more attuned to racial inequality as an important research topic and more likely to see it as relevant, visible, and worth investigating. In contrast, my earlier expectation that white authorship or general discourse in news and prior papers would be the main drivers now seems too external and too simple. I still think public discourse and prior scholarship help shape what feels urgent and legitimate to study, but the ML evidence suggests that the strongest predictors are closer to the production of knowledge itself, namely disciplinary context and the demographic diversity and lived perspectives represented within the research team.","Asian -> Social Sciences 
Black -> social sciences
Female -> Social Sciences

* Even though the ML identified the female score(and not merely ""female"" as a central predictor, I think it's really a by product - when there are more women on a team, they may be more able to shape topic choice and push the research toward questions that align with their interests.

country_race_diversity_score  -> Social Sciences ","The fact that social_science × news_inequality_mentions_3_years is positive supports my basic idea that salience in the broader discourse matters more in the social sciences.

I was surprised that social_science × female is negative, meaning the female effect becomes smaller within social science (and the social science effect becomes smaller when the share of female authors is higher).

And overall it still makes sense to me that social_science × news_inequality_mentions_3_years is positive. I initially thought this would show up more with White, as a kind of status dynamic that pulls inequality into the mainstream discourse, but it also makes sense that the amplification shows up most strongly in social science papers.","My updated theory is that the key interactions are really about amplification in a field that is already built to turn “inequality is salient” into published work, and that the gender interaction is more of a diminishing-returns story. I still expect social_science × paper_inequality_mentions_3_years to be positive because when inequality has been getting more attention in recent papers, the social sciences are the place where that momentum is easiest to translate into new papers that explicitly discuss racial inequality, since the concepts, measures, datasets, and reviewer expectations are already there. I also still expect social_science × news_inequality_mentions_3_years to be positive for a similar reason: social science is closer to public discourse and policy, so when inequality becomes more salient in the news, social scientists are more likely to treat it as urgent, frame their work around it, and see it as legitimate to emphasize. I now revise my earlier expectation about social_science × white. The ML result is negative for women, so my updated view is that female authorship matters more outside the social sciences, where the baseline likelihood of talking about racial inequality is lower and someone has to “push” the topic into the paper. Inside the social sciences, the baseline is already high and the topic is already normalized, so having more women on the team adds less on the margin, which makes the female effect look smaller there.","Using the data we have, I would test my updated reasoning in a pretty direct way: I would run regressions where the outcome is whether a paper discusses racial inequality, and the predictors are social_science, female_score, country_race_diversity_score, asian, and black, while also controlling for year_of_publication (because 2000–2020 has big time trends). If my story is right, social_science should stay a strong positive predictor even once we control for year, and the team-composition variables should also be positive, meaning that beyond “being social science,” having a more diverse team and authors coming from more racially diverse contexts is linked to making racial inequality explicit in the paper. Then I would check whether the team variables really add anything beyond field by comparing a simpler model with only social_science + year to a fuller model that adds female_score, asian, black, and country_race_diversity_score. If the fuller model improves prediction in a meaningful way, that supports the idea that diversity inside the team is not just a proxy for discipline.","I’d want better info about the research team  like career stage (grad student, postdoc, junior vs senior faculty), institution prestige, and maybe tenure/job security. Part of the theory is that making racial inequality explicit can be more “loaded” and therefore riskier, so who has the freedom or confidence to emphasize it. A supporting result would be that, holding field constant, teams with more seniority or more institutional security are more willing to explicitly discuss racial inequality, or that this is especially true in non-social-science fields where the baseline is lower.","the first two predictors feel very in line with what I expected. social_science being the strongest positive predictor makes sense because gender is a central topic in many social science areas.

I expected white to appear as a positive predictor, at least for compositional reasons, but it doesn’t show up here as central. Instead, the ML highlights natural_science as a negative predictor, which is not shocking, but it’s more explicit than what I wrote: it suggests that part of the story is not only that social science is high, but that natural science is actively low, probably because gender is less central to the core questions and less expected in writing norms there. I also didn’t predict the positive asian effect. My guess is that this might be picking up sensitivity to minority experiences (where women are a minority in positions of power etc). 

Finally, I expected both news and papers salience to matter, and the ML does pick up paper_inequality_mentions_3_years as positive, which fits my general idea that academic discourse makes it more legitimate. The fact that the paper signal shows up but not the news signal (at least among the top predictors listed) ma kes me think that for gender, the driver is more internal to academia: what the literature has been focusing on recently, rather than what is happening in the general news cycle.","My updated theory is that whether a paper discusses gender inequality is driven mainly by the discipline it sits in, the gender composition of the author team, and the extent to which inequality is already on the academic agenda at that time. The positive effect of social_science fits the idea that gender is a core topic in many social science domains, and that these fields also have norms that make it more expected and legitimate to explicitly name social categories and analyze group differences. The negative effect of natural_science adds an important component to this since it is not only that social science is high, but that natural science is less likely to discuss gender inequality because the central research questions and writing conventions there often do not require discussing social categories explicitly, even when gender is relevant. The positive effect of female_score fits my assumption that gender is an important predictor. When there are more women on the team, gender is more likely to be treated as theoretically meaningful both because of interest and because teams with more women may be more willing to frame questions in terms of inequality. The positive asian effect makes me revise my earlier version about being White: instead of majority overrepresentation being a main driver, the ML results suggest that who is more likely to study gender inequality may be tied to different minority or non-majority experiences and contexts, or to where in academia certain author groups are concentrated, which then shapes topic selection and framing. Finally, the positive effect of paper_inequality_mentions_3_years supports the idea that agenda-setting within academia is important when a larger share of recent papers are already addressing inequality, gender inequality becomes more top-of-mind and more publishable as an explicit framing, so more new papers will discuss it.","Social science (+) → Gender
Natural science (−) → Gender

Female score (+) → Gender
Asian (+) → Gender

Paper inequality mentions, past 3 years (+) → Gender","Two of the three interactions I expected are basically supported, but the one I thought would be the most important is actually flipped. The ML shows social_science × news_inequality_mentions_3_years is positive, which fits my idea that when inequality is more salient in the public discourse, the translation into papers should be strongest in the social sciences. It also shows social_science × paper_inequality_mentions_3_years is positive, which is consistent with the same logic, and actually makes the story even clearer -  it’s not only news salience, it’s also academic agenda-setting itself that amplifies gender-inequality discussion specifically in social science.

Where it diverges from what I expected is female × social_science. I predicted this would be positive and central, but the ML finds it is negative, meaning the female effect becomes smaller within social science. My best explanation is a baseline or diminishing-returns story where social science already has a high baseline rate of discussing gender inequality, so adding more women to the author team does not increase the probability as much as it does in other fields where gender is less normalized as an explicit framing. So instead of “women matter most in social science,” it might be that women matter more in non-social-science fields, where someone has to push gender inequality into the discussion.

Finally, my predicted white × paper_inequality_mentions_3_years interaction does not show up among the top ML interactions. That makes me think my “whites move into the topic as it becomes central” story is either weaker than I assumed.","My updated theory is that the main interactions are about amplification in a field that is already set up toward inequality, and then a kind of baseline story for the female interaction. I expect social_science × paper_inequality_mentions_3_years to be positive because when inequality has been getting more attention in recent academic work, the social sciences are the place where that attention most easily turns into new papers that explicitly discuss gender inequality. The concepts are there, the measures are there, and it is already “allowed” and expected by reviewers. I also expect social_science × news_inequality_mentions_3_years to be positive for a similar reason: when inequality is more salient in the news, that should translate more strongly into gender-inequality studies in the social sciences than in other fields, because social science is closer to public discourse and already treats inequality as a legitimate organizing frame.

I now revise my earlier expectation about social_science × female. I thought it would be positive, but the ML shows it is negative, meaning the female effect becomes smaller within social science. My interpretation is that social science already has a high baseline of studying gender inequality, so adding more women to the team does not move the probability as much on the margin. In other fields where gender is less normalized as an explicit topic, having more women on the team may matter more because someone has to push the topic choice and the framing.","I would run a baseline regression where the outcome is whether a paper discusses gender inequality, and the predictors are social_science, natural_science, female_score, asian, and paper_inequality_mentions_3_years, with year_of_publication included as a control. If this theory is right, I should see a positive coefficient on social_science, a negative coefficient on natural_science, and positive coefficients on female_score, asian, and paper_inequality_mentions_3_years, even after controlling for year.

I would also test whether team composition is having an effect beyond discipline by comparing a simpler model with only social_science, natural_science, and year_of_publication to a fuller model that adds female_score and asian (and paper_inequality_mentions_3_years). If the fuller model improves fit or prediction in a meaningful way, that supports the idea that it’s not only “what field the paper is in,” but also “who is on the team,” that predicts whether gender inequality is discussed.","I would want more information about the journals where the gender papers were published, so I could better understand how academic discourse and incentives shape whether researchers choose to study and explicitly frame work around gender. Things like impact factor, prestige, and journal subfield or scope would be especially useful.",Theories proposed by human experts after reviewing the machine-learning results,Theories proposed by human experts after reviewing the machine-learning results,"I’m wondering whether letting people theorize about the predictors only *after* seeing the ML results would lead to better theories. Humans tend to fall in love with their own reasoning (and their mistakes), so giving them all the information upfront might prevent their initial thought process from getting locked in. It also feels more aligned with how people use AI these days where they often start by editing and refining an output, and bring in their expertise after the heavy lifting (like a literature review) has already been done for them.",38,Female,Israel,Israel,30,2020,psychology,0,0,8,"Baruch Ivcher School of Psychology, Reichman University "
1,Izzy Gainsburg,"social_science,natural_science,engineering_and_technology,news_inequality_mentions_3_years,paper_inequality_mentions_3_years",3,2,1,,,,,,,,,5,4,+,-,-,,,,,,,,,+,+,"Of the disciplines listed, I think the vast majority of the racial inequality papers will be in the social sciences, meaning that variable would be associated with whether paper mentions racial inequality. Likewise, because I think nearly none of the natural science or engineering and technology papers will mention racial inequality, I think they'd be strong negative predictors. These predictions are derived from the theory that racial inequality is more relevant to the social sciences (and also, that the people studying racial inequality are in the social sciences and therefor publish there). However, I put social science 3rd of the disciplines because I think the fact that a publication is in natural sciences or eng and tech is a stronger signal that the paper is not about racial inequality vs. the paper is in the social sciences and therefore is about racial inequality. 

Finally, I think that whether papers mention racial inequality or not is likely reflected by broader discussion on the topic inside and outside of academia, which would suggest that there'd be a positive correlation behind the 3-year mentions (both inside and outside of academia) and whether a paper discussed racial inequality. I put ""paper"" higher than ""news"" because it's more proximate to the question at hand as to whether a given academic paper mentions racial inequality. I'd have put the opposite order for those two if we were predicting whether a news article was discussing racial inequality.","in social science journal → (-) racial inequality relevance to scientific field → (+) likelihood of racial inequality being submitted to journal → (+) likelihood of paper mentioning racial  inequality

in natural science journal → (-) racial inequality relevance to scientific field → (+) likelihood of racial inequality being submitted to journal → (+) likelihood of paper mentioning racial inequality

in eng and tech journal → (-) racial inequality relevance to scientific field → (+) likelihood of racial inequality being submitted to journal → (+) likelihood of paper mentioning racial  inequality

""racial  inequality in public discourse"" is a ""third variable"" that → (+) both 3-year mentions (for news and paper), and also → (+) likelihood of paper in scientific field mentioning racial inequality","social_science,white","social_science,paper_inequality_mentions_3_years","social_science,news_inequality_mentions_3_years",-,+,+,"I think non-white people are more likely to publish on racial inequality (because it is self-relevant), but that this effect is more pronounced within the social sciences (because the counterforces in other fields, i.e., lack of field-relevance, would be too strong to allow the self-relevance to change behavior). 

I predict that the public discourse which leads to increased 3-year mentions in news and papers to predict more publishing on racial inequality, but that this effect is more pronounced within the social sciences, where racial inequality is relevant enough to those disciplines for public/field-level discourse to shift what people submit. ","social_science,natural_science,engineering_and_technology,news_inequality_mentions_3_years,paper_inequality_mentions_3_years",3,2,1,,,,,,,,,5,4,+,-,-,,,,,,,,,+,+,"Of the disciplines listed, I think the vast majority of the gender inequality papers will be in the social sciences, meaning that variable would be a strongly associated with whether paper mentions gender inequality. Likewise, because I think nearly none of the natural science or engineering and technology papers will mention gender inequality, I think they'd be strong negative predictors. These predictions are derived from the theory that gender inequality is more relevant to the social sciences (and also, that the people studying gender inequality are in the social sciences and therefor publish there). However, I put social science 3rd of the disciplines because I think the fact that a publication is in natural sciences or eng and tech is a stronger signal that the paper is not about gender inequality vs. the paper is in the social sciences and therefore is about gender inequality. 

Finally, I think that whether papers mention gender inequality or not is likely reflected by broader discussion on the topic inside and outside of academia, which would suggest that there'd be a positive correlation behind the 3-year mentions (both inside and outside of academia) and whether a paper discussed gender inequality. I put ""paper"" higher than ""news"" because it's more proximate to the question at hand as to whether a given academic paper mentions gender inequality. I'd have put the opposite order for those two if we were predicting whether a news article was discussing gender inequality.","in social science journal → (-) gender inequality relevance to scientific field → (+) likelihood of gender inequality being submitted to journal → (+) likelihood of paper mentioning gender inequality

in natural science journal → (-) gender inequality relevance to scientific field → (+) likelihood of gender inequality being submitted to journal → (+) likelihood of paper mentioning gender inequality

in eng and tech journal → (-) gender inequality relevance to scientific field → (+) likelihood of gender inequality being submitted to journal → (+) likelihood of paper mentioning gender inequality

""gender inequality in public discourse"" is a ""third variable"" that → (+) both 3-year mentions (for news and paper), and also → (+) likelihood of paper in scientific field mentioning gender inequality","social_science,female","social_science,paper_inequality_mentions_3_years","social_science,news_inequality_mentions_3_years",+,+,+,"I think women are more likely to publish on gender inequality (because it is self-relevant), but that this effect is more pronounced within the social sciences (because the counterforces in other fields, i.e., lack of field-relevance, would be too strong to allow the self-relevance to change behavior).

I predict that the public discourse which leads to increased 3-year mentions in news and papers to predict more publishing on gender inequality, but that this effect is more pronounced within the social sciences, where gender inequality is relevant enough to those disciplines for public/field-level discourse to shift what people submit. ",These all make sense to me. ,"Of the disciplines listed, I think the vast majority of the racial inequality papers will be in the social sciences, meaning that variable would be associated with whether paper mentions racial inequality. This is based on the theory that racial inequality is more relevant to the social sciences (and also, that the people studying racial inequality are in the social sciences and therefor publish there).

I predict women will also publish on racial inequality more because it's a signal of their political beliefs, which is related to their interest in racial inequality. 

Finally, more diverse countries have a greater history of discourses around racial inequality, which will make the topic more salient to people living in those countries, ","in social science journal → (-) racial inequality relevance to scientific field → (+) likelihood of racial inequality being submitted to journal → (+) likelihood of paper mentioning racial  inequality

woman author → (+) left-leaning politics → (+) cares about inequality → (+) likelihood of racial inequality being submitted to journal → (+) likelihood of paper mentioning racial  inequality

author from racially diverse country → (+) history of learning about racial inequality → (+) interest in inequality → (+) likelihood of racial inequality being submitted to journal → (+) likelihood of paper mentioning racial  inequality","I feel similarly to how I felt when seeing the interactions from the gender scores. Validated for first two predictions, but off the mark for the third. ","I think women are more likely to publish on racial inequality (because it is important to their political ideology), but that this effect is less pronounced within the social sciences (because people in those fields may have other incentives such as field-relevance to publish on gender inequality), but in non-social sciences being a woman (and thus caring more about inequality on the basis of their politics) may be stronger predictor because there are fewer other motivations to publish on the topic. 

I predict that the public discourse which leads to increased 3-year mentions in news and papers to predict more publishing on racial inequality, but that this effect is more pronounced within the social sciences, where racial inequality is relevant enough to those disciplines for public/field-level discourse to shift what people submit. ","The mediating variables in my theory wouldn't be available in the data, as far as I understand","I would want data from scientists in social sciences and non-social sciences to rate relevance of racial inequality to their field; if social sciences rated it as more relevant, this would support mu theory. 

I would want data that women scientists, on average are more left-leaning and care more about racial inequality more than their male counterparts. 

I would want data that people in racially diverse country learn more and have greater interest in about racial inequality than those who live in less diverse countries. ","Well, my logic of putting the other fields above social science was obviously flawed. 
I underrated how much being a woman was a predictor of this effect (even though I thought it mattered).
I wouldn't have predicted the effect of ""Asian""","I think the vast majority of the gender inequality papers will be in the social sciences, meaning that variable would be a strongly associated with whether paper mentions gender inequality. Likewise, because I think nearly none of the natural science papers will mention gender inequality, I think they'd be a strong negative predictor. These predictions are derived from the theory that gender inequality is relevant to the social sciences and not relevant to the natural sciences (and also, that the people studying gender inequality are in the social sciences and therefor publish there). I'm putting social science the highest because I think it provides the most information about whether the paper is about gender. For instance, if a paper is not in the social sciences it almost definitely 

Finally, because being a woman may lead someone to be interested in questions around gender inequality (on the basis of experiencing this issue more directly), it would make them more likely to publish on this topic. ","n social science journal → (-) gender inequality relevance to scientific field → (+) likelihood of gender inequality being submitted to journal → (+) likelihood of paper mentioning gender inequality

in natural science journal → (-) gender inequality relevance to scientific field → (+) likelihood of gender inequality being submitted to journal → (+) likelihood of paper mentioning gender inequality

being a woman → (+) self-relevance of gender inequality topic → (+) likelihood of paper mentioning gender inequality",The first two conform with my predictions. The last one is the opposite sign from what I predicted. I'll revise the explanation below.,"I think women are more likely to publish on gender inequality (because it is self-relevant), but that this effect is less pronounced within the social sciences (because there, both men and women may be interested in this topic, whereas in non-social sciences, self-relevance may be necessary to overcome institutional barriers to publishing on it).

I predict that the public discourse which leads to increased 3-year mentions in news and papers to predict more publishing on gender inequality, but that this effect is more pronounced within the social sciences, where gender inequality is relevant enough to those disciplines for public/field-level discourse to shift what people submit. ","I'm don't see how the hypothesized mechanism of ""self relevance"" of the topic and ""relevance to a field"" can be measured with the available data.","I would want to survey groups of scientists across fields on whether they perceive gender inequality, on average, as relevant to their broad field. This would help confirm whether social scientists perceive gender inequality as more relevant to their subfields than non social scientists; likewise, this would help confirm whether natural scientists perceive gender inequality as less relevant to their subfields than non natural scientists. 

Likewise, with men and women, I would survey them as to whether gender identity is self-relevant to their day-to-day lives. This would help confirm whether self-relevance is a factor motivating women to publish on the topic more. ",Theories proposed by GenAI models after reviewing (1) the machine-learning results and (2) the revised theories of human experts who have reviewed the machine-learning results,Theories proposed by GenAI models after reviewing (1) the machine-learning results and (2) the revised theories of human experts who have reviewed the machine-learning results,"A number of thoughts. First, I think the way in which the prompts are done matters tremendously, for both humans and AI. For instance, in these scenarios, humans were nudged away from offering a ""third variable"" explanation for a positive correlation, but if the LLM may be more motivated to be accurate and thus deviate from that nudge. Also, LLMs have no fatigue, so they may generate more complete explanations and richer theoretical models than their human counterparts. They also will have access to much more literature and lines of reasoning than humans, allowing them to draw on more theories (which may help them choose the best one). On the other hand, I could see a sycophantic AI doing worse after seeing the human experts if it feels the need to conform to the human reasoning.

Finally, perhaps the humans would do best. But I think that would depend on the expert pool (i.e., how expert are they, really?)--if they aren't the most expert in the whole world, they'd be worse than the LLM, but perhaps the truly best humans are still better than the LLMs. Taking a step back, LLMs have outperformed humans on many, many kinds of tasks--I suspect that the theories and reasoning needed to generate good hypotheses here could be performed well by an LLM based on the relevant ideas being in the literature. But also, I think it's possible that the LLM performance would depend on the specific model used (e.g. ""thinking"" vs ""non thinking"" models, whether it's engaging in ""deep research""). ",37,Male,United States of America,United States of America,37,2020,psychology,4,2,,Stanford University
1,Igor Grossmann,"social_science,black,hispanic_and_other,authors_race_diversity_score,paper_inequality_mentions_3_years",1,,,,,,3,4,,5,,,2,+,,,,,,+,+,,+,,,+,"race is a social science construct with little relevance to STEM and limited relevance to natural sciences (minus some phenotypical discussions). Ergo, this will be the strongest signal.
Black and Hispanic scholars are more likely to focus on the topics of racial inequality (in North American academia; less so if we look at other countries...), possibly due to social identity and personal relevance.
Autoregressive effects dictate that part performance is the good predictor of academic trends in the present/future, ergo past mentioning of race inequality (albeit weaker compared to how I would view it for gender inequality, due to dominance of personal characteristics). Among the remaining factors, race diversity score is likely to play a role, with more diverse background possibly associated with mentioning race inequality in the limitations. But this effect will be VERY weak and I only mention it to ensure comparability (and request to select five indicators).","Again, no real theory!!! All considerations here are comparable to those outlined for gender inequality, and same logic applies (please, borrow my responses from there).","num_authors,black","num_authors,hispanic_and_other","social_science,num_authors",+,+,+,"multiauthor papers with mostly black authors are more likely to discuss racial inequality compared to multiauthor papers with lower % of black authors or single black author papers.
Ditto for hispanics - the rationale in each case is that such papers are often position pieces targeting specific issues.
The matter of racial inequality may also be more pronounced for multi-author (vs. single author) social science papers, though I imagine this is a non-linear relationship, as consortia papers (and papers with 7+ co-authors) would be a completely separate category, where other ideas apply (more aligned with the mission of corresponding and senior authors).","social_science,engineering_and_technology,female,news_inequality_mentions_3_years,paper_inequality_mentions_3_years",2,,4,,3,,,,,,,5,1,+,,-,,+,,,,,,,+,+,"gender is most likely to be studied by social scientists and least by STEM (hence the whole sub-field). Women are more likely to focus on inequality in research than men. Autoregressive trends are likely most relevant to predict likelihood of fashions to persist, with general interest (newsworthiness) being another attractor to the study of a particular subject.","I don't have a specific theory as I drew on several ideas:

1. past behavior is predictor of future behavior - i.e., autoregressive effect: 
news inequality in past 3 years ==> (+)==> inequality study in the next year.
2. field-specific foci, with gender being a social science domain and construct, with less centrality to the works of STEM fields. Ergo:
social science (vs. non-social science) ==> (+) ==>study of gender inequality
STEM (vs. non-STEM)==> (-) ==>study of gender inequality
3. social identity theory and various other aspects of self-identification would predict that women would be more likely to pursue topics that disproportionally affect them than men. and will be more motivated to focus on these features in the discussion as a possible study limitation, ergo:
female==> (+)==> gender inequality
4. Finally, scientists may be drawn to subjects that appear discussed in the popular media (and vice versa, as popular media/news is most likely reporting on PRIOR social science findings to support any stories on gender inequality). Ergo, a weaker effect here:
news of gender inequality==>(+)==> study of gender inequality. One could extend it to state that past work on gender inequality => news of gender inequality => present discussion of gender inequality.","num_authors,female","female,white","num_authors,black",-,+,-,"I assume that the effect of % (female) on mentioning gender inequality will be weakened the more authors are on the paper. The effect could be curvilinear, of course (for papers with more than 3-4 authors it would look very different and will just depend on the direction (and attributes) of the corresponding / senior authors. Specifically, I imagine that mixed sex paper may in fact be MORE likely to mention gender inequality than single-sex papers, as a form of virtue signalling and/or self-selection of individuals forming allyships.

I assume white females will be especially likely to signal matters of gender inequality in their papers, treating it as the most important issue, while ethnically diverse females less so, in part because other matters (and types of inequality/prejudice) would crowd out the gender-related concerns in the discussion papers (considerations of limited space, which parts to focus on...).
I assume that gender inequality may be less of a concern in discussion sections and other sections of papers, the more black coauthors are on them, because the latter will be more likely to focus on other forms of inequality.
","did not expect the country race diversity score. Asian  - thought it could be, though I was betting on hispanic, instead. makes sense in hindsight.","race is a social science construct with little relevance to STEM and limited relevance to natural sciences (minus some phenotypical discussions). Ergo, this will be the strongest signal.
Black and Asian scholars are more likely to focus on the topics of racial inequality (in North American academia; maybe less so if we look at other countries...), possibly due to social identity and personal relevance.
Among the remaining factors, race diversity score is likely to play a role among scholars from countries with a more racially diverse background, due to possible possibly greater discussion of such topics in these countries (and more conflict/tensions).","my prior diagram still holds , but hispanic can be replaced with asian and one can add the country diversity ==> (+) racial inequality discussions.
I only consider main effects here, so nothing too complicated and no mediation models.","ok, marginal effects, though - how large are they? makes sense.","my initial findings may still hold, but new ones suggest additional elements. However, they are all post-hoc. :)","see recommendations for gender inequality analyses. In terms of specific events - George Floyd and new BLM protests, as well as Obama and Trump elections.","specific events likely play a role here, especially during the Trump admin...","makes sense, this is consistent with what I estimated earlier (minus the asian part; I was ambivalent about it before and could have seen it going either way).","almost left as is, with minor mod for Asian co-authors: Gender is most likely to be studied by social scientists and least by STEM (hence the whole sub-field). Females are more likely to focus on inequality in research than males. Autoregressive trends are likely most relevant to predict likelihood of fashions to persist. Asian-background scholars may be drawn to gender inequality, though this is confounded with most of them (in social sciences) being female.",my initial diagram is fine (minus the news). I am still unsure how to interpret the Asian findings and consider it an artifact - it can go either way!,"meh, all of this is marginal and generally I am not interested in most of the two-way interactions, as many of them may be curvilinear, too.",not modifying as I have little trust in marginal results from two-ways (as I generally view two-ways somewhat suspect).,"lasso/elastic net regression.
hold-out k-fold model (separate dataset into at least 10 subsets and check reliability of models across them). 
predictive modelling of out-of-sample results that are NOT part of the data as of now.
",NA,Theories proposed by GenAI models after reviewing the machine-learning results,Theories proposed by GenAI models after reviewing (1) the machine-learning results and (2) the revised theories of human experts who have reviewed the machine-learning results,"There are two major concerns for this survey setup:
1. Its too long, and though carefully designed, it results in drop in effort. Asking people to draw diagrams on Qualtrics is also VERY HARD (impossible) and takes on time. Who are the scientists who would volunteer their time to perform such tasks for free (2 hours!) just to be a coauthor (one of 20+ on a paper)? The way it is stacked, Gen AI will ABSOLUTELY show higher performance. This may be the genuine result. But in my case it is simply because I lost much interest after 45 min. And in general, its a VERY BAD practice from the survey design perspective to keep ANY survey, esp for scientists over 30 min. guys, you know this! There will be concerns from the reviewers, too, as you have zero true incentives here to do better. for instance, you could have advertised that scientists could test their intuitions and theories and their knowledge etc... Something to keep people motivated.
2. ""marginal effects"" can be misunderstood, as the meaning of the term in English can refer to the size of the effect. I don't think this is how you meant it, but this is something to keep in mind. Generally, I found the interactions part very suspect and post-hoc and confusing - I suggest you cut it from analyses entirely. For several variables, there are also curvilinear trends.
3. You never explained what exactly you did for ML analyses. Can I trust your results? What did you use and how? Did you cross-validate them? Out of sample tests?",43,Male,Ukraine,Canada,20,2012,Psychology,4,4,8,University of Waterloo
1,Matthew Eshbaugh-Soha,"social_science,female,black,authors_race_diversity_score,news_inequality_mentions_3_years",5,,,,4,,3,,,1,,2,,+,,,,-,,+,,,+,,+,,"Each of these variables increase the likelihood of inequality given their relationship to the subject.  News coverage has focused on the topic, black authors are more likely than others to publish on the topic (accentuated by the diversity score), with social science journals most likely to publish on these issues.  Independently, females are less likely, but condition on race, they are more likely to be associated with a paper that discusses racial inequality.","I see each having an independent effect. So,
Black → + racial inequality
diversity score → + inequality
news → + inequality
female → - inequality, but black*female →+ inequality
I see social science journals as the sample from which to draw, so an association, but not causal

","female,black","female,hispanic_and_other","female,white",+,+,-,"This is all about self selection and exposure.  In the social sciences, it just so happens that black and hispanic graduate students tend to gravitate towards exploring questions of racial inequality.  Therefore, their identity is the most important factor in determining whether someone will publish in that area.  In addition, there is a tendency to exclude white authors from this conversation (unless they are women who study gender inequality.)  So, because black and hispanic students are more likely to gravitate to this area, they are more likely to publish.  Females are also likely, but only if they are black or hispanic.","social_science,engineering_and_technology,num_authors,female,white",2,,4,3,1,,,,5,,,,,+,,-,+,+,,,,+,,,,,"STEM fields are dominated by men, which could predict an opportunity for women to publish on gender inequality issues, but the nature of the topics published in these journals do not lend to inequality discussion as social science journals do.  Like my theory concerning racial inequality, women, and especially white women, identify with gender inequality and are more likely to seek to publish on gender inequality issues.  Number of authors should be loosely tied to more likelihood as research teams may who study in this area may wish to increase the number of voices to improve publication odds.","This is challenging to articulate visually in this space, but my sense is as follows
White*female→ + gender inequality
more authors is associated with + inequality
engineering journals, as a sample of articles, → - inequality
female→ + gender inequality
I see social science journals as the sample from which to draw, so an association, but not causal","female,white","social_science,num_authors","female,hispanic_and_other",+,+,+,"Women gravitate towards issues of inequality, but white women are less engaged with race (and may be considered less credible to publish on this...white fragility).  So, women who are white are more likely to publish on gender inequality issues.  Social science journals that publish research with multiple authors are more likely to publish gender inequality papers (although, I admit I do not have a good theoretical rationale for this).  It could be either black or hispanic, but for similar reasons, we are more likely to see women who identify as hispanic conducting research on gender inequality, in part because they can build upon the intersectionalities present.","I am surprised by the female score, but I think this makes sense, in part because I suspect I will see an interactive effect below.  The country score also make sense, although I admit I was thinking mostly of an American politics context when I expected relationships and so did not consider that variation in my mind.  Could be conflated with certain democratic values, too?","Based on the variables that have an impact, the general universe of social science articles are most likely to publish racial inequality research.  Females (but I think this is interactive), along with black authors are more likely to publish on racial inequality.  The rationale is historical disenfranchisement (which makes the Asian variable surprising...unless there is a covid effect.)  This is all within the context of country differences, where racial diversity in a country increases publications.  ","female(*black)→ + racial inequality
black→ + racial inequality
country → + racial inequality
All within the framework of the universe of social science journals.  (I do not include Asian because it does not fit with my overarching theoretical reasoning, despite the relationship)","This makes sense.  Female should perform this way, and both of the other interactions indicate that this is a recent phenomenon, something akin to a cottage industry of research on racial inequality issues","Scholars in the social science generate ideas based on what they observe in the real world, and so news should increase the number of possible paper ideas.  In addition, as more publications in racial inequality, this stimulates interest from an academic audience, with published research being incomplete in answering questions, affording subsequent scholars the opportunity to do so.  The identity/motivation for exploring questions still matters, but weakly so, as females are less likely to publish on racial equality issues in social science journals (probably because they are publishing on gender equality issues)","As I understand the study, the depdent variable could be a measure of articles that publish on racial inequality.  If we make the article as the unit of analysis, then we have 1/0, with all of the variables noted previously functioning as independent variables.  Since this is a time series, We'd have to consider time dynamics.  One option might be cross sectional time series, where the cross section is a journal.  This would change the dependent variable to a count, or a percentage of articles in a journal for a year; could also be by quarter, depending on how the journals publish.  So, yes, a regression of sorts, dependent upon the nature of the data.","Going back to my original theory, yes, I think I would look at interactions among the different racial categories.  The trick is looking at the descriptive data (number of articles by category/journal/over time) to inform patterns in the data that can help develop and refine the theory.  SO, I guess, what is most helpful to me is not really knowing some of the statistically significant relationships (and only the top effects), but seeing the descriptive data.  ","Social sciences, female, and natural science journals make sense based on the loose identity theory I highlighted; paper inequality fits with the ideas driven idea I mentioned after the revised racial inequality discussion.  ","Social science journals are more likely to publish articles on gender inequality especially if the authors are female.  Other field journals should be less likely to do so.  The more ideas are available for scholars to observe (as through more published research), the more motivation to explore gender inequality and publish on it. ","Mostly as before, but I guess as I learn more about this, social science journals would have a direct, positive impact on publications, with female and asian increasing publications and paper mentions driving the process, like this.

paper mentions in social science journals => + female/asian authors to publish on the topic.","Surprised by the female result, but the top two suggest that research is really driven by recent conversations in the news/in publications.  More news begets more interest/articles, and more publications begets more interest/articles.  That the most likely identity variable (female) is not influential in social science journals where this research is most likely to be published suggests that there is not much of an identity-driven selection of research.  Rather, advisors/students see opportunity in research when it is salient regardless of the authors' individual demographic qualities. ","As above, research is really driven by recent conversations in the news/in publications.  More news begets more interest/articles, and more publications begets more interest/articles.  That the most likely identity variable (female) is not influential in social science journals where this research is most likely to be published suggests that there is not much of an identity-driven selection of research.  Rather, advisors/students see opportunity in research when it is salient regardless of the authors' individual demographic qualities. ","As with racial inequality.  The model is similar, depending on the data and the structure of the data.  ",I think I would still want to include the racial variables and interactions as I originally theorized so as to reject that as an alternative explanation to what I see as compelling evidence that researchers are opportunistic and look at news/recent publications to develop a research agenda that they think is likely to speak to an important issue and be published.,Theories proposed by GenAI models after reviewing (1) the machine-learning results and (2) the revised theories of human experts who have reviewed the machine-learning results,Theories proposed by GenAI models after reviewing (1) the machine-learning results and (2) the revised theories of human experts who have reviewed the machine-learning results,"I am sure that the presentation of my thoughts/observations is untidy.  Outside of the survey, I could have revised and developed more.  But I think the survey provides good insight into how my thinking evolves from what I think off the top of my head, to be revised with empirical results (keeping some skepticism).  I'd like to see the entire set of relationships to work through my theory.  But given that the results centered on available ideas in the current context, I think a revised theory based on that is very interesting.  My level of confidence in responses on this page is not high.  I am sure that AI can add some, but I am not sure how much better over human theorizing.  AI sure is great at simplifying/collecting data so we can analyze a lot of it, though.",53,Male,United States of America,United States of America,52,2002,political science,2,0,0,University of North Texas
1,Michael Schaerer,"social_science,black,hispanic_and_other,white,authors_race_diversity_score",5,,,,,,1,2,3,4,,,,+,,,,,,+,+,-,+,,,,"Social sciences are generally more left-leaning with a large share of liberal authors. This will make it more likely that racial inequality would be discussed as a topic explicitly. 

Similarly, I would expect if at least one black author is included, racial inequality is more likely to be discussed, as opposed to an all-while author team. This may still increase the more black authors are part of the team. 

Similarly, for hispanic/other, this is a group that has historically experienced a lot of marginalization and may be particularly aware and motivated to discuss racial inequality in research papers. 

For white, I suspect that generally if an author is white then mentions of inequality related topics (including race) would be less likely either because they are less motivated to frame the paper around inequality. 

For the same reasons, I would also expect that the more racially diverse a team is, the more likely at least somebody in the author team is motivated to frame a paper around racial inequality. ","Social science → (+) Liberal political views (mediator) → (+) Racial inequality

Black → (+) Liberal political views (mediator) → (+) Racial inequality

Black → (+) Inequality aversion (mediator) → (+) Racial inequality

Hispanic/other → (+) Liberal political views (mediator) → (+) Racial inequality

Hispanic/other → (+) Inequality aversion (mediator) → (+) Racial inequality

White → (-) Inequality aversion (mediator) → (+) Racial inequality

White → (-) Inequality awareness (mediator) → (+) Racial inequality

Racial diversity → (+) Liberal political views (mediator) → (+) Racial inequality

Racial diversity → (+) Inequality aversion (mediator) → (+) Racial inequality
","social_science,black","social_science,hispanic_and_other","social_science,authors_race_diversity_score",+,+,+,"Social science, black, and hispanic/other are most likely to contain authors that would be motivated to study racial inequality either due to more awareness of inequality or due to stronger motivation to frame topics around this language. An overlap of two of these groups would create a strong positive interaction (social science, female, black). ","social_science,female,white,news_inequality_mentions_3_years,paper_inequality_mentions_3_years",1,,,,2,,,,5,,,4,3,+,,,,+,,,,-,,,+,+,"Social sciences are generally more left-leaning with a large share of liberal authors. This will make it more likely that gender inequality would be discussed as a topic explicitly. 

Similarly, I would expect if at least one female author is included, gender inequality is more likely to be discussed, as opposed to an all-male author team. This may still increase the more female authors are part of the team. I would expect the biggest ""jumps"" in likelihood where you go from no female authors to one female author, and then also where you go from only one male author to all female authors. 

For the news and paper mentions, I suspect that if the academic and public discourse has been around gender lately (i.e., last 3 years), academics are more likely to work on such topics or may be asked by the review team to incorporate such framing. 

For white, I suspect that generally if an author is white then mentions of inequality related topics (including gender) would be less likely either because they are less motivated to frame the paper around inequality. ","Social science → (+) Liberal political views (mediator) → (+) Gender inequality

Female → (+) Liberal political views (mediator) → (+) Gender inequality

Female → (+) Inequality aversion (mediator) → (+) Gender inequality

White → (-) Inequality aversion (mediator) → (+) Gender inequality

White → (-) Inequality awareness (mediator) → (+) Gender inequality

News → (+) Inequality awareness (mediator) → (+) Gender inequality

Paper→ (+) Publication likelihood (mediator) → (+) Gender inequality
","social_science,female","female,black","female,white",+,+,-,"Social science, female, and black are most likely to contain authors that would be motivated to study inequality, while white would be less likely. An overlap of two of these groups would create a strong positive interaction (social science, female, black) or negative interaction (white) in predicting the same. ","That's very interesting. I did not think that females would be more likely predictors than black. Perhaps whether a paper discusses racial inequality has more to do with just being aware than being motivated to, unless the motivation stems from the motivation to publish in general, no matter what the topic. I'm puzzled why asian is a stronger predictor than hispanic as well, and don't have a good explanation that comes to mind right now. ","Social sciences are generally more left-leaning with a large share of liberal authors. This will make it more likely that racial inequality would be discussed as a topic explicitly. 

Similarly, I would expect if more authors are female, racial inequality is more likely to be discussed, as opposed to an all-male author team. This may still increase the more female authors are part of the team. Female, even though not related to race directly, may be more liberal and thus more sensitive to racial inequality topics. 

Similarly, I would expect if at least one black author is included, racial inequality is more likely to be discussed, as opposed to an all-while author team. This may still increase the more black authors are part of the team. 

Similarly, for hispanic/other, this is a group that has historically experienced a lot of marginalization and may be particularly aware and motivated to discuss racial inequality in research papers. ","Social science → (+) Liberal political view (mediator) → (+) Racial discrimination
Social science → (+) Inequality awareness (mediator) → (+) Racial discrimination

Female → (+) Liberal political view (mediator) → (+) Racial discrimination
Female → (+) Inequality awareness (mediator) → (+) Racial discrimination

Country diversity → (+) Inequality awareness (mediator) → (+) Racial discrimination

Asian → (+) Liberal political view (mediator) → (+) Racial discrimination
Asian → (+) Inequality awareness (mediator) → (+) Racial discrimination

Black → (+) Liberal political view (mediator) → (+) Racial discrimination
Black → (+) Inequality awareness (mediator) → (+) Racial discrimination","Okay, this seems identical to the gender interactive effects. It's really about political lean (which is strongest for social sciences and female I presume) and then whether the topic of racial inequality is ""hot"" which depends on whether other people study it or whether it's a public discourse. ","Racial inequality is most likely mentioned in an academic paper if there is a liberal political view present in the demographic group (strongest in social sciences and female) AND there is appeal of doing so (strongest if there is an academic or public discourse of such topics ongoing). 
","It would be interesting to test whether the ""raw"" number of authors from a particular group would make a difference. I would create dummy variables that help compare if an author group is all white vs. one black, and then all but one black and all black. I think there's going to be ""step up"" effects that are strongest if there is suddenly one member of an underrepresented group there, and then also if the last majority group member disappears. This is based on internal author group dynamics around strength of the coalition and conformity, which is likely strongest if there's at least one dissenting member from the other group, but whether there's 1, 2, 3... dissenting members may not matter as much. ",No additional variables needed. ,"I'm surprised that the natural sciences is less likely to be associated with gender inequality. I guess this makes sense if you use a ""non zero"" mean of gender inequality across all papers. I was thinking of papers in the natural sciences not to contain any inequality related language, but didn't think that compared to ALL papers it would be less. ","The error I made is more statistical than in terms of the theory. 

I continue to think whether gender is discussed in a research paper is a function of how politically liberal the authors (social sciences, female) are and how aware and motivated the authors are to discuss such topics. Motivation would come from being part of a disadvantaged group (e.g., female, asian), and how aware they are (e.g., academic discourse ongoing on these topics). ","Social science → (+) Liberal political views (mediator) → (+) Gender inequality

Female → (+) Liberal political views (mediator) → (+) Gender inequality
Female → (+) Inequality aversion (mediator) → (+) Gender inequality

Natural sciences → (-) Liberal political views (mediator) → (+) Gender inequality

Asian → (+) Inequality aversion (mediator) → (+) Gender inequality

Paper→ (+) Inequality awareness (mediator) → (+) Gender inequality
Paper→ (+) Motivation to study topic (mediator) → (+) Gender inequality
","Interesting. I did think that news/paper mentions would have an enhancing influence, but did not expect that it would be a stronger interactive predictor than being member of a particular social group. 

For female X social science I was clearly wrong, it looks like social science membership might lead to some sort of ceiling effect, so perhaps it's not that female and social science enhance each other but that the presence of one of them is sufficient to predict high gender inequality mentions. ","Social science, female, and black are most likely to contain authors that would be motivated to study inequality, while white would be less likely. An overlap of two of these groups would create a negative interaction (social science, female, black), as being part of one of these groups would create a ceiling effect and being a member of a second group would only lead to marginal additional benefits in terms of discussing gender inequality. ","One cool question I would test is whether there's a difference in gender inequality as a proportion of male/female in the author team, but whether the ""raw"" numbers matter. I would predict that there's a big difference from zero females to one females (more gender inequality) and then from all but one female to all female (more gender inequality). So, if an author team has 5 authors, I would predict the biggest increase in inequality discussion from zero to one female and from four to five female authors. This is based on internal group dynamics and the strength of the female ""coalition"". ",No additional variables needed. ,Theories proposed by GenAI models after reviewing the machine-learning results,Theories proposed by GenAI models after reviewing the machine-learning results,'-I was a bit skeptical about how the diversity scores were inferred from things like country representation and last time. I would encourage you to provide strong validation of this approach in the research paper. ,39,Male,Switzerland,Singapore,23,2017,organizational behavior,0,3,0,Singapore Management University
1,Yoel Inbar,"social_science,black,hispanic_and_other,news_inequality_mentions_3_years,paper_inequality_mentions_3_years",1,,,,,,4,5,,,,3,2,+,,,,,,+,+,,,,+,+,"I ranked social science (vs other sciences) highest because I think the social sciences are just more concerned with all sorts of social phenomena, including race/gender inequality.

Next I ranked paper/news inequality (in that order) because you can think of these as base-rate measures of inequality discourse, and I'd expect base rates to affect likelihood. I ranked papers over news because other papers are closest to what is being measured.

Next I ranked author characteristics (black and hispanic). I think minority authors are more likely to study inequality relevant to their race/ethnic group. But I think this is going to be weaker than the other predictors particularly across all the sciences. I ranked black > hispanic because of the pre-eminence of anti-black discrimination in US history (so I'd expect black authors to be especially focused on their racial status).","social_science +→ inequality discourse
paper_inequality_mentions +→ inequality discourse
news_inequality_mentions +→ inequality discourse
black +→ inequality discourse
hispanic_and_other +→ inequality discourse","social_science,paper_inequality_mentions_3_years","social_science,news_inequality_mentions_3_years","social_science,black",+,+,+,I don't really have predictions about interactions. But the survey forced me to make choices so I made some.,"social_science,engineering_and_technology,female,news_inequality_mentions_3_years,paper_inequality_mentions_3_years",1,,2,,5,,,,,,,4,3,+,,-,,+,,,,,,,+,+,"The reasoning is very similar to what I gave previously--social science cares about social phenomena. The reasoning for the rest is the same, except for that the survey forced me to choose 5, so I chose engineering and technology (which I'd expect to have the least inequality discourse).","social_science +→ inequality discourse
engineering_and_technology - → inequality discourse
female +→ inequality discourse
news_inequality_mentions +→ inequality discourse
paper_inequality_mentions +→ inequality discourse","social_science,female","social_science,news_inequality_mentions_3_years","social_science,paper_inequality_mentions_3_years",+,+,+,"Again, I am not confident in predicting interactions and only chose them because the survey forced me to.",Strange that the base rates didn't matter more!,"I didn't really have a theory, just specific explanations for predictors. I have no idea why past mentions didn't matter more. In retrospect the country-level diversity variable is reasonable though does it just reflect US/non-US?",I am not making updates for the reasons I gave above.,"As I noted before, I didn't have strong predictions for interactions. I may have gotten some right accidentally.",N/A as described above.,"Again, I didn't have a big picture theory so I am not really sure about empirical tests.",N/A for reasons described earlier.,"Some misses, interesting that %female rather than female first author was the more important predictor (makes sense retrospectively). No idea about what's going on with ""asian.""","Again, I don't really have a theory, just some predictor-specific hunches.",N/A for reasons described above.,I think I got 2/3 right by accident :-),"Again, didn't have a strong prediction for interactions.",N/A for reasons described earlier.,N/A for reasons described earlier.,Theories proposed by GenAI models after reviewing (1) the machine-learning results and (2) the revised theories of human experts who have reviewed the machine-learning results,Theories proposed by GenAI models after reviewing (1) the machine-learning results and (2) the revised theories of human experts who have reviewed the machine-learning results,I did not like being forced to make predictions where in fact I didn't have any. I wish there had been an option to indicate that I didn't have a prediction.,47,Male,United States of America,Canada,45,2008,Psychology,,,,University of Toronto
1,Cory Clark,"social_science,black,authors_race_diversity_score,news_inequality_mentions_3_years,paper_inequality_mentions_3_years",1,,,,,,2,,,3,,5,4,+,,,,,,+,,,+,,+,+,"Racial inequality is more of a social science topic, so probably studied more in the social sciences. Black scholars tend to be interested in racial inequality because Black people tend to experience the poorest life outcomes on average and this reality has the most personal significance to Black scholars. As with gender, racial diversity of authors and studying racial inequality are likely both confounded with progressive values among the author team. And for news and paper mentions, people like to study topics they think will get them attention. ","Sorry if I am doing this wrong, but here is my attempt similar to before:

1. Racial inequality topic-->+social science journals more interested in publishing
2. Black people are struggling relative to other races in many countries-->+Black people have more concern about this due to the personal significance-->+Black scholars more interested in studying racial inequality
3. Progressive values among authorship team-->+authors work harder to secure diverse authorship team and +more likely to publish on racial inequality
4. Hot topics (i.e., those covered by media and published in visible outlets)-->+more interest among scholars ","social_science,black","social_science,authors_race_diversity_score","social_science,paper_inequality_mentions_3_years",+,+,+,"As with gender, the social sciences publish on racial inequality more than other disciplines. Consequently, being black, author diversity, and paper mentions likely have little relation to racial inequality mentions in STEM fields, but much stronger relations in social science.","social_science,female,authors_race_diversity_score,news_inequality_mentions_3_years,paper_inequality_mentions_3_years",1,,,,2,,,,,5,,4,3,+,,,,+,,,,,+,,+,+,"Social sciences seem to study these topics more than other disciplines--even ""gender inequality"" in STEM likely gets published in social science journals more than STEM journals because the question itself is more of a social science question. Women likely care more about gender inequality because they feel more affected by it. Race diversity score seems likely to be confounded with progressive political values, which would predict more interest in gender inequality. And generally, hot topics in the media and academia likely cause more study of those topics because people want to study things that will get them attention (i.e., people copy successful topics/papers).","Not sure if I am doing this right, but here is my attempt:

1. Gender inequality topic-->+Social science journals more interested in publishing
2. Female-->+desire to explore sexism against females-->+gender inequality topic
3. Progressive values among authors-->+both diverse authors and +more interest in gender inequality
4. [People want attention]: Gender inequality gets attention in media and academia-->+gender inequality topic","social_science,female","social_science,authors_race_diversity_score","social_science,paper_inequality_mentions_3_years",+,+,+,"Because most gender inequality research gets published in social science journals, being female, having high racial diversity among the authors, and recent popularity of the topic probably have little relation to gender inequality topic in non-social science disciplines, but probably have larger positive effects within social science","None of these surprise me. I did not predict them all, but I would have predicted most of these relationships if I could have indicated the direction for all variables. So my main error here was in estimating the relative size of the predictors and not the direction. Asian is still the biggest puzzle. I would not have expected a strong relationship there.","Racial inequality is more of a social science topic, so probably studied more in the social sciences. Black scholars tend to be interested in racial inequality because Black people tend to experience the poorest life outcomes on average and this reality has the most personal significance to Black scholars. Women are more progressive and more egalitarian, and thus care more about racial inequality (and all kinds of inequality). More diverse countries have more exposure to racial inequality and thus care about it more. I do not have a great explanation for the Asian predictor.","1. Racial inequality topic-->+social science journals more interested in publishing
2. Black people are struggling relative to other races in many countries-->+Black people have more concern about this due to the personal significance-->+Black scholars more interested in studying racial inequality
3. Females are more progressive and egalitarian-->+care more about racial inequality-->+racial inequality topic
4. Scholars from more racially diverse countries have more exposure to racial inequality-->+care more about racial inequality-->+racial inequality topic

Not sure about Asian predictor","The first two are consistent with my predictions, the last one directly opposes my predictions. Although, as before, it makes sense upon reflection. Racial inequality is so saturated (by male and female scholars) in the social sciences, so the effect of female would be larger in disciplines where it is a more niche topic (not social sciences).","Being black and topic popularity likely have little relation to racial inequality mentions in STEM fields, but much stronger relations in social science. Because racial inequality is a relatively rare topic in STEM, the effect of female is more obvious/larger there.","No great ideas given the limited variables. I assume on the next page you will give me the opportunity to propose ideas using new variables, but in case not, re this one ""Females are more progressive and egalitarian-->+care more about racial inequality-->+racial inequality topic"", I would expect the effect of female gets smaller controlling for progressive political ideology and/or a measure of egalitarianism or SDO.","Re this one ""Females are more progressive and egalitarian-->+care more about racial inequality-->+racial inequality topic"", I would expect the effect of female gets smaller controlling for progressive political ideology and/or a measure of egalitarianism or SDO.","As I was completing this, it occurred to me I was too focused on positive predictors than negative predictors (hello confirmation bias!). So, I am not surprised to see natural science being a negative predictor (sort of the opposite of my social science prediction). Otherwise, I was pretty accurate. The one that surprises me is Asian authors. Even now knowing that, I do not have a good explanation... hmm...","Social sciences seem to study these topics more than other disciplines--even ""gender inequality"" in STEM likely gets published in social science journals more than STEM journals because the question itself is more of a social science question. The opposite side of that would be that natural sciences study these topics less, and thus it is a negative predictor.  Women likely care more about gender inequality because they feel more affected by it. And generally, hot topics in the media and academia likely cause more study of those topics because people want to study things that will get them attention (i.e., people copy successful topics/papers). I do not have an explanation for why Asian scholars would be more likely to study gender inequality. Maybe Asian scholars or Asian journals follow trendy topics more? Or perhaps Asians are more interested because they are more quant tilted and women are more underrepresented in quant tilted areas? I am just guessing.","1. Gender inequality topic-->+Social science journals more interested in publishing and -Natural science journals less interested in publishing
2. Female-->+desire to explore sexism against females-->+gender inequality topic
3. [People want attention]: Gender inequality gets attention in academia-->+gender inequality topic

(I am leaving out the Asian bit because I really do not know)","One of the first two was my prediction and the other is very similar to my prediction (basically, attention of topic). I am somewhat surprised by the third one because it is precisely the opposite of my prediction. Thinking about it now, I can see how it might make sense. Basically, gender inequality is so popular in social science, that males and females both publish on it constantly. In areas where gender inequality is not particularly popular (STEM), it is mainly females who publish on it.","Because most gender inequality research gets published in social science journals, recent popularity of the topic probably has little relation to gender inequality topic in non-social science disciplines, but probably has larger positive effects within social science. At the same time, gender inequality is such a popular topic in the social sciences, both men and women pursue it at very high levels in the social sciences, whereas in STEM disciplines, it is a more niche topic that is attractive primarily to women, hence the larger effect of women in non-social science.","I do not have any brilliant ideas here given the limited variable options. Re #3, one idea would be to test whether papers are more likely study gender inequality in the years after previous popularity (in earlier papers and media mentions).

This is not a main effect, but I also could imagine that popularity (measured by papers and media mentions) would have a larger effect on men studying gender inequality in the social sciences than on women studying gender inequality in the social sciences, because women would have more intrinsic interest in the topic, whereas men's interest would be more motivated by the status potential. This would provide some support for my main effect claim that women are simply more interested in the topic and my main effect claim that some of it is the result of desire for attention/status. Although, I am not statistically sophisticated enough to know how to test for such an interaction when it includes a longitudinal element...","Some ideas:

People winning awards for studying inequality-->more papers published on inequality (supports attention/status-seeking hypothesis)

Prominent/highly cited paper claiming there is no sexism against women-->later uptick in women studying gender inequality (supports motive among women to show they are the disadvantaged class)
",Theories proposed by GenAI models after reviewing the machine-learning results,Theories proposed by GenAI models after reviewing the machine-learning results,I expect Gen-AI to do better (and to provide more sophisticated and thorough explanations because they are so efficient and do not have time constraints). And I will be very curious to hear its explanation for the Asian predictor--that one stumped me. Cool work as always. Thanks!,39,Female,United States of America,United States of America,39,2014,Psychology,5,5,0,New College of Florida
1,Roderick Swaab,"social_science,black,authors_race_diversity_score,news_inequality_mentions_3_years,paper_inequality_mentions_3_years",1,,,,,,4,,,5,,3,2,+,,,,,,+,,,+,,+,+,"I’d expect these five to positively predict whether a paper discusses racial inequality. 
In terms of strength, I’d expect social science to be the strongest predictor because racial inequality is fundamentally a social phenomenon and is almost exclusively studied within disciplines like sociology, political science, and economics. 
I’d expect paper inequality mentions to be next as it reflects momentum within an academic field: when inequality discussions in the literature are already elevated, individual scholars are more likely to engage with it, both because it spurs their ideas but also because journals and reviewers become more receptive to such work.
I’d expect news inequality mentions to be next as it captures the role of public discourse in shaping peoples research agendas: greater coverage of racial injustice as we saw in high-profile events like police killings in the US motivates researchers to respond and thus increases the probability that papers published in subsequent years address such topics. 
Next, Id expect black author share to predict but conditional on the aforementioned factors. There are well-documented own-group research effects whereby scholars from minority race groups (especially in the USA) are more likely to study topics directly relevant to their own community experiences. 
Lastly, I’d predict authors' race diversity score to positively predict but also conditional on the first three. It is likely to operate through a related mechanism whereby racially diverse teams may be more likely to coalesce around shared interest in race-related questions. Another reason could be that this measure also reflects more diverse collaborative networks which better position scholar to attract funding and publish work on these topics.  
","Social Science (X1) → (+) Discusses Racial Inequality (Y)
News Inequality Mentions 3 Years (X2) → (+) Paper Inequality Mentions 3 Years (X3) → (+) Discusses Racial Inequality (Y)
News Inequality Mentions 3 Years (X2) → (+) Discusses Racial Inequality (Y)
Social Science (X1) × Black Author Share (X4) → (+) Discusses Racial Inequality (Y)
Social Science (X1) × Authors Race Diversity Score (X5) → (+) Discusses Racial Inequality (Y)","social_science,black","social_science,authors_race_diversity_score","news_inequality_mentions_3_years,paper_inequality_mentions_3_years",+,+,+,"I believe all three interactions are expected to take a positive sign, such that each pair of features reinforces the other's influence on whether a paper discusses racial inequality. 
In the case of the social science × black author share and social science × authors' race diversity score, the positive sign reflects the conditional logic in my earlier reasoning: own-group research effects and diverse collaborative networks only predict occurrence of racial inequality research within social science where receptive journals, relevant funding, established scholarly communities support it. Outside social science, Id expect higher black author share or team diversity to add little predictive power. 
For news × paper inequality mentions, the positive sign follows from momentum: greater news coverage motivates researchers while a literature already saturated with inequality discourse may lower publication barriers. When both conditions are present simultaneously, they may have compounding effects. Keep in mind that I was forced by the survey to include a third interaction. If not, I’d have only listed the first two interactions. ","social_science,engineering_and_technology,female,news_inequality_mentions_3_years,paper_inequality_mentions_3_years",1,,5,,3,,,,,,,4,2,+,,-,,+,,,,,,,+,+,"I believe them all to positively predict whether a paper discusses gender inequality, with the exception of engineering_and_technology which is expected to negatively predict. 
Social science would be again the strongest predictor since the topic is fundamentally a social phenomenon and the keywords given almost exclusively studied within disciplines like sociology, political science, economics, and psychology. 
While natural science — particularly medicine and biology — does engage with gender-related topics such as sex differences in health outcomes, the keyword list used to classify papers as discussing gender inequality is heavily sociological in framing, comprising terms like ""patriarchy,"" ""feminist,"" ""gender-based violence,"" and ""mansplaining"" . Knowing the natural sciences a bit, those terms would almost never appear in those abstracts  For this reason I do not include natural science as a predictor. Not because I think this field doesn’t study gender inequality, but instead as a result of the keywords. 
Similar to what I answered for race, paper inequality mentions reflects academic field momentum. When inequality is already elevated within the literature, individual researchers are more likely to engage with it. 
News inequality mentions shapes research agendas as well for similar reasons as mentioned for race. Greater media coverage of gender injustice (e.g., high-profile events like #MeToo) motivates researchers to respond, increasing the odds that papers published in subsequent years. 
Female author share would again reflect well-documented own-group research effects whereby female scholars are more likely to study topics directly relevant to their own experiences. Similar to race, Id expect this effect to be conditional on being within social science, where the discipline support the topics listed in your keywords. Outside social science, higher female author share may add little predictive power. 
Finally, Id expect engineering_and_technology to negatively predict albeit weaker. To my knowledge, papers in engineering almost never discuss gender inequality as a topic, because that conversation is institutionally located in social science rather than engineering.","Social Science (X1) → (+) Discusses Gender Inequality (Y)
News Inequality Mentions 3 Years (X2) → (+) Paper Inequality Mentions 3 Years (X3) → (+) Discusses Gender Inequality (Y)
News Inequality Mentions 3 Years (X2) → (+) Discusses Gender Inequality (Y)
Social Science (X1) × Female Author Share (X4) → (+) Discusses Gender Inequality (Y)
Social Science (X1) × Engineering and Technology (X5) → (–) Discusses Gender Inequality (Y)
Engineering and Technology (X5) → (–) Discusses Gender Inequality (Y)","social_science,female","social_science,news_inequality_mentions_3_years","news_inequality_mentions_3_years,paper_inequality_mentions_3_years",+,+,+,"For social science × female author share, the positive sign follows a similar rationale as for race reflecting own-group research effects for female scholars are only meaningfully activated within social science where journals, funding, and established communities support gender inequality research. 
For social science × news inequality mentions, the positive sign reflects that salience in news have a stronger effect on social science researchers than other disciplines as they are more motivated to respond to greater media coverage of gender injustice and so the two reinforce each other’s effects. 
For news × paper inequality mentions, the positive sign follows from the same logic again: greater news coverage motivates researchers while a literature already full of inequality discourse lowers publication barriers. When both conditions are present simultaneously, they should have compounding effects. ","The results partially confirm but also diverge from my predictions. Social science ranking first is fully consistent with my theory and provides validation of the disciplinary domain hypothesis. Black author share appearing with a positive sign also aligns with my expectations, albeit ranked lower than I anticipated.
The most surprising divergences are the absence of both paper and news inequality mentions, and the prominence of author demographic features I did not anticipate. 
Female author share ranking second is unexpected; I associated own-group research effects primarily with Black authors for racial inequality research, but the ML suggests otherwise. Perhaps this reflects broader solidarity dynamics across marginalised groups. 
Country race diversity score and Asian author share also outperforming the temporal features was surprising. The country diversity score may be capturing something about internationally diverse teams being more attuned to racial inequality globally. 
The positive Asian coefficient is counterintuitive given that Asian scholars are not typically the primary focus of racial inequality research in Western contexts — though it may reflect researchers from racially diverse countries bringing comparative perspectives on race.
The absence of temporal features suggests field momentum and media salience may operate more weakly than I anticipated. Its also possible that their effects are absorbed by the demographic features.","The evidence – assuming well validated and robust – could lead me to partially revise my theory. Social science remains the strongest predictor for the same reason as before — racial inequality as a research topic is almost exclusively within social science, making this the strongest structural filter. 
Female author share ranking second was unexpected but theoretically interpretable — female scholars may show solidarity across marginalised groups, making them more likely to engage with racial inequality research beyond their own-group interests. Its also possible that they may be more likely to work on topics that span gender and race. 
Country race diversity score ranking third suggests that researchers inferred to come from racially diverse countries bring cross-cultural perspectives that motivate them to racial inequality as a research topic. 
Asian author share ranking fourth is the most surprising finding — one plausible explanation is that Asian scholars working in Western academic institutions, where they constitute a visible minority, may be more attuned to racial dynamics and motivated to study them. 
Black author share ranking fifth remains consistent with my original own-group research effects hypothesis. I retain my original view that the temporal features — paper and news inequality mentions — are theoretically meaningful predictors, but acknowledge that their year-level rather than paper-level variation may have weakened their performance relative to other features that vary paper-by-paper.","Social Science (X1) → (+) Discusses Racial Inequality (Y)
Female (X2) → (+) Discusses Racial Inequality (Y)
Country Race Diversity Score (X3) → (+) Discusses Racial Inequality (Y)
Asian (X4) → (+) Discusses Racial Inequality (Y)
Social Science (X1) × Black Author Share (X5) → (+) Discusses Racial Inequality (Y)","The results are partially validating but contain one notable surprise. The top two interactions — social science × paper inequality mentions and social science × news inequality mentions — confirm that the temporal features I originally theorised do matter, but operate through interaction with disciplinary domain rather than as standalone main effects. That’s actually coherent: social science researchers may be most responsive to field momentum and public salience, so it makes sense these effects are amplified within social science specifically.
The most surprising finding is the negative sign on female × social science. This is counterintuitive — I expected female authorship to amplify the odds of discussing racial inequality within social science, but the ML suggests it actually dampens it. Maybe some sort of a substitution effect, such that female social science authors are more likely to focus on gender inequality? ","I update my two core interactions to social science × paper inequality mentions and social science × news inequality mentions, both taking a positive sign. This validates my original intuition that temporal features matter, but clarifies that their effect is conditional on disciplinary domain. 
I did not expect a negative female × social science interaction. A plausible post-hoc explanation could be that female authors within social science may be more likely to focus on other inequality topics, redirecting research attention away from racial inequality specifically. 
I understand the ML found no support for the black author share as second-order interactions, though I maintain that black author share retains a meaningful main effect.","Run logistic regression of whether a paper discusses racial inequality on all key predictors — social science, female, country race diversity score, asian, and black author share — including an interaction term between social science and black author share to test whether the demographic effect is truly conditional on disciplinary domain. 
Another idea would be to use country race diversity score as an instrumental variable for black and asian author share to address the fact that author race is estimated with noise rather than directly observed. This may also give cleaner causal estimates. 
In addition, one could exploit year of publication to construct a natural experiment around high-salience events like George Floyd's death in 2020, testing whether social science papers spiked disproportionately relative to other disciplines. 
I considered whether a stronger experimental test was possible (e.g., randomly exposing researchers to injustice news and measuring research topic preferences), but couldn’t think of a way to make this feasible given that the core predictors — author race, gender, and disciplinary affiliation — are fixed and cannot be randomly assigned in a lab setting.",Directly observed author race and gender rather than the noisy estimates would allow cleaner tests of own-group effects. Funding source data could test whether minority or diverse author teams are differentially able to attract support for racial inequality research.,"The results are partially validating. Social science ranking first fully confirms my prediction. Female author share and paper inequality mentions both appearing with positive signs also aligns with my theory, though female ranked higher than I expected at second rather than fourth. The absence of news inequality mentions is surprising given I ranked it high. Perhaps similar to racial inequality, it may operate through interaction with disciplinary domain rather than as a main effect.
The most interesting finding is natural science appearing with a negative sign rather than engineering and technology, which I had predicted as my negative anchor. This partially validates my keyword argument where I suggested that that gender inequality as operationalised by these keywords would rarely appear in natural science abstracts, and the ML confirms a negative association. However I chose engineering as my negative predictor precisely because I thought it was the cleanest exclusion, so finding natural science as the stronger negative predictor was unexpected. It may also suggests that the keyword framing argument applies even more forcefully to natural science than I anticipated. Finally, asian author share appearing is unexpected and mirrors the racial inequality case and similar minority dynamics may be at play here.","The new evidence could lead me to partially revise my theory. Social science remains the strongest predictor for the same reasons as before. I update my negative predictor from engineering_and_technology to natural_science, perhaps this is because the sociological framing of the keyword list works against natural science papers. This logic is actually consistent with my earlier reasoning about keywords, but I had drawn the wrong conclusion by excluding rather than including it as a negative predictor. 
Female author share and paper inequality mentions are confirmed with positive signs as expected. I additionally accept asian author share as a positive predictor, with the same minority visibility explanation as in the racial inequality case. News inequality mentions can be dropped as a standalone main effect, but potentially may still operate through interaction with social science.","Social Science (X1) → (+) Discusses Gender Inequality (Y)
Female (X2) → (+) Discusses Gender Inequality (Y)
Natural Science (X3) → (–) Discusses Gender Inequality (Y)
Asian (X4) → (+) Discusses Gender Inequality (Y)
Paper Inequality Mentions 3 Years (X5) → (+) Discusses Gender Inequality (Y)
Social Science (X1) × Female (X2) → (+) Discusses Gender Inequality (Y)
Social Science (X1) × News Inequality Mentions 3 Years (X6) → (+) Discusses Gender Inequality (Y)","The interaction results closely mirror racial inequality, which is validating. Social science × paper inequality mentions and social science × news inequality mentions both confirming as positive interactions supports my updated theory that temporal features operate through disciplinary context rather than as standalone effects. 
The negative female × social science interaction is again surprising. One plausible explanation could be that female authors in social science redirect research attention toward other inequality topics, dampening the expected own-group effect on gender inequality?","The evidence could lead me to revise my theory. I’d replace my original interactions with social science × paper inequality mentions and social science × news inequality mentions, both positive, confirming that temporal features operate through disciplinary context (not as main effects). In addition, I might accept the unexpected negative female × social science interaction, explained by female social science authors potentially redirecting attention toward other inequality topics rather than gender inequality specifically.","Simailr as for race. Run a regression of whether a paper discusses gender inequality on all key predictors, including an interaction term between social science and female author share to test whether the negative substitution effect is conditional on domain. To address measurement noise in the author demographic variables, one should use country race diversity score as an instrumental variable for asian and female author share. 
In addition, one could also exploit year of publication to construct a natural experiment around high-salience gender events like #MeToo, testing whether social science papers spiked disproportionately relative to other disciplines afterward. 
I also didn’t think experimental test were feasible here for same reasons as for race. ",Directly observed author gender and race. Funding source data to test whether female or diverse author teams are similarly able to attract support for gender inequality research.,Theories proposed by GenAI models after reviewing (1) the machine-learning results and (2) the revised theories of human experts who have reviewed the machine-learning results,Theories proposed by GenAI models after reviewing (1) the machine-learning results and (2) the revised theories of human experts who have reviewed the machine-learning results,"Super interesting approach, really enjoyed it!",49,Male,Netherlands,Singapore,35,2005,OB,1,1,5,INSEAD
1,Isabelle Solal,"social_science,natural_science,engineering_and_technology,female,black",2,1,5,,4,,3,,,,,,,+,-,-,,+,,+,,,,,,,"I would expect discipline to be a strong predictor of whether the paper concerns racial inequality. Racial inequality is a subject of study primarily in the social sciences (economics, sociology, social psychology), with less relevance to the natural sciences. I would expect engineering and technology to be less predictive than the natural or social sciences as papers in this area are broadly unlikely to address racial inequality, except to the extent that they might address racial inequality in access to technology and other similar topics.

I would expect author demographics to be predictive to the extent that research topics might be chosen based on their personal relevance to the author. This is most likely to be the case for authors who are directly affected by racial inequality, namely black authors. (Being white is likely to be less predictive as whites likely dominate the author population, and therefore numerically may also constitute a large proportion of authors working on racial inequality, as well as any other topics). Finally, I believe being female may have predictive power for two reasons: first, because women are more represented in the population of scholars in the social sciences (and in particular in sociology and social psychology); and second, because questions of social inequality are among the topics that may be perceived as more ""feminine"" (because other-focused, communal, etc) and, through the effect of social expectations, likely to attract female scholars.","social sciences ->(+) field relevance ->(+) racial inequality
natural sciences ->(-) field relevance ->(-) racial inequality
black ->(+) personal experience of racial inequality -> (+)racial inequality
female -> (+) representation in social sciences ->(+) racial inequality
female -> (+) gender congruent research topic ->(+) racial inequality","social_science,black","natural_science,black","social_science,female",+,-,+,"I expect the interaction between author demographics and discipline to matter. Thus, the likelihood of black (or female) predicting that the paper will discuss racial inequality will increase if the paper is in social sciences, and decrease if the discipline is the natural sciences.","social_science,natural_science,engineering_and_technology,female,news_inequality_mentions_3_years",2,1,4,,3,,,,,,,5,,+,-,-,,+,,,,,,,+,,"Again, I would prioritize discipline as the primary predictor of the subject matter of the article, with gender inequality being a topic of study in the social sciences to a much larger extent than in the natural sciences, or in engineering and technology. I also predict that women are more highly represented among authors of gender inequality papers, because they are more represented in the field, because inequality is generally congruent with female stereotypes, and because they are directly concerned by the subject matter. Finally, I expect that increased media interest in gender issues may motivate other (male) authors to investigate gender effects in their area of study.","natural sciences -> (-) topic relevance -> (-) gender inequality
engineering -> (-) topic relevance -> (-) gender inequality
social sciences -> (+) topic relevance -> (+) gender inequality
female -> (+) personal experience ->(+) gender inequality
female -> (+) gender congruence ->(+) gender inequality
female -> (+) representation in social sciences ->(+) gender inequality
news attention ->(+) perceived impact/relevance of subject matter -> (+) gender inequality","social_science,female","natural_science,female","social_science,news_inequality_mentions_3_years",+,-,+,"I expect discipline and author gender to interact such that female authorship will increase the likelihood of a paper being about gender inequality much more so in the social sciences than in the natural sciences. Likewise, news attention will have more predictive power if the paper is in the social sciences.","I had not predicted the effect of country-level racial diversity. I expect this might have an effect through personal experience of racial inequality, which more likely in countries with a racially diverse population than in racially homogeneous countries.

I am surprised by the effect of Asian authors, as I had assumed most Asian authors come from Asia, where I would not expect significant personal experience of racial inequality. Perhaps more Asian authors United States citizens than I had expected, or experienced racial inequality upon arrival during their academic careers.","Social science strongly predicts the paper topic as social inequality (including racial inequality) is an area of study across a number of social science disciplines. Author demographics are also predictive of a paper's subject-matter, as authors with more personal experience with racial inequality are more likely to engage in research with this area. At the same time, being a woman is also predictive, both because of higher female representation in the social sciences and because of inequality being perceived as a more ""feminine"" research area, thus attracting (and retaining) more female scholars.","social sciences ->(+) topic relevance ->(+) racial inequality
black / asian / country diversity -> (+) personal experience with racial inequality -> (+) racial inequality
female -> (+) representation in social sciences -> (+) racial inequality
female -> (+) gender congruence of inequality research -> (+) racial inequality","I can see why media or news attention to racial inequality would make the topic of increased relevance within the social sciences, leading to a positive second order interaction
The negative second order interaction with female shows that I made a silly statistical reasoning error: if women are more represented in social sciences, then being a woman should become less predictive once we know the paper is a social sciences paper.","News and academic attention will lead more scholars from within the social sciences to conduct research on racial inequality, resulting in a positive interaction effect between the two.

Being a female will be less predictive of paper topic in the social sciences, as women are more highly represented in those fields.","In order to test whether the relationship between authors being Asian and the paper topic is mediated by personal experience with racial inequality, I would propose natural experiment DiD tests based on the years in which various policies/events considered detrimental to Asian students or Asian immigrants more generally occurred. One such event might be the Covid-19 pandemic, which led to anti-Asian sentiment in the United States. Unfortunately the data coverage stops in 2020.","I would expect racial inequality to be experienced most prominently by authors who have a lower SES background, or authors who are first or second-generation immigrants to the country in which they reside. Interaction effects between author race and these additional demographic indicators would provide supportive evidence of the role of personal experience of racial inequality.","I am surprised by the effect of Asian authorship, and struggle to articulate why this would predict the paper being about gender inequality.","Again, I would prioritize discipline as the primary predictor of the subject matter of the article, with gender inequality being a topic of study in the social sciences to a much larger extent than in the natural sciences. I also predict that women are more highly represented among authors of gender inequality papers, because inequality is generally congruent with female stereotypes, and because they are directly concerned by the subject matter. Finally, increased academic interest in gender issues may motivate other (male) authors to investigate gender effects in their area of study.","social sciences ->(+) topic relevance -> (+) gender inequality
natural sciences ->(-) topic relevance -> (-) gender inequality
female -> (+) gender congruence of topic / personal experience -> (+) gender inequality
academic attention -> (+) perceived potential for research impact -> (+) gender inequality
",The positive interaction effect between discipline and media/academic attention is consistent with my prior theorizing. Once again I made a statistical inference error on the interaction between female / social sciences.,"Increased attention to gender inequality (from the media and in academic literature) will increase the probability of the paper being about gender inequality much more so in the social sciences than elsewhere. The predictive power of female authorship will decrease, however, as women are more highly represented in the social sciences.","I am not seeing how to test the theory with the features listed below, or the years, as women's experience of gender inequality is likely to be relatively constant over the time period (events such as #metoo would confound media attention and possibly becoming alerted to the inequality one has experienced). ","Gender equality measures at the country level could proxy the experience of gender inequality. If these interact with female authorship, this could support the theory that personal experience mediates the relationship between gender and topic.",Theories proposed by GenAI models after reviewing (1) the machine-learning results and (2) the revised theories of human experts who have reviewed the machine-learning results,Theories proposed by human experts after reviewing the machine-learning results,No further comments,48,Female,France,France,42,2019,Management,0,2,4,ESSEC Business School
1,Jay Hardy,"social_science,natural_science,black,news_inequality_mentions_3_years,paper_inequality_mentions_3_years",1,5,,,,,2,,,,,3,4,+,-,,,,,+,,,,,+,+,"Similar to gender, I expect that the relevance of these topics will be more pronounced in the social sciences (where it is an established topic of study) and will follow the tendencies of me-search (i.e., issues of racial inequality will be more personally relevant to black academics) and the flow of trends","Social Science -> higher relevance of racial inequality as a topic of study -> higher probability paper mentions racial inequality
Number of mentions -> higher relevance of racial inequality as a topic of study -> higher probability paper mentions racial inequality
Black -> higher individual  relevance of racial inequality as a topic of study -> higher probability paper mentions racial inequality","social_science,black","black,news_inequality_mentions_3_years","social_science,paper_inequality_mentions_3_years",+,+,+,"As with gender, I think the combination of field relevance and personal relevance will have an interactive effect causing black academics in the social science to be more likely than their counterparts (i.e., non-black, non-social sciences) to produce papers related to racial inequality. Similarly, I think the notion of me-search will mean that mentions of inequality in the news will make the topic more salient for these academics. Finally, the tendencies of trends in a literature will lead to a rapid initial upsurge in inequality papers to start followed by a tapering off as the field becomes satuated.","social_science,engineering_and_technology,female,news_inequality_mentions_3_years,paper_inequality_mentions_3_years",1,,5,,3,,,,,,,2,4,+,,-,,+,,,,,,,+,+,"Gender bias is a topic that touches all scientific disciplines, but it seems most relevant to the social sciences. The mention of inequality correlates to the ""trendiness"" of a topic, which has an disproportionate influence on the things scholars tend to gravitate toward in an attempt to make a novel impact in an area not already crowded. The higher ranking of females here relates to the notion of ""me-search"" and the tendency of scholars to be most interested in topics that are highly related to their own lived experiences.","Mentions of gender relations -> higher perceived relevance of topic -> increased probability a paper mentions gender

Female scholar -> higher perceived relevance of topic -> increased probability a paper mentions gender

Social science vs. natural science -> higher perceived relevance of topic -> increased probability a paper mentions gender","female,news_inequality_mentions_3_years","social_science,female","social_science,paper_inequality_mentions_3_years",+,+,+,"I expect that the relevance of news mentions will be more pronounced for female scholars because the updates will be more salient for them. Similarly, I think the social sciences will be particularly fertile ground for these studies, and that female scientists will be more likely to pursue such studies in that domain compared to other. I also thing there will be a somewhat curvilinear effect of prior mentions in the social sciences where a trend will emerge reaching a critical mass before dropping off later on.","These results again converge with my expectations, though i did not predict the country race diversity score originally. However, the finding is rational and intuitive. It was just not one that immediately popped to front of mind. The relevance of female is not one that I predicted, however, it intuitive based on the clustering of social justice topics.","Similar to gender, I expect that the relevance of these topics will be more pronounced in the social sciences (where it is an established topic of study) and will follow the tendencies of me-search (i.e., issues of racial inequality will be more personally relevant to black academics) and the flow of trends. In addition, this topic will be more relevant among academics in more diverse countries, where racial tensions are an experience more widely shared among the population.
","Social Science -> higher relevance of racial inequality as a topic of study -> higher probability paper mentions racial inequality
Number of mentions -> higher relevance of racial inequality as a topic of study -> higher probability paper mentions racial inequality
Black -> higher individual  relevance of racial inequality as a topic of study -> higher probability paper mentions racial inequality
Racial diversity in country -> higher relevance of racial inequality as a topic of study -> higher probability paper mentions racial inequality","Same as before, the first two results were consistent with my predictions. The third one was not. Again, I don't have a great explanation for this finding. It may be a representation issue but its hard to say for sure.","In the social sciences, an uptick in coverage of racial inequality (in either the news or in the academic literature) will create a trend, which will attract authors to the topic.","'- I would test these predictions with a general linear model with paper mentions as a dichotomous outcome (1 indicates paper mentions racial injustice). 

again, year_of_publication would be included in the model coded 0-20 (corresponding to year) as a trajectory control. 

social science, racial diversity in country, and paper_inequality_mentions_3years (both in news and in the literature) would be included as main effects
an interaction term of social science, and paper_inequality_mentions_3years would be included as second order effect

The other pink variables (e.g., natural_science, asian, female black, etc.) would be included as controls. The exception to this would be the authors_race_diversity_score variables as those are less relevant for gender inequality

A main effect of racial diversity in country would support one of my predictions
The presence of an interaction between social science and 3 3 year mentions would also support my predictions ","Relevance is subjective and would be harder to test as a mechanism in this study. I might consider conducting another study on a subsample of academics measuring subjective relevance. Again, I would test and expect to see indirect effects here to support these findings","I believe these largely coincide with my predictions. I did not expect the asian predictor to rate in the top five but given that social justice topics tend to cluster, this finding is reasonable to me. I was suprised that mentions in the news did not rank in the top five. I suppose this a result of the research cycle moving slower than the news cycle.","Gender bias is a topic that touches all scientific disciplines, but it seems most relevant to the social sciences. The mention of inequality within a given subject area correlates to the ""trendiness"" of a topic, which has an disproportionate influence on the things scholars tend to gravitate toward in an attempt to make a novel impact in an area not already crowded. The higher ranking of females here relates to the notion of ""me-search"" and the tendency of scholars to be most interested in topics that are highly related to their own lived experiences.","Mentions of gender relations in a literature  -> higher perceived relevance of topic -> increased probability a paper mentions gender

Female scholar -> higher perceived relevance of topic -> increased probability a paper mentions gender

Social science vs. natural science -> higher perceived relevance of topic -> increased probability a paper mentions gender","The first two findings converge with my expectations. However, I'm having trouble reconciling the third finding. Perhaps the explanation for this is that female scholars have generally higher levels of representation among faculty in the social sciences. I'm not entirely confident in this explanation.",Social science trends often follow concepts most relevant in society within their disciplines at a given moment. This is particularly true of gender inequality. Mentions (either in the discipline or news media) inspire additional investigation which increase the relative proportion of papers on that topic.,"'- I would test these predictions with a general linear model with paper mentions as a dichotomous outcome (1 indicates paper mentions gender). 

year_of_publication would be included in the model coded 0-20 (corresponding to year) as a trajectory control. 

female, social science, and paper_inequality_mentions_3years would be included as main effects

The other variables (e.g., natural_science, asian, black, etc.) would be included as controls. The exception to this would be the authors_race_diversity_score variables as those are less relevant for gender inequality

Significant positive main effects of female, social science, and paper_inequality_mentions_3year would support my findings, though ideally I would have access to measures of mediators I proposed to truly test my predictions","As I mentioned before, I would prefer to add additional mediators included in my model (e.g., perceived meaningfulness) to my tests, though those would probably need to be collected in a subset data collection. Here I would expect to see that the effects of the main effect on the DV had an indirect effect on the mediator.",Theories proposed by GenAI models after reviewing (1) the machine-learning results and (2) the revised theories of human experts who have reviewed the machine-learning results,Theories proposed by GenAI models after reviewing the machine-learning results,Very interesting study. The performance of the ML model very impressive. I expect it won't be long before AI outperforms human experts (assuming they don't already). I look forward to seeing the results.,39,Male,United States of America,United States of America,39,2015,Organizational behavior,0,3,,Oregon State University
1,Sunny Lee,"social_science,female,black,authors_race_diversity_score,paper_inequality_mentions_3_years",1,,,,4,,3,,,5,,,2,+,,,,+,,+,,,-,,,+,"1. social science: Compared to other fields, research in social science is more likely to foucs on the topics of diversity, social stratification, and discrimnation, making the discussion of racial inequality more probable (cf. controlling for the number of publications by field; or measured by ratios).

2. paper_inequality_mentions_3_years: At least in the social sciences, research trends show a degree of path dependency. That is, the more papers have discussed inequality-related topics in recent years, the more likely new papers are to discuss racial inequality as well.

3. black: This is based more on observation than theory-driven reasoning, but Black scholars seem more likely to write papers on racial inequality on black versus white than other ethnic minority scholars.

4. female: Women remain underrepresented in many fields including academia, which may make female scholars more sensitive to a broader range of inequality issues, including racial inequality.

5. authors_race_diversity _score: I am not sure of directions of this effect. On the one hand, greater racial diversity among authors, compared with all White author teams, may make papers more likely to address racial inequality. On the othe hand, racially diverse coauthor teams, compared with the author team composed of members of the same racial minority group, may lead to less discussion of racial inequality, as there may be conflicting views about which ethnic groups face the most severe inequality.","Main effects:
X1 social_science → (+) Y = racial inequality mentions
X2 paper_inequality_mentions_3_years → (+) Y
X3 black → (+) Y
X4 female → (+) Y
X5 authors_race_diversity_score → (+) Y 

Process Models
X1→ (+) X2→ (+) Y
X1→ (+) X4→ (+) Y
X1→ (+) X5→ (+) Y


","social_science,paper_inequality_mentions_3_years","social_science,black","social_science,female",+,+,+,"social science x paper_inequality_mentions_3_years: The positive effect of this interaction should be likely as the advancement of scientific knowledge is often shaped by paradigms that guide which topics are seen as important and legitimate (Kuhn, 1997). In addition, higher levels of prior inequality-related research may signal greater funding availability for these topics, which can further encourage subsequent work.

social science x black: The logic here is simply the combination of two positive effects.

social science x female: The logic here is simply the combination of two positive effects.","social_science,female,authors_race_diversity_score,news_inequality_mentions_3_years,paper_inequality_mentions_3_years",1,,,,3,,,,,4,,5,2,+,,,,+,,,,,+,,+,+,"1. social science: Compared to other fields, research in social science is more likely to foucs on the topics of diversity, social stratification, and discrimnation, making the discussion of gender inequality more probable (cf. controlling for the number of publications by field; or measured by ratios). 

2. paper_inequality_mentions_3_years: At least in the social sciences, research trends show a degree of path dependency. That is, the more papers have discussed inequality-related topics in recent years, the more likely new papers are to discuss gender inequality as well. 

3. female: Women remain underrepresented in many fields including academia, which may make female scholars more sensitive to the topics of gender inequalities as well as other inequality topics.

4. authors_race_diversity _score: Greater racial diversity among authors, compared with all-White author teams, may make the team more attentive to inequality-related issues more broadly, including gender inequalities.

5. news_inequality_mentions_3_years: Greater news attention to inequality in the preceding three years may increase the salience of inequality-related issues and encourage research on them. However, media effects (by observation) may be topic-specific, such that gender-related news increases research on gender inequality, whereas racial news increases research on racial inequality.","Main effects: 
X1 social_science → (+) Y = gender inequality mentions 
X2 paper_inequality_mentions_3_years → (+) Y 
X3 female → (+) Y 
X4 authors_race_diversity_score → (+) Y 
X5 news_inequality_mentions_3_years → (+) Y 

Process Models 
X1→ (+) X2→ (+) Y 
X1→ (+) X4→ (+) Y 
X1→ (+) X5→ (+) X2 → (+) Y ","social_science,female","social_science,paper_inequality_mentions_3_years","social_science,news_inequality_mentions_3_years",+,+,+,"social science x paper_inequality_mentions_3_years: The positive effect of this interaction should be likely as the advancement of scientific knowledge is often shaped by paradigms that guide which topics are seen as important and legitimate (Kuhn, 1997). In addition, higher levels of prior inequality-related research may signal greater funding availability for these topics (including both gender and ethnic inequalities), which can further encourage subsequent work. 

social science x news_inequality_mentions_3_years: The positive effect of this interaction is likely because news attention to inequality may make inequality-related issues more salient in society, affecting trends in academic research.

social science x female: The logic here is simply the combination of two positive effects. social science x female: The logic here is simply the combination of two positive effects.","Three of my predictions worked regarding the positive effect of social science, black, and female.

It was interesting to find that asian appeared as a positive predictor, since I had thought that Asian scholars do not write enough about racial inequalities, especially from an Asian perspective. But this makes a sense and it was not a surprise.

On the other hand, it was surprising to see that ""paper_inequality_mentions_3_years"" was not a strong predictor.

Overall, some degress of divergence may be because the machine-learning model identifies the most predictive variables rather than the most theoretically central ones, and because some predictors may overlap empirically, causing certain effects to be absorbed by others. It is also possible that my reasoning was not strong enough.","Although paper_inequality_mentions_3_years was not identified as a top predictor by the machine-learning model, I do not plan to revise my theory. I still believe it is theoretically important because research trends often show path dependency, such that prior attention to inequality increases the likelihood that subsequent papers will also address inequality-related topics.

I am willing to add the prediction on country_race_diversity_score. It may positively predict racial inequality mentions because authors linked to countries with more racially diverse populations are more likely to be exposed to race as a visible and socially consequential dimension of inequality. ","I will keep the original models but add the following: country_race_diversity_score  → (+) Y
","Two of my models align with those by ML.
The additional one-- the interaction between social science x new mention is not surprising, as I had thought of prioritizing it.","I will keep my original models, but will add the model regarding the interaction between news_inequality_mentions_3_years and social science.","A simple way to test my revised theory is to run a logistic regression in which the dependent variable equals 1 if a paper mentions racial inequality and 0 otherwise. To test my revised theory more specifically, I would pay particular attention to the coefficients for social_science, paper_inequality_mentions_3_years, female, black, and authors_race_diversity_score, and news_inequality_mentions_3_years as well as the key interactions I theorized.
But the models would include all relevant predictors available, if required, using dummy variables.","First, I would add a more specific measure of prior racial-inequality research, rather than general inequality mentions, because my argument concerns racial inequality in particular. Second, for the same reason, I would include more specific news attention to racial inequality, rather than general inequality news, to test whether public salience is topic-specific. Third, I would add variables capturing authors’ prior publication history on race, gender and other inequality topics. Fourth, I would include journal-level characteristics, such as whether the journal explicitly welcomes work on social issues, diversity, or inequality. In addition, one natural experiment could strengthen the test of my theory by comparing patterns before and after the George Floyd event.","Three of my predictions were supported, namely the positive effects of social_science, female, and paper_inequality_mentions_3_years.

It was interesting to see that asian emerged as a positive predictor. However, this finding still makes sense to me, as being a racial minority can make authors more sentitive to and engaged with the topics of gender inequalities.

Although out of my predictions, the ML's prediction that papers published in natural science fields are less likely to discuss gender inequality was not counterintuitive.

As in the case of the racial inequality exercises, this divergence may be because the machine-learning model identifies the most predictive variables rather than the most theoretically central ones, and because some predictors may overlap empirically, causing certain effects to be absorbed by others. It is also possible that my reasoning was not strong enough.
",I don't plan to revise my theories.,I don't plan to update my diagram,"Most of my predictions align with the ML results.
The main divergence concerns the interaction between female and social_science such that the direction is opposite.
One possible explanation is that the effects of female authorship and social_science partly overlap. Because social-science papers are already more likely to discuss gender inequality, the additional contribution of female authorship may be smaller within social science than outside it. ","I do not plan to revise my theory. As noted above, the negative interaction between social_science and female in the ML results may simply indicate that the marginal effect of female authorship is smaller in the social sciences than in other disciplines. However, this does not imply that the effect of female authorship becomes negative within the social sciences. I still believe that, within social-science fields, a higher share of female authors is positively associated with the likelihood that a paper discusses gender inequality. Thus, I interpret the ML result as suggesting a weaker incremental effect in social science rather than a contradiction of my original theoretical logic.","A simple way to test my revised theory is to run a logistic regression in which the dependent variable equals 1 if a paper mentions gender inequality and 0 otherwise. To test my theory more specifically, I would pay particular attention to the coefficients for social_science, paper_inequality_mentions_3_years, news_inequality_mentions_3_years, female, authors_race_diversity_score and their interaction term.
","First, I would add a more specific measure of prior gender-inequality research, rather than general inequality mentions, because my argument concerns gender inequality in particular. 

Second, I would include more specific news attention to gender inequality, rather than general inequality news, to test whether public salience is topic-specific. 

Third, I would add variables capturing authors’ prior publication history on gender, inequality, or discrimination, because scholars who have already worked on these topics are more likely to continue doing so.

In addition, the #MeToo movement in 2017 could be used as a natural experiment. Comparing papers published before and after 2017 could test whether this exogenous increase in salience made papers more likely to discuss gender inequality possibly via the process of media exposure.",Theories proposed by GenAI models after reviewing (1) the machine-learning results and (2) the revised theories of human experts who have reviewed the machine-learning results,Theories proposed by GenAI models after reviewing (1) the machine-learning results and (2) the revised theories of human experts who have reviewed the machine-learning results,"Thank you for the intivation. It was an interesting study and highlights the limitations of relying only on ML results. 

In terms of the study design, the length may be problematic, as it could introduce fatigue in human evaluators, which in turn may affect the quality of human-AI collaboration.",48,Female,South Korea,United Kingdom of Great Britain and Northern Ireland,40,2014,OB,2,4,2,University College London